{"model": "cnn3_a10-4_avg_drop_128_7_l256_s1_d4_30_e300_glove840_trainable", "dataset": "h106_max_balanced_0_1_1", "congress": "106", "chamber": "House", "style": "max_balanced_0_1_1", "split": "train", "n": 27700, "TP": 12853, "FP": 966, "TN": 12884, "FN": 997, "precision": 0.9300962443013243, "recall": 0.928014440433213, "accuracy": 0.9291335740072202, "f1": 0.9290541761538184, "negative_accuracy": 0.9302527075812275, "balanced_accuracy": 0.9291335740072202, "AUC": 0.9837372649193916, "CI_95.0": [0.9826645872394693, 0.984809942599314]}