{"model": "cnn3_a10-4_avg_drop_128_7_l256_s1_d4_30_e300_glove840_trainable", "dataset": "h112_max_balanced_0_1_1", "congress": "112", "chamber": "House", "style": "max_balanced_0_1_1", "split": "train", "n": 26090, "TP": 11885, "FP": 647, "TN": 12398, "FN": 1160, "precision": 0.9483721672518353, "recall": 0.9110770410118819, "accuracy": 0.9307397470295132, "f1": 0.929350588419283, "negative_accuracy": 0.9504024530471445, "balanced_accuracy": 0.9307397470295132, "AUC": 0.9850715621442481, "CI_95.0": [0.9840372827621127, 0.9861058415263835]}