{"model": "cnn3_a10-4_avg_drop_128_7_l256_s1_d4_30_e300_glove840_trainable", "dataset": "h100_max_balanced_0_1_1", "congress": "100", "chamber": "House", "style": "max_balanced_0_1_1", "split": "train", "n": 26218, "TP": 11396, "FP": 811, "TN": 12298, "FN": 1713, "precision": 0.9335627099205374, "recall": 0.8693264169654435, "accuracy": 0.9037302616523, "f1": 0.9003002054036973, "negative_accuracy": 0.9381341063391563, "balanced_accuracy": 0.9037302616523, "AUC": 0.9699741333922344, "CI_95.0": [0.9682554143563711, 0.9716928524280977]}