{"model": "cnn3_a10-4_avg_drop_128_7_l256_s1_d4_30_e300_glove840_trainable", "dataset": "h114_max_balanced_0_1_1", "congress": "114", "chamber": "House", "style": "max_balanced_0_1_1", "split": "train", "n": 18990, "TP": 8883, "FP": 370, "TN": 9125, "FN": 612, "precision": 0.9600129687668865, "recall": 0.9355450236966825, "accuracy": 0.9482885729331227, "f1": 0.9476210795818221, "negative_accuracy": 0.9610321221695629, "balanced_accuracy": 0.9482885729331227, "AUC": 0.991471229695738, "CI_95.0": [0.990649780919125, 0.9922926784723509]}