{"model": "cnn3_a10-4_avg_drop_128_7_l256_s1_d4_30_e300_glove840_trainable", "dataset": "h103_max_balanced_0_1_1", "congress": "103", "chamber": "House", "style": "max_balanced_0_1_1", "split": "train", "n": 28186, "TP": 12892, "FP": 1626, "TN": 12467, "FN": 1201, "precision": 0.8880011020801764, "recall": 0.9147803874263819, "accuracy": 0.8997019797062371, "f1": 0.9011918492887351, "negative_accuracy": 0.8846235719860924, "balanced_accuracy": 0.8997019797062371, "AUC": 0.9674515015405691, "CI_95.0": [0.9657205404359996, 0.9691824626451386]}