{"model": "cnn3_a10-4_avg_drop_128_7_l256_s1_d4_30_e300_glove840_trainable", "dataset": "h109_max_balanced_0_1_1", "congress": "109", "chamber": "House", "style": "max_balanced_0_1_1", "split": "train", "n": 25802, "TP": 12243, "FP": 645, "TN": 12256, "FN": 658, "precision": 0.9499534450651769, "recall": 0.9489962018448183, "accuracy": 0.9495000387566855, "f1": 0.9494745821862034, "negative_accuracy": 0.9500038756685528, "balanced_accuracy": 0.9495000387566855, "AUC": 0.9908034059330779, "CI_95.0": [0.990012863423463, 0.9915939484426929]}