{"model": "cnn3_a10-4_avg_drop_128_7_l256_s1_d4_30_e300_glove840_trainable", "dataset": "h097_max_balanced_0_1_1", "congress": "097", "chamber": "House", "style": "max_balanced_0_1_1", "split": "train", "n": 23038, "TP": 10073, "FP": 754, "TN": 10765, "FN": 1446, "precision": 0.9303592869677658, "recall": 0.8744682698150881, "accuracy": 0.9045055994443962, "f1": 0.9015483755481964, "negative_accuracy": 0.9345429290737043, "balanced_accuracy": 0.9045055994443962, "AUC": 0.9703099378093745, "CI_95.0": [0.9685173776277312, 0.9721024979910178]}