{"model": "lstm_drop_128_b32", "dataset": "h106_bayram_1_1", "congress": "106", "chamber": "House", "bayram_1_1": "style", "split": "train", "n": 4000, "TP": 1948, "FP": 27, "TN": 1973, "FN": 52, "precision": 0.9863291139240506, "recall": 0.974, "accuracy": 0.98025, "f1": 0.980125786163522, "negative_accuracy": 0.9865, "balanced_accuracy": 0.9802500000000001, "AUC": 0.9983607500000001, "CI_95.0": [0.9977052342251858, 0.9990162657748145]}