{"model": "lstm_drop_128_b32", "dataset": "h114_bayram_1_1", "congress": "114", "chamber": "House", "bayram_1_1": "style", "split": "train", "n": 4000, "TP": 1950, "FP": 3, "TN": 1997, "FN": 50, "precision": 0.9984639016897081, "recall": 0.975, "accuracy": 0.98675, "f1": 0.9865924614217051, "negative_accuracy": 0.9985, "balanced_accuracy": 0.98675, "AUC": 0.9998602499999999, "CI_95.0": [0.9997596160489459, 0.9999608839510539]}