{"model": "lstm_drop_128_b32", "dataset": "h100_bayram_1_1", "congress": "100", "chamber": "House", "bayram_1_1": "style", "split": "train", "n": 4000, "TP": 1791, "FP": 1061, "TN": 939, "FN": 209, "precision": 0.6279803646563815, "recall": 0.8955, "accuracy": 0.6825, "f1": 0.738252267106348, "negative_accuracy": 0.4695, "balanced_accuracy": 0.6825, "AUC": 0.799562875, "CI_95.0": [0.786037549973614, 0.813088200026386]}