{"model": "lstm_drop_128_b32", "dataset": "h103_bayram_1_1", "congress": "103", "chamber": "House", "bayram_1_1": "style", "split": "train", "n": 4000, "TP": 1953, "FP": 45, "TN": 1955, "FN": 47, "precision": 0.9774774774774775, "recall": 0.9765, "accuracy": 0.977, "f1": 0.9769884942471235, "negative_accuracy": 0.9775, "balanced_accuracy": 0.9770000000000001, "AUC": 0.997272, "CI_95.0": [0.9963442382085304, 0.9981997617914697]}