{"model": "lstm_drop_128_b32", "dataset": "h097_bayram_1_1", "congress": "097", "chamber": "House", "bayram_1_1": "style", "split": "train", "n": 4000, "TP": 1983, "FP": 19, "TN": 1981, "FN": 17, "precision": 0.9905094905094906, "recall": 0.9915, "accuracy": 0.991, "f1": 0.9910044977511245, "negative_accuracy": 0.9905, "balanced_accuracy": 0.9910000000000001, "AUC": 0.9993395000000002, "CI_95.0": [0.9989379053091505, 0.9997410946908498]}