{"model": "lstm_drop_128_b32", "dataset": "h112_bayram_1_1", "congress": "112", "chamber": "House", "bayram_1_1": "style", "split": "train", "n": 4000, "TP": 1992, "FP": 16, "TN": 1984, "FN": 8, "precision": 0.9920318725099602, "recall": 0.996, "accuracy": 0.994, "f1": 0.9940119760479043, "negative_accuracy": 0.992, "balanced_accuracy": 0.994, "AUC": 0.9998345000000001, "CI_95.0": [0.9997134074780062, 0.999955592521994]}