{"model": "lstm_drop_128_b32", "dataset": "h109_bayram_1_1", "congress": "109", "chamber": "House", "bayram_1_1": "style", "split": "train", "n": 4000, "TP": 1907, "FP": 108, "TN": 1892, "FN": 93, "precision": 0.9464019851116625, "recall": 0.9535, "accuracy": 0.94975, "f1": 0.9499377334993773, "negative_accuracy": 0.946, "balanced_accuracy": 0.94975, "AUC": 0.9896965000000001, "CI_95.0": [0.9873920021773056, 0.9920009978226946]}