{"model": "models.sk_logistic", "dataset": "h112", "split": "train", "n": 4000, "TP": 1998, "FP": 2, "TN": 1998, "FN": 2, "precision": 0.999, "recall": 0.999, "accuracy": 0.999, "f1": 0.999, "negative_accuracy": 0.999, "balanced_accuracy": 0.999, "AUC": 0.999, "CI_95.0": [0.9980202631564499, 0.9999797368435501]}