{"model": "models.sk_logistic", "dataset": "h106", "split": "train", "n": 4000, "TP": 1784, "FP": 190, "TN": 1810, "FN": 216, "precision": 0.9037487335359676, "recall": 0.892, "accuracy": 0.8985, "f1": 0.8978359335681934, "negative_accuracy": 0.905, "balanced_accuracy": 0.8985000000000001, "AUC": 0.8985, "CI_95.0": [0.889141243777004, 0.9078587562229959]}