{"model": "models.sk_logistic", "dataset": "h103", "split": "train", "n": 4000, "TP": 1737, "FP": 320, "TN": 1680, "FN": 263, "precision": 0.8444336412250851, "recall": 0.8685, "accuracy": 0.85425, "f1": 0.8562977569632735, "negative_accuracy": 0.84, "balanced_accuracy": 0.85425, "AUC": 0.8542500000000001, "CI_95.0": [0.8433212867796511, 0.865178713220349]}