{"model": "models.sk_logistic", "dataset": "h100", "split": "train", "n": 4000, "TP": 1549, "FP": 446, "TN": 1554, "FN": 451, "precision": 0.7764411027568923, "recall": 0.7745, "accuracy": 0.77575, "f1": 0.7754693366708385, "negative_accuracy": 0.777, "balanced_accuracy": 0.7757499999999999, "AUC": 0.77575, "CI_95.0": [0.7628213891412062, 0.7886786108587939]}