{"model": "nn1000nd_tfidf", "dataset": "h097_bayram", "congress": "097", "chamber": "House", "bayram": "style", "split": "train", "n": 4000, "TP": 1987, "FP": 41, "TN": 1959, "FN": 13, "precision": 0.9797830374753451, "recall": 0.9935, "accuracy": 0.9865, "f1": 0.9865938430983119, "negative_accuracy": 0.9795, "balanced_accuracy": 0.9865, "AUC": 0.9992895, "CI_95.0": [0.9989205720875518, 0.9996584279124483]}