{"model": "nn1000hd_tfidf", "dataset": "h103_bayram", "congress": "103", "chamber": "House", "bayram": "style", "split": "train", "n": 4000, "TP": 1644, "FP": 412, "TN": 1588, "FN": 356, "precision": 0.7996108949416343, "recall": 0.822, "accuracy": 0.808, "f1": 0.8106508875739645, "negative_accuracy": 0.794, "balanced_accuracy": 0.808, "AUC": 0.8942932499999999, "CI_95.0": [0.884740809060352, 0.9038456909396478]}