{"model": "nnmulti_05", "dataset": "h112_max_balanced_0", "congress": "112", "chamber": "House", "max_balanced_0": "style", "split": "train", "n": 26090, "TP": 11254, "FP": 1674, "TN": 11371, "FN": 1791, "precision": 0.8705136138613861, "recall": 0.8627060176312763, "accuracy": 0.8671904944423151, "f1": 0.8665922303931005, "negative_accuracy": 0.8716749712533538, "balanced_accuracy": 0.867190494442315, "AUC": 0.9357860376874518, "CI_95.0": [0.9328982308437911, 0.9386738445311126]}