{"model": "nnmulti_05", "dataset": "h100_max_balanced_0", "congress": "100", "chamber": "House", "max_balanced_0": "style", "split": "train", "n": 26218, "TP": 10070, "FP": 1668, "TN": 11441, "FN": 3039, "precision": 0.8578974271596524, "recall": 0.7681745365779236, "accuracy": 0.8204668548325578, "f1": 0.8105606310621001, "negative_accuracy": 0.872759173087192, "balanced_accuracy": 0.8204668548325578, "AUC": 0.8823731771609934, "CI_95.0": [0.8781738076284599, 0.8865725466935269]}