{"model": "nnmulti_05", "dataset": "h114_max_balanced_0", "congress": "114", "chamber": "House", "max_balanced_0": "style", "split": "train", "n": 18990, "TP": 8284, "FP": 1311, "TN": 8184, "FN": 1211, "precision": 0.8633663366336634, "recall": 0.8724591890468668, "accuracy": 0.8671932596103212, "f1": 0.8678889470927187, "negative_accuracy": 0.8619273301737757, "balanced_accuracy": 0.8671932596103212, "AUC": 0.9343779839226931, "CI_95.0": [0.930913735000704, 0.9378422328446823]}