{"model": "nnmulti_05", "dataset": "h106_max_balanced_0", "congress": "106", "chamber": "House", "max_balanced_0": "style", "split": "train", "n": 27700, "TP": 11477, "FP": 2199, "TN": 11651, "FN": 2373, "precision": 0.8392073705761919, "recall": 0.8286642599277978, "accuracy": 0.8349458483754513, "f1": 0.8339024921892029, "negative_accuracy": 0.8412274368231047, "balanced_accuracy": 0.8349458483754513, "AUC": 0.908492165934653, "CI_95.0": [0.9050451980257678, 0.9119391338435382]}