{"model": "nnmulti_05", "dataset": "h097_max_balanced_0", "congress": "097", "chamber": "House", "max_balanced_0": "style", "split": "train", "n": 23038, "TP": 8662, "FP": 2580, "TN": 8939, "FN": 2857, "precision": 0.7705034691336061, "recall": 0.7519749978296727, "accuracy": 0.7639986109905373, "f1": 0.7611264882913756, "negative_accuracy": 0.776022224151402, "balanced_accuracy": 0.7639986109905373, "AUC": 0.8331276066301447, "CI_95.0": [0.8279243317761167, 0.8383308814841728]}