{"model": "nnmulti_05", "dataset": "h103_max_balanced_0", "congress": "103", "chamber": "House", "max_balanced_0": "style", "split": "train", "n": 28186, "TP": 12525, "FP": 3555, "TN": 10538, "FN": 1568, "precision": 0.7789179104477612, "recall": 0.8887390903285319, "accuracy": 0.8182430994110551, "f1": 0.8302124415868491, "negative_accuracy": 0.7477471084935784, "balanced_accuracy": 0.8182430994110552, "AUC": 0.8940267948392351, "CI_95.0": [0.8902755208300319, 0.8977780688484382]}