{"model": "nnmulti_05", "dataset": "h109_max_balanced_0", "congress": "109", "chamber": "House", "max_balanced_0": "style", "split": "train", "n": 25802, "TP": 10776, "FP": 1518, "TN": 11383, "FN": 2125, "precision": 0.8765251342118107, "recall": 0.8352840865049221, "accuracy": 0.858809394620572, "f1": 0.8554078190117087, "negative_accuracy": 0.8823347027362219, "balanced_accuracy": 0.858809394620572, "AUC": 0.9256903056572545, "CI_95.0": [0.9224970363362892, 0.9288835749782198]}