{"model": "lstm_word2vec", "dataset": "h100_bayram_1_1", "congress": "100", "chamber": "House", "bayram_1_1": "style", "split": "train", "n": 4000, "TP": 1827, "FP": 1026, "TN": 974, "FN": 173, "precision": 0.6403785488958991, "recall": 0.9135, "accuracy": 0.70025, "f1": 0.7529363280445086, "negative_accuracy": 0.487, "balanced_accuracy": 0.70025, "AUC": 0.8208425, "CI_95.0": [0.8080664694474122, 0.8336185305525878]}