{"model": "lstm_word2vec", "dataset": "h109_bayram_1_1", "congress": "109", "chamber": "House", "bayram_1_1": "style", "split": "train", "n": 4000, "TP": 1911, "FP": 96, "TN": 1904, "FN": 89, "precision": 0.9521674140508222, "recall": 0.9555, "accuracy": 0.95375, "f1": 0.9538307961068132, "negative_accuracy": 0.952, "balanced_accuracy": 0.95375, "AUC": 0.989407, "CI_95.0": [0.9869048260558353, 0.9919091739441648]}