{"model": "lstm_word2vec", "dataset": "h106_bayram_1_1", "congress": "106", "chamber": "House", "bayram_1_1": "style", "split": "train", "n": 4000, "TP": 1876, "FP": 89, "TN": 1911, "FN": 124, "precision": 0.95470737913486, "recall": 0.938, "accuracy": 0.94675, "f1": 0.946279949558638, "negative_accuracy": 0.9555, "balanced_accuracy": 0.94675, "AUC": 0.98778025, "CI_95.0": [0.9852013431858664, 0.9903591568141337]}