{"model": "lstm_word2vec", "dataset": "h103_bayram_1_1", "congress": "103", "chamber": "House", "bayram_1_1": "style", "split": "train", "n": 4000, "TP": 1812, "FP": 384, "TN": 1616, "FN": 188, "precision": 0.825136612021858, "recall": 0.906, "accuracy": 0.857, "f1": 0.8636796949475691, "negative_accuracy": 0.808, "balanced_accuracy": 0.857, "AUC": 0.9377829999999999, "CI_95.0": [0.9306927184332561, 0.9448732815667438]}