{"model": "cnn2_128_7_e128_s1_d_50", "dataset": "h112_bayram_1_1", "congress": "112", "chamber": "House", "style": "bayram_1_1", "split": "train", "n": 4000, "TP": 1933, "FP": 6, "TN": 1994, "FN": 67, "precision": 0.9969056214543579, "recall": 0.9665, "accuracy": 0.98175, "f1": 0.9814673775069813, "negative_accuracy": 0.997, "balanced_accuracy": 0.98175, "AUC": 0.9990182500000001, "CI_95.0": [0.9980135601983949, 1.0]}