{"model": "lstm_glove_200", "dataset": "h103_bayram_1_1", "congress": "103", "chamber": "House", "bayram_1_1": "style", "split": "train", "n": 4000, "TP": 1530, "FP": 397, "TN": 1603, "FN": 470, "precision": 0.7939802802283342, "recall": 0.765, "accuracy": 0.78325, "f1": 0.7792207792207793, "negative_accuracy": 0.8015, "balanced_accuracy": 0.78325, "AUC": 0.86296875, "CI_95.0": [0.8517649299183948, 0.8741725700816051]}