{"model": "lstm_glove_200", "dataset": "h100_bayram_1_1", "congress": "100", "chamber": "House", "bayram_1_1": "style", "split": "train", "n": 4000, "TP": 1069, "FP": 722, "TN": 1278, "FN": 931, "precision": 0.5968732551647125, "recall": 0.5345, "accuracy": 0.58675, "f1": 0.5639672909522553, "negative_accuracy": 0.639, "balanced_accuracy": 0.58675, "AUC": 0.624153125, "CI_95.0": [0.6069870031584177, 0.6413192468415823]}