{"model": "lstm_glove_200", "dataset": "h106_bayram_1_1", "congress": "106", "chamber": "House", "bayram_1_1": "style", "split": "train", "n": 4000, "TP": 1879, "FP": 179, "TN": 1821, "FN": 121, "precision": 0.913022351797862, "recall": 0.9395, "accuracy": 0.925, "f1": 0.9260719566288812, "negative_accuracy": 0.9105, "balanced_accuracy": 0.925, "AUC": 0.979761, "CI_95.0": [0.9762433369494381, 0.9832786630505619]}