{"model": "cnn2_avg_128_7_l128_s1_e200_glove_trainable", "dataset": "h097_max_balanced_0_1_1", "congress": "097", "chamber": "House", "style": "max_balanced_0_1_1", "split": "train", "n": 23038, "TP": 8920, "FP": 2692, "TN": 8827, "FN": 2599, "precision": 0.7681708577333792, "recall": 0.7743727754145325, "accuracy": 0.7703359666637729, "f1": 0.7712593489256843, "negative_accuracy": 0.7662991579130133, "balanced_accuracy": 0.7703359666637729, "AUC": 0.859256990573503, "CI_95.0": [0.8546067463888603, 0.8639072347581458]}