{"model": "cnn2_avg_128_7_l128_s1_e200_glove_trainable", "dataset": "h103_max_balanced_0_1_1", "congress": "103", "chamber": "House", "style": "max_balanced_0_1_1", "split": "train", "n": 28186, "TP": 12672, "FP": 1655, "TN": 12438, "FN": 1421, "precision": 0.8844838416974943, "recall": 0.899169800610232, "accuracy": 0.8908678067125523, "f1": 0.8917663617171006, "negative_accuracy": 0.8825658128148727, "balanced_accuracy": 0.8908678067125524, "AUC": 0.9623988575873634, "CI_95.0": [0.9605105519604696, 0.9642871632142572]}