{"model": "cnn2_avg_128_7_l128_s1_e200_glove_trainable", "dataset": "h114_max_balanced_0_1_1", "congress": "114", "chamber": "House", "style": "max_balanced_0_1_1", "split": "train", "n": 18990, "TP": 8719, "FP": 809, "TN": 8686, "FN": 776, "precision": 0.9150923593618808, "recall": 0.9182727751448131, "accuracy": 0.916535018430753, "f1": 0.9166798086526837, "negative_accuracy": 0.914797261716693, "balanced_accuracy": 0.916535018430753, "AUC": 0.9791401588541513, "CI_95.0": [0.9776383274797092, 0.9806419902285933]}