{"model": "cnn2_avg_128_7_l128_s1_e200_glove_trainable", "dataset": "h112_max_balanced_0_1_1", "congress": "112", "chamber": "House", "style": "max_balanced_0_1_1", "split": "train", "n": 26090, "TP": 12190, "FP": 313, "TN": 12732, "FN": 855, "precision": 0.974966008158042, "recall": 0.9344576466078958, "accuracy": 0.9552318896128785, "f1": 0.954282135587913, "negative_accuracy": 0.9760061326178613, "balanced_accuracy": 0.9552318896128785, "AUC": 0.9942891465268748, "CI_95.0": [0.9937732089516588, 0.9948050841020909]}