{"model": "cnn2_avg_128_7_l128_s1_e200_glove_trainable", "dataset": "h100_max_balanced_0_1_1", "congress": "100", "chamber": "House", "style": "max_balanced_0_1_1", "split": "train", "n": 26218, "TP": 11157, "FP": 1797, "TN": 11312, "FN": 1952, "precision": 0.8612783696155628, "recall": 0.8510946677854909, "accuracy": 0.8570066366618354, "f1": 0.8561562368108045, "negative_accuracy": 0.8629186055381799, "balanced_accuracy": 0.8570066366618354, "AUC": 0.938357358707946, "CI_95.0": [0.9356744629164248, 0.9410402544994673]}