{"model": "cnn2_avg_128_7_l128_s1_e200_glove_trainable", "dataset": "h106_max_balanced_0_1_1", "congress": "106", "chamber": "House", "style": "max_balanced_0_1_1", "split": "train", "n": 27700, "TP": 12008, "FP": 1783, "TN": 12067, "FN": 1842, "precision": 0.8707127836995142, "recall": 0.8670036101083033, "accuracy": 0.8691335740072202, "f1": 0.8688542382692377, "negative_accuracy": 0.8712635379061372, "balanced_accuracy": 0.8691335740072202, "AUC": 0.9479146554757651, "CI_95.0": [0.9455833489190286, 0.9502459620325017]}