{"model": "cnn2_avg_128_7_l128_s1_e200_glove_trainable", "dataset": "h109_max_balanced_0_1_1", "congress": "109", "chamber": "House", "style": "max_balanced_0_1_1", "split": "train", "n": 25802, "TP": 10770, "FP": 1368, "TN": 11533, "FN": 2131, "precision": 0.8872960949085517, "recall": 0.8348190062785831, "accuracy": 0.8643903573366406, "f1": 0.8602579975238628, "negative_accuracy": 0.8939617083946981, "balanced_accuracy": 0.8643903573366406, "AUC": 0.9432354761221113, "CI_95.0": [0.9406770573774615, 0.9457938948667611]}