{"model": "cnn2_a10-4_avg_drop_128_7_l64_s1_d3_5_e300_glove840_trainable", "dataset": "h112_max_balanced_0_1_1", "congress": "112", "chamber": "House", "style": "max_balanced_0_1_1", "split": "train", "n": 26090, "TP": 11445, "FP": 1125, "TN": 11920, "FN": 1600, "precision": 0.9105011933174224, "recall": 0.8773476427750095, "accuracy": 0.8955538520505941, "f1": 0.8936170212765957, "negative_accuracy": 0.9137600613261786, "balanced_accuracy": 0.8955538520505941, "AUC": 0.9674844910613245, "CI_95.0": [0.9657470162737991, 0.9692219658488499]}