{"model": "cnn2_a10-4_avg_drop_128_7_l64_s1_d3_5_e300_glove840_trainable", "dataset": "h103_max_balanced_0_1_1", "congress": "103", "chamber": "House", "style": "max_balanced_0_1_1", "split": "train", "n": 28186, "TP": 12538, "FP": 2196, "TN": 11897, "FN": 1555, "precision": 0.8509569702728383, "recall": 0.8896615340949408, "accuracy": 0.8669197473923225, "f1": 0.8698789329448087, "negative_accuracy": 0.8441779606897041, "balanced_accuracy": 0.8669197473923225, "AUC": 0.9447383887417966, "CI_95.0": [0.9423189335504861, 0.9471578439331071]}