{"model": "cnn2_a10-4_avg_drop_128_7_l64_s1_d3_5_e300_glove840_trainable", "dataset": "h109_max_balanced_0_1_1", "congress": "109", "chamber": "House", "style": "max_balanced_0_1_1", "split": "train", "n": 25802, "TP": 11429, "FP": 904, "TN": 11997, "FN": 1472, "precision": 0.9267007216411255, "recall": 0.8859003178048214, "accuracy": 0.9079141151848694, "f1": 0.905841325196164, "negative_accuracy": 0.9299279125649175, "balanced_accuracy": 0.9079141151848694, "AUC": 0.9732923927827284, "CI_95.0": [0.9717157546525353, 0.9748690309129214]}