{"model": "cnn2_a10-4_avg_drop_128_7_l64_s1_d3_5_e300_glove840_trainable", "dataset": "h100_max_balanced_0_1_1", "congress": "100", "chamber": "House", "style": "max_balanced_0_1_1", "split": "train", "n": 26218, "TP": 11806, "FP": 1782, "TN": 11327, "FN": 1303, "precision": 0.8688548719458346, "recall": 0.9006026394080403, "accuracy": 0.8823327484934015, "f1": 0.8844439450125482, "negative_accuracy": 0.8640628575787627, "balanced_accuracy": 0.8823327484934015, "AUC": 0.9584280172534364, "CI_95.0": [0.9563551281759476, 0.9605009063309252]}