{"model": "cnn2_a10-4_avg_drop_128_7_l64_s1_d3_5_e300_glove840_trainable", "dataset": "h114_max_balanced_0_1_1", "congress": "114", "chamber": "House", "style": "max_balanced_0_1_1", "split": "train", "n": 18990, "TP": 8667, "FP": 715, "TN": 8780, "FN": 828, "precision": 0.9237902366233213, "recall": 0.9127962085308057, "accuracy": 0.9187467087941021, "f1": 0.9182603167876252, "negative_accuracy": 0.9246972090573986, "balanced_accuracy": 0.9187467087941021, "AUC": 0.9809109586515006, "CI_95.0": [0.9795018229583702, 0.982320094344631]}