{"model": "cnn2_a10-4_avg_drop_128_7_l64_s1_d3_5_e300_glove840_trainable", "dataset": "h106_max_balanced_0_1_1", "congress": "106", "chamber": "House", "style": "max_balanced_0_1_1", "split": "train", "n": 27700, "TP": 12151, "FP": 1757, "TN": 12093, "FN": 1699, "precision": 0.8736698303134887, "recall": 0.8773285198555957, "accuracy": 0.8752346570397112, "f1": 0.8754953526911161, "negative_accuracy": 0.8731407942238267, "balanced_accuracy": 0.8752346570397112, "AUC": 0.9526376546025621, "CI_95.0": [0.9504483186005762, 0.954826990604548]}