{"model": "cnn2_a10-4_avg_drop_128_7_l64_s1_d3_5_e300_glove840_trainable", "dataset": "h097_max_balanced_0_1_1", "congress": "097", "chamber": "House", "style": "max_balanced_0_1_1", "split": "train", "n": 23038, "TP": 9968, "FP": 879, "TN": 10640, "FN": 1551, "precision": 0.9189637687839955, "recall": 0.8653528952165986, "accuracy": 0.894522093931765, "f1": 0.8913529464365555, "negative_accuracy": 0.9236912926469312, "balanced_accuracy": 0.8945220939317649, "AUC": 0.967017615943089, "CI_95.0": [0.9651397483683524, 0.9688954835178256]}