{"model": "nn1000hd_reg", "dataset": "h103_bayram_1_1", "congress": "103", "chamber": "House", "bayram_1_1": "style", "split": "train", "n": 4000, "TP": 1147, "FP": 546, "TN": 1454, "FN": 853, "precision": 0.6774955699940933, "recall": 0.5735, "accuracy": 0.65025, "f1": 0.6211751963173572, "negative_accuracy": 0.727, "balanced_accuracy": 0.65025, "AUC": 0.712700625, "CI_95.0": [0.6969095747879338, 0.7284916752120661]}