{"model": "nn1000hd_reg", "dataset": "h097_bayram_1_1", "congress": "097", "chamber": "House", "bayram_1_1": "style", "split": "train", "n": 4000, "TP": 1252, "FP": 694, "TN": 1306, "FN": 748, "precision": 0.6433710174717369, "recall": 0.626, "accuracy": 0.6395, "f1": 0.6345666497719208, "negative_accuracy": 0.653, "balanced_accuracy": 0.6395, "AUC": 0.6968295000000001, "CI_95.0": [0.6808012300067835, 0.7128577699932167]}