{"model": "nn1000hd_reg", "dataset": "h114_bayram_1_1", "congress": "114", "chamber": "House", "bayram_1_1": "style", "split": "train", "n": 4000, "TP": 1119, "FP": 258, "TN": 1742, "FN": 881, "precision": 0.8126361655773421, "recall": 0.5595, "accuracy": 0.71525, "f1": 0.6627183891027539, "negative_accuracy": 0.871, "balanced_accuracy": 0.7152499999999999, "AUC": 0.7988610000000002, "CI_95.0": [0.785327267635494, 0.8123947323645063]}