{"model": "nn1000hd_reg", "dataset": "h106_bayram_1_1", "congress": "106", "chamber": "House", "bayram_1_1": "style", "split": "train", "n": 4000, "TP": 1247, "FP": 506, "TN": 1494, "FN": 753, "precision": 0.7113519680547633, "recall": 0.6235, "accuracy": 0.68525, "f1": 0.664535038635758, "negative_accuracy": 0.747, "balanced_accuracy": 0.68525, "AUC": 0.7557638750000001, "CI_95.0": [0.7410141551829209, 0.7705135948170793]}