{"model": "transformer_e128_2_d3_10_l32", "dataset": "h106_max_balanced_0_1_1", "congress": "106", "chamber": "House", "style": "max_balanced_0_1_1", "split": "train", "n": 27700, "TP": 12469, "FP": 2494, "TN": 11356, "FN": 1381, "precision": 0.8333221947470427, "recall": 0.90028880866426, "accuracy": 0.8601083032490975, "f1": 0.8655120952347899, "negative_accuracy": 0.819927797833935, "balanced_accuracy": 0.8601083032490975, "AUC": 0.9456251482490321, "CI_95.0": [0.9432475482279252, 0.948002748270139]}