{"model": "transformer_e128_2_d3_10_l32", "dataset": "h109_max_balanced_0_1_1", "congress": "109", "chamber": "House", "style": "max_balanced_0_1_1", "split": "train", "n": 25802, "TP": 10570, "FP": 885, "TN": 12016, "FN": 2331, "precision": 0.9227411610650371, "recall": 0.8193163320672816, "accuracy": 0.8753584993411363, "f1": 0.867958613893907, "negative_accuracy": 0.9314006666149911, "balanced_accuracy": 0.8753584993411363, "AUC": 0.9503944346685365, "CI_95.0": [0.9479842751510572, 0.9528045941860157]}