{"model": "transformer_e128_2_d3_10_l32", "dataset": "h103_max_balanced_0_1_1", "congress": "103", "chamber": "House", "style": "max_balanced_0_1_1", "split": "train", "n": 28186, "TP": 12429, "FP": 12158, "TN": 1935, "FN": 1664, "precision": 0.5055110424207915, "recall": 0.8819271978996664, "accuracy": 0.5096147023344924, "f1": 0.6426577042399172, "negative_accuracy": 0.1373022067693181, "balanced_accuracy": 0.5096147023344922, "AUC": 0.5118330831990465, "CI_95.0": [0.5077886947782513, 0.5158774716198418]}