{"model": "transformer_e128_2_d3_10_l32", "dataset": "h114_max_balanced_0_1_1", "congress": "114", "chamber": "House", "style": "max_balanced_0_1_1", "split": "train", "n": 18990, "TP": 8653, "FP": 1575, "TN": 7920, "FN": 842, "precision": 0.8460109503324208, "recall": 0.9113217482885729, "accuracy": 0.872722485518694, "f1": 0.8774527201744156, "negative_accuracy": 0.8341232227488151, "balanced_accuracy": 0.872722485518694, "AUC": 0.9566268879632609, "CI_95.0": [0.9541360367857915, 0.9591177391407303]}