{"model": "transformer_e128_2_d3_10_l32", "dataset": "h112_max_balanced_0_1_1", "congress": "112", "chamber": "House", "style": "max_balanced_0_1_1", "split": "train", "n": 26090, "TP": 12163, "FP": 1552, "TN": 11493, "FN": 882, "precision": 0.8868392271235873, "recall": 0.9323878880797241, "accuracy": 0.9067075507857416, "f1": 0.9090433482810164, "negative_accuracy": 0.8810272134917593, "balanced_accuracy": 0.9067075507857416, "AUC": 0.9752095445770241, "CI_95.0": [0.9736915885553378, 0.9767275005987105]}