{"model": "transformer_e256_2_d3_10_l128", "dataset": "h100_max_balanced_0_1_1", "congress": "100", "chamber": "House", "style": "max_balanced_0_1_1", "split": "train", "n": 26218, "TP": 11007, "FP": 2957, "TN": 10152, "FN": 2102, "precision": 0.7882411916356344, "recall": 0.8396521473796629, "accuracy": 0.8070409642230528, "f1": 0.81313485760721, "negative_accuracy": 0.7744297810664429, "balanced_accuracy": 0.8070409642230529, "AUC": 0.898494081449645, "CI_95.0": [0.8948715088970399, 0.9021166540022502]}