{"model": "transformer_e256_2_d3_10_l128", "dataset": "h097_max_balanced_0_1_1", "congress": "097", "chamber": "House", "style": "max_balanced_0_1_1", "split": "train", "n": 23038, "TP": 10050, "FP": 1064, "TN": 10455, "FN": 1469, "precision": 0.9042648911283067, "recall": 0.8724715687125618, "accuracy": 0.8900512197239344, "f1": 0.888083771484116, "negative_accuracy": 0.9076308707353069, "balanced_accuracy": 0.8900512197239343, "AUC": 0.961223352689937, "CI_95.0": [0.9590600565702768, 0.9633866488095971]}