{"model": "transformer_e256_2_d3_10_l128", "dataset": "h114_max_balanced_0_1_1", "congress": "114", "chamber": "House", "style": "max_balanced_0_1_1", "split": "train", "n": 18990, "TP": 8500, "FP": 903, "TN": 8592, "FN": 995, "precision": 0.9039668191002871, "recall": 0.8952080042127436, "accuracy": 0.9000526592943655, "f1": 0.8995660916499101, "negative_accuracy": 0.9048973143759874, "balanced_accuracy": 0.9000526592943655, "AUC": 0.9693915951994911, "CI_95.0": [0.9674061543317014, 0.9713770360672809]}