{"model": "transformer_e256_2_d3_10_l128", "dataset": "h106_max_balanced_0_1_1", "congress": "106", "chamber": "House", "style": "max_balanced_0_1_1", "split": "train", "n": 27700, "TP": 12136, "FP": 1535, "TN": 12315, "FN": 1714, "precision": 0.8877185282715236, "recall": 0.8762454873646209, "accuracy": 0.8827075812274369, "f1": 0.8819446967770067, "negative_accuracy": 0.8891696750902527, "balanced_accuracy": 0.8827075812274368, "AUC": 0.9585841520155352, "CI_95.0": [0.9565787238899401, 0.9605895801411302]}