{"model": "transformer_e256_2_d3_10_l128", "dataset": "h103_max_balanced_0_1_1", "congress": "103", "chamber": "House", "style": "max_balanced_0_1_1", "split": "train", "n": 28186, "TP": 12358, "FP": 1503, "TN": 12590, "FN": 1735, "precision": 0.891566265060241, "recall": 0.8768892357908181, "accuracy": 0.8851202724756971, "f1": 0.8841668455319452, "negative_accuracy": 0.8933513091605761, "balanced_accuracy": 0.8851202724756971, "AUC": 0.9574981425276694, "CI_95.0": [0.9554113521853649, 0.9595849328699739]}