{"model": "transformer_e256_2_d3_10_l128", "dataset": "h112_max_balanced_0_1_1", "congress": "112", "chamber": "House", "style": "max_balanced_0_1_1", "split": "train", "n": 26090, "TP": 10965, "FP": 1365, "TN": 11680, "FN": 2080, "precision": 0.889294403892944, "recall": 0.8405519356075124, "accuracy": 0.8679570716749713, "f1": 0.8642364532019704, "negative_accuracy": 0.89536220774243, "balanced_accuracy": 0.8679570716749712, "AUC": 0.9459150791676834, "CI_95.0": [0.9434369035255868, 0.9483932548097799]}