{"model": "transformer_e256_2_d3_10_l128", "dataset": "h109_max_balanced_0_1_1", "congress": "109", "chamber": "House", "style": "max_balanced_0_1_1", "split": "train", "n": 25802, "TP": 11654, "FP": 1909, "TN": 10992, "FN": 1247, "precision": 0.8592494285924943, "recall": 0.9033408262925354, "accuracy": 0.8776839004728315, "f1": 0.8807436517533253, "negative_accuracy": 0.8520269746531277, "balanced_accuracy": 0.8776839004728316, "AUC": 0.9528707167996866, "CI_95.0": [0.9505436496992506, 0.9551977839001226]}