{"model": "cnn2_avg_128_7_l128_s1_e300_glove840_trainable", "dataset": "h097_max_balanced_0_1_1", "congress": "097", "chamber": "House", "style": "max_balanced_0_1_1", "split": "train", "n": 23038, "TP": 9762, "FP": 1426, "TN": 10093, "FN": 1757, "precision": 0.8725420092956739, "recall": 0.8474693983852765, "accuracy": 0.8618369650143242, "f1": 0.8598229620821773, "negative_accuracy": 0.8762045316433719, "balanced_accuracy": 0.8618369650143242, "AUC": 0.941750013401804, "CI_95.0": [0.9390180930791798, 0.9444819337244281]}