{"model": "cnn2_avg_128_7_l128_s1_e300_glove840_trainable", "dataset": "h100_max_balanced_0_1_1", "congress": "100", "chamber": "House", "style": "max_balanced_0_1_1", "split": "train", "n": 26218, "TP": 10001, "FP": 1140, "TN": 11969, "FN": 3108, "precision": 0.8976752535679023, "recall": 0.7629109771912427, "accuracy": 0.8379739110534747, "f1": 0.8248247422680413, "negative_accuracy": 0.9130368449157068, "balanced_accuracy": 0.8379739110534747, "AUC": 0.9277240663103236, "CI_95.0": [0.92477109123771, 0.9306770413829372]}