{"model": "cnn2_avg_128_7_l128_s1_e300_glove840_trainable", "dataset": "h106_max_balanced_0_1_1", "congress": "106", "chamber": "House", "style": "max_balanced_0_1_1", "split": "train", "n": 27700, "TP": 12588, "FP": 1285, "TN": 12565, "FN": 1262, "precision": 0.9073740358970662, "recall": 0.9088808664259928, "accuracy": 0.9080505415162455, "f1": 0.9081268261010712, "negative_accuracy": 0.9072202166064982, "balanced_accuracy": 0.9080505415162454, "AUC": 0.9746326186969725, "CI_95.0": [0.9731965891641728, 0.9760686482297721]}