{"model": "cnn2_avg_128_7_l128_s1_e300_glove840_trainable", "dataset": "h112_max_balanced_0_1_1", "congress": "112", "chamber": "House", "style": "max_balanced_0_1_1", "split": "train", "n": 26090, "TP": 11969, "FP": 1106, "TN": 11939, "FN": 1076, "precision": 0.9154110898661568, "recall": 0.9175162897661939, "accuracy": 0.9163664239172097, "f1": 0.9164624808575805, "negative_accuracy": 0.9152165580682253, "balanced_accuracy": 0.9163664239172096, "AUC": 0.9778179756631562, "CI_95.0": [0.9764565954190947, 0.9791793559072177]}