{"model": "cnn2_avg_128_7_l128_s1_e300_glove840_trainable", "dataset": "h103_max_balanced_0_1_1", "congress": "103", "chamber": "House", "style": "max_balanced_0_1_1", "split": "train", "n": 28186, "TP": 13251, "FP": 1300, "TN": 12793, "FN": 842, "precision": 0.910659061232905, "recall": 0.9402540268218265, "accuracy": 0.9240048250904704, "f1": 0.9252199413489737, "negative_accuracy": 0.9077556233591144, "balanced_accuracy": 0.9240048250904704, "AUC": 0.9813891813104008, "CI_95.0": [0.9802103152391939, 0.9825680473816076]}