{"model": "cnn2_avg_128_7_l128_s1_e300_glove840_trainable", "dataset": "h109_max_balanced_0_1_1", "congress": "109", "chamber": "House", "style": "max_balanced_0_1_1", "split": "train", "n": 25802, "TP": 11734, "FP": 1378, "TN": 11523, "FN": 1167, "precision": 0.8949054301403294, "recall": 0.909541895977056, "accuracy": 0.9013642353305945, "f1": 0.9021643024641526, "negative_accuracy": 0.893186574684133, "balanced_accuracy": 0.9013642353305945, "AUC": 0.9683846926659727, "CI_95.0": [0.9666108194889559, 0.9701585658429895]}