{"model": "cnn2_avg_128_7_l128_s1_e300_glove840_trainable", "dataset": "h114_max_balanced_0_1_1", "congress": "114", "chamber": "House", "style": "max_balanced_0_1_1", "split": "train", "n": 18990, "TP": 8837, "FP": 569, "TN": 8926, "FN": 658, "precision": 0.9395066978524346, "recall": 0.9307003686150606, "accuracy": 0.9353870458135861, "f1": 0.9350827998518596, "negative_accuracy": 0.9400737230121117, "balanced_accuracy": 0.9353870458135861, "AUC": 0.98750406314013, "CI_95.0": [0.9864453531724886, 0.9885627731077713]}