{"model": "cnn2_avg_128_7_l128_s1_e200_glove_not_trainable", "dataset": "h109_max_balanced_0_1_1", "congress": "109", "chamber": "House", "style": "max_balanced_0_1_1", "split": "train", "n": 25802, "TP": 12084, "FP": 274, "TN": 12627, "FN": 817, "precision": 0.9778281275287263, "recall": 0.9366715758468336, "accuracy": 0.9577164560886753, "f1": 0.956807474563522, "negative_accuracy": 0.978761336330517, "balanced_accuracy": 0.9577164560886753, "AUC": 0.994359110273396, "CI_95.0": [0.9937712081751096, 0.9949470123716824]}