{"model": "cnn2_avg_128_7_l128_s1_e200_glove_not_trainable", "dataset": "h112_max_balanced_0_1_1", "congress": "112", "chamber": "House", "style": "max_balanced_0_1_1", "split": "train", "n": 26090, "TP": 10549, "FP": 824, "TN": 12221, "FN": 2496, "precision": 0.9275477006946277, "recall": 0.808662322729015, "accuracy": 0.8727481793790725, "f1": 0.864034728478991, "negative_accuracy": 0.93683403602913, "balanced_accuracy": 0.8727481793790725, "AUC": 0.9536942543875824, "CI_95.0": [0.9514458104506367, 0.955942698324528]}