{"model": "cnn2_avg_128_7_l128_s1_e200_glove_not_trainable", "dataset": "h100_max_balanced_0_1_1", "congress": "100", "chamber": "House", "style": "max_balanced_0_1_1", "split": "train", "n": 26218, "TP": 9793, "FP": 1179, "TN": 11930, "FN": 3316, "precision": 0.8925446591323368, "recall": 0.7470440155618278, "accuracy": 0.8285529025860097, "f1": 0.8133383165150949, "negative_accuracy": 0.9100617896101915, "balanced_accuracy": 0.8285529025860097, "AUC": 0.9170624083797504, "CI_95.0": [0.9138310070792263, 0.9202938096802745]}