{"model": "cnn2_avg_128_7_l128_s1_e200_glove_not_trainable", "dataset": "h103_max_balanced_0_1_1", "congress": "103", "chamber": "House", "style": "max_balanced_0_1_1", "split": "train", "n": 28186, "TP": 12565, "FP": 1146, "TN": 12947, "FN": 1528, "precision": 0.9164174750200569, "recall": 0.8915773788405591, "accuracy": 0.9051302064854893, "f1": 0.9038267875125882, "negative_accuracy": 0.9186830341304194, "balanced_accuracy": 0.9051302064854893, "AUC": 0.9698716142696431, "CI_95.0": [0.9682263550025275, 0.9715168735367586]}