{"model": "cnn2_avg_128_7_l128_s1_e200_glove_not_trainable", "dataset": "h097_max_balanced_0_1_1", "congress": "097", "chamber": "House", "style": "max_balanced_0_1_1", "split": "train", "n": 23038, "TP": 10384, "FP": 1260, "TN": 10259, "FN": 1135, "precision": 0.8917897629680522, "recall": 0.9014671412448997, "accuracy": 0.8960413230315132, "f1": 0.8966023399386953, "negative_accuracy": 0.8906155048181266, "balanced_accuracy": 0.8960413230315132, "AUC": 0.9675972566821944, "CI_95.0": [0.9657206859915181, 0.9694738273728708]}