{"model": "cnn2_avg_128_7_l128_s1_e200_glove_not_trainable", "dataset": "h114_max_balanced_0_1_1", "congress": "114", "chamber": "House", "style": "max_balanced_0_1_1", "split": "train", "n": 18990, "TP": 8641, "FP": 219, "TN": 9276, "FN": 854, "precision": 0.9752821670428894, "recall": 0.910057925223802, "accuracy": 0.9434965771458662, "f1": 0.9415418142195587, "negative_accuracy": 0.9769352290679305, "balanced_accuracy": 0.9434965771458663, "AUC": 0.9901937579186517, "CI_95.0": [0.9892554728609964, 0.9911320429763071]}