{"model": "cnn2_avg_128_7_l128_s1_e200_glove_not_trainable", "dataset": "h106_max_balanced_0_1_1", "congress": "106", "chamber": "House", "style": "max_balanced_0_1_1", "split": "train", "n": 27700, "TP": 11379, "FP": 233, "TN": 13617, "FN": 2471, "precision": 0.9799345504650362, "recall": 0.8215884476534296, "accuracy": 0.9023826714801444, "f1": 0.8938025292592884, "negative_accuracy": 0.9831768953068593, "balanced_accuracy": 0.9023826714801444, "AUC": 0.982292238918792, "CI_95.0": [0.9811478633385642, 0.9834366144990199]}