{"model": "transformer_e300_2_d3_10_l128", "dataset": "h112_max_balanced_0_1_1", "congress": "112", "chamber": "House", "style": "max_balanced_0_1_1", "split": "train", "n": 26090, "TP": 12012, "FP": 1797, "TN": 11248, "FN": 1033, "precision": 0.869867477731914, "recall": 0.9208125718666156, "accuracy": 0.8915293215791491, "f1": 0.8946153273255382, "negative_accuracy": 0.8622460712916826, "balanced_accuracy": 0.8915293215791491, "AUC": 0.9644117709711688, "CI_95.0": [0.9625003394593494, 0.9663232024829882]}