{"model": "transformer_e300_2_d3_10_l128", "dataset": "h114_max_balanced_0_1_1", "congress": "114", "chamber": "House", "style": "max_balanced_0_1_1", "split": "train", "n": 18990, "TP": 8031, "FP": 663, "TN": 8832, "FN": 1464, "precision": 0.9237405106970324, "recall": 0.8458135860979463, "accuracy": 0.8879936808846761, "f1": 0.8830611908296224, "negative_accuracy": 0.930173775671406, "balanced_accuracy": 0.8879936808846762, "AUC": 0.9640384936946109, "CI_95.0": [0.9618294825943527, 0.9662475047948691]}