{"model": "transformer_e300_2_d3_10_l128", "dataset": "h097_max_balanced_0_1_1", "congress": "097", "chamber": "House", "style": "max_balanced_0_1_1", "split": "train", "n": 23038, "TP": 10023, "FP": 1208, "TN": 10311, "FN": 1496, "precision": 0.8924405662897338, "recall": 0.8701276152443789, "accuracy": 0.8826287004080215, "f1": 0.8811428571428572, "negative_accuracy": 0.8951297855716642, "balanced_accuracy": 0.8826287004080215, "AUC": 0.9556100034275308, "CI_95.0": [0.953269929573912, 0.9579500772811496]}