{"model": "transformer_e300_2_d3_10_l128", "dataset": "h100_max_balanced_0_1_1", "congress": "100", "chamber": "House", "style": "max_balanced_0_1_1", "split": "train", "n": 26218, "TP": 11891, "FP": 797, "TN": 12312, "FN": 1218, "precision": 0.9371847414880202, "recall": 0.9070867343046761, "accuracy": 0.9231444046075216, "f1": 0.9218901422646044, "negative_accuracy": 0.9392020749103669, "balanced_accuracy": 0.9231444046075215, "AUC": 0.9805842771407481, "CI_95.0": [0.9793221288412483, 0.981846425440248]}