{"model": "transformer_e300_2_d3_10_l128", "dataset": "h103_max_balanced_0_1_1", "congress": "103", "chamber": "House", "style": "max_balanced_0_1_1", "split": "train", "n": 28186, "TP": 12344, "FP": 1597, "TN": 12496, "FN": 1749, "precision": 0.8854458073308945, "recall": 0.8758958348116086, "accuracy": 0.8812885829844603, "f1": 0.8806449311550261, "negative_accuracy": 0.8866813311573122, "balanced_accuracy": 0.8812885829844603, "AUC": 0.952845659392016, "CI_95.0": [0.9505977573867549, 0.9550935613972772]}