{"model": "transformer_e300_2_d3_10_l128", "dataset": "h109_max_balanced_0_1_1", "congress": "109", "chamber": "House", "style": "max_balanced_0_1_1", "split": "train", "n": 25802, "TP": 10594, "FP": 1093, "TN": 11808, "FN": 2307, "precision": 0.9064772824505861, "recall": 0.8211766529726378, "accuracy": 0.8682272692039377, "f1": 0.8617211647958354, "negative_accuracy": 0.9152778854352376, "balanced_accuracy": 0.8682272692039377, "AUC": 0.9445845788911726, "CI_95.0": [0.9420099703744321, 0.9471591874079132]}