{"model": "transformer_e300_2_d3_10_l128", "dataset": "h106_max_balanced_0_1_1", "congress": "106", "chamber": "House", "style": "max_balanced_0_1_1", "split": "train", "n": 27700, "TP": 11873, "FP": 2854, "TN": 10996, "FN": 1977, "precision": 0.8062062877707612, "recall": 0.8572563176895307, "accuracy": 0.8255956678700361, "f1": 0.8309479651467964, "negative_accuracy": 0.7939350180505416, "balanced_accuracy": 0.8255956678700361, "AUC": 0.9133870870205529, "CI_95.0": [0.910194622920773, 0.9165795511203328]}