{"model": "lstm2_drop_bidi_128_d_2_75_l64_e256", "dataset": "h109_max_balanced_0_1_1", "congress": "109", "chamber": "House", "style": "max_balanced_0_1_1", "split": "train", "n": 25802, "TP": 11517, "FP": 482, "TN": 12419, "FN": 1384, "precision": 0.9598299858321527, "recall": 0.8927214944577939, "accuracy": 0.9276800248042787, "f1": 0.9250602409638555, "negative_accuracy": 0.9626385551507635, "balanced_accuracy": 0.9276800248042787, "AUC": 0.9790820906374584, "CI_95.0": [0.9775211169410966, 0.9806430643338203]}