{"model": "lstm2_drop_bidi_128_d_2_75_l64_e256", "dataset": "h114_max_balanced_0_1_1", "congress": "114", "chamber": "House", "style": "max_balanced_0_1_1", "split": "train", "n": 18990, "TP": 8624, "FP": 1143, "TN": 8352, "FN": 871, "precision": 0.8829732773625474, "recall": 0.9082675092153765, "accuracy": 0.8939441811479726, "f1": 0.8954418025127193, "negative_accuracy": 0.8796208530805687, "balanced_accuracy": 0.8939441811479726, "AUC": 0.9642393699075564, "CI_95.0": [0.9619672704270597, 0.9665114693880532]}