{"model": "lstm2_drop_bidi_128_d_2_75_l64_e256", "dataset": "h103_max_balanced_0_1_1", "congress": "103", "chamber": "House", "style": "max_balanced_0_1_1", "split": "train", "n": 28186, "TP": 11434, "FP": 3943, "TN": 10150, "FN": 2659, "precision": 0.7435780711452169, "recall": 0.8113247711629887, "accuracy": 0.7657702405449514, "f1": 0.7759755683746183, "negative_accuracy": 0.7202157099269141, "balanced_accuracy": 0.7657702405449514, "AUC": 0.8528913181153936, "CI_95.0": [0.8485622538622174, 0.8572203823685699]}