{"model": "lstm2_drop_bidi_128_d_2_75_l64_e256", "dataset": "h100_max_balanced_0_1_1", "congress": "100", "chamber": "House", "style": "max_balanced_0_1_1", "split": "train", "n": 26218, "TP": 9536, "FP": 623, "TN": 12486, "FN": 3573, "precision": 0.9386750664435476, "recall": 0.7274391639331756, "accuracy": 0.8399572812571515, "f1": 0.8196664947567474, "negative_accuracy": 0.9524753985811275, "balanced_accuracy": 0.8399572812571516, "AUC": 0.9370730131145825, "CI_95.0": [0.9343066930814699, 0.9398393331476951]}