{"model": "lstm2_drop_bidi_128_d_2_75_l64_e256", "dataset": "h106_max_balanced_0_1_1", "congress": "106", "chamber": "House", "style": "max_balanced_0_1_1", "split": "train", "n": 27700, "TP": 12201, "FP": 1271, "TN": 12579, "FN": 1649, "precision": 0.9056561757719715, "recall": 0.8809386281588447, "accuracy": 0.8945848375451263, "f1": 0.8931264182709905, "negative_accuracy": 0.908231046931408, "balanced_accuracy": 0.8945848375451264, "AUC": 0.9621768796674008, "CI_95.0": [0.960178223252165, 0.9641755360826367]}