{"model": "lstm2_drop_bidi_128_d_2_75_l64_e256", "dataset": "h097_max_balanced_0_1_1", "congress": "097", "chamber": "House", "style": "max_balanced_0_1_1", "split": "train", "n": 23038, "TP": 9702, "FP": 1741, "TN": 9778, "FN": 1817, "precision": 0.8478545835882199, "recall": 0.8422606129004254, "accuracy": 0.8455595103741644, "f1": 0.8450483407368695, "negative_accuracy": 0.8488584078479035, "balanced_accuracy": 0.8455595103741644, "AUC": 0.9242854185637168, "CI_95.0": [0.9209754444223233, 0.9275953927051104]}