{"model": "lstm2_drop_bidi_128_d_2_75_l64_e256", "dataset": "h112_max_balanced_0_1_1", "congress": "112", "chamber": "House", "style": "max_balanced_0_1_1", "split": "train", "n": 26090, "TP": 12411, "FP": 324, "TN": 12721, "FN": 634, "precision": 0.9745583038869258, "recall": 0.9513990034495976, "accuracy": 0.9632809505557685, "f1": 0.9628394103956557, "negative_accuracy": 0.9751628976619394, "balanced_accuracy": 0.9632809505557685, "AUC": 0.9949067215953973, "CI_95.0": [0.994259929368082, 0.9955535138227125]}