{"model": "models.mnnb", "dataset": "h106", "split": "train", "n": 4000, "TP": 1510, "FP": 542, "TN": 1458, "FN": 490, "precision": 0.7358674463937622, "recall": 0.755, "accuracy": 0.742, "f1": 0.7453109575518263, "negative_accuracy": 0.729, "balanced_accuracy": 0.742, "AUC": 0.7420000000000001, "CI_95.0": [0.7284435268212213, 0.7555564731787789]}