{"model": "models.mnnb", "dataset": "h100", "split": "train", "n": 4000, "TP": 1323, "FP": 690, "TN": 1310, "FN": 677, "precision": 0.6572280178837556, "recall": 0.6615, "accuracy": 0.65825, "f1": 0.6593570894592574, "negative_accuracy": 0.655, "balanced_accuracy": 0.65825, "AUC": 0.6582500000000001, "CI_95.0": [0.6435483460651212, 0.672951653934879]}