{"model": "logistic_tfidf", "dataset": "h106_bayram", "congress": "106", "chamber": "House", "bayram": "style", "split": "train", "n": 4000, "TP": 1649, "FP": 253, "TN": 1747, "FN": 351, "precision": 0.8669821240799159, "recall": 0.8245, "accuracy": 0.849, "f1": 0.8452075858534086, "negative_accuracy": 0.8735, "balanced_accuracy": 0.849, "AUC": 0.9269600000000001, "CI_95.0": [0.9193122231513571, 0.9346077768486432]}