{"model": "logistic_tfidf", "dataset": "h100_bayram", "congress": "100", "chamber": "House", "bayram": "style", "split": "train", "n": 4000, "TP": 1802, "FP": 304, "TN": 1696, "FN": 198, "precision": 0.855650522317189, "recall": 0.901, "accuracy": 0.8745, "f1": 0.8777398928397467, "negative_accuracy": 0.848, "balanced_accuracy": 0.8745, "AUC": 0.945334, "CI_95.0": [0.9388332254406913, 0.9518347745593088]}