{"model": "logistic_tfidf", "dataset": "h103_bayram", "congress": "103", "chamber": "House", "bayram": "style", "split": "train", "n": 4000, "TP": 1727, "FP": 376, "TN": 1624, "FN": 273, "precision": 0.821207798383262, "recall": 0.8635, "accuracy": 0.83775, "f1": 0.841823056300268, "negative_accuracy": 0.812, "balanced_accuracy": 0.83775, "AUC": 0.9193714999999999, "CI_95.0": [0.9112457869386572, 0.9274972130613426]}