{"model": "cnn3_avg_drop_128_7_l64_s1_d4_30_e300_glove840_trainable", "dataset": "h106_max_balanced_0_1_1", "congress": "106", "chamber": "House", "style": "max_balanced_0_1_1", "split": "train", "n": 27700, "TP": 12832, "FP": 1346, "TN": 12504, "FN": 1018, "precision": 0.9050641839469601, "recall": 0.9264981949458484, "accuracy": 0.9146570397111914, "f1": 0.9156557727986299, "negative_accuracy": 0.9028158844765343, "balanced_accuracy": 0.9146570397111913, "AUC": 0.97837448161712, "CI_95.0": [0.9770852737705024, 0.9796636894637377]}