{"model": "cnn3_avg_drop_128_7_l64_s1_d4_30_e300_glove840_trainable", "dataset": "h100_max_balanced_0_1_1", "congress": "100", "chamber": "House", "style": "max_balanced_0_1_1", "split": "train", "n": 26218, "TP": 10483, "FP": 1323, "TN": 11786, "FN": 2626, "precision": 0.8879383364390988, "recall": 0.7996796094286368, "accuracy": 0.8493782897246167, "f1": 0.8415011037527593, "negative_accuracy": 0.8990769700205965, "balanced_accuracy": 0.8493782897246167, "AUC": 0.9328621760797396, "CI_95.0": [0.9300353271613384, 0.9356890249981409]}