{"model": "cnn3_avg_drop_128_7_l64_s1_d4_30_e300_glove840_trainable", "dataset": "h103_max_balanced_0_1_1", "congress": "103", "chamber": "House", "style": "max_balanced_0_1_1", "split": "train", "n": 28186, "TP": 13155, "FP": 1119, "TN": 12974, "FN": 938, "precision": 0.9216057166876839, "recall": 0.9334421343929611, "accuracy": 0.9270205066344994, "f1": 0.9274861634998414, "negative_accuracy": 0.9205988788760378, "balanced_accuracy": 0.9270205066344994, "AUC": 0.9819876426903709, "CI_95.0": [0.980828791207542, 0.9831464941731998]}