{"model": "cnn3_avg_drop_128_7_l64_s1_d4_30_e300_glove840_trainable", "dataset": "h097_max_balanced_0_1_1", "congress": "097", "chamber": "House", "style": "max_balanced_0_1_1", "split": "train", "n": 23038, "TP": 9798, "FP": 874, "TN": 10645, "FN": 1721, "precision": 0.9181034482758621, "recall": 0.8505946696761871, "accuracy": 0.8873600138900947, "f1": 0.8830607002838989, "negative_accuracy": 0.9241253581040021, "balanced_accuracy": 0.8873600138900946, "AUC": 0.9638803427554792, "CI_95.0": [0.9619165115799091, 0.9658441739310493]}