{"model": "cnn3_avg_drop_128_7_l64_s1_d4_30_e300_glove840_trainable", "dataset": "h112_max_balanced_0_1_1", "congress": "112", "chamber": "House", "style": "max_balanced_0_1_1", "split": "train", "n": 26090, "TP": 12343, "FP": 832, "TN": 12213, "FN": 702, "precision": 0.9368500948766604, "recall": 0.9461862782675354, "accuracy": 0.9412035262552703, "f1": 0.941495041952708, "negative_accuracy": 0.936220774243005, "balanced_accuracy": 0.9412035262552703, "AUC": 0.9897846987482226, "CI_95.0": [0.9890140375811588, 0.9905553599152864]}