{"model": "cnn3_avg_drop_128_7_l64_s1_d4_30_e300_glove840_trainable", "dataset": "h114_max_balanced_0_1_1", "congress": "114", "chamber": "House", "style": "max_balanced_0_1_1", "split": "train", "n": 18990, "TP": 9053, "FP": 680, "TN": 8815, "FN": 442, "precision": 0.9301345936504675, "recall": 0.9534491837809373, "accuracy": 0.9409162717219589, "f1": 0.9416475972540046, "negative_accuracy": 0.9283833596629805, "balanced_accuracy": 0.9409162717219589, "AUC": 0.9903146829586038, "CI_95.0": [0.9894421450546388, 0.9911872208625688]}