{"model": "cnn3_avg_drop_128_7_l64_s1_d4_30_e300_glove840_trainable", "dataset": "h109_max_balanced_0_1_1", "congress": "109", "chamber": "House", "style": "max_balanced_0_1_1", "split": "train", "n": 25802, "TP": 11315, "FP": 967, "TN": 11934, "FN": 1586, "precision": 0.9212668946425664, "recall": 0.8770637935043795, "accuracy": 0.9010541818463685, "f1": 0.8986220863280784, "negative_accuracy": 0.9250445701883575, "balanced_accuracy": 0.9010541818463684, "AUC": 0.9688694140991938, "CI_95.0": [0.9671216172872017, 0.9706172109111859]}