{"model": "transformer_e100_2_d3_10_l128_glove_not_trainable", "dataset": "h106_max_balanced_0_1_1", "congress": "106", "chamber": "House", "style": "max_balanced_0_1_1", "split": "train", "n": 27700, "TP": 9741, "FP": 4442, "TN": 9408, "FN": 4109, "precision": 0.6868081506028344, "recall": 0.7033212996389892, "accuracy": 0.6912996389891697, "f1": 0.6949666464523955, "negative_accuracy": 0.6792779783393502, "balanced_accuracy": 0.6912996389891697, "AUC": 0.7834924552646325, "CI_95.0": [0.7782621340555114, 0.7887227764737537]}