{"model": "transformer_e100_2_d3_10_l128_glove_not_trainable", "dataset": "h112_max_balanced_0_1_1", "congress": "112", "chamber": "House", "style": "max_balanced_0_1_1", "split": "train", "n": 26090, "TP": 8811, "FP": 1809, "TN": 11236, "FN": 4234, "precision": 0.8296610169491525, "recall": 0.6754311996933691, "accuracy": 0.7683786891529322, "f1": 0.7446439890133107, "negative_accuracy": 0.8613261786124952, "balanced_accuracy": 0.7683786891529321, "AUC": 0.8671125879826604, "CI_95.0": [0.8629564956689554, 0.8712686802963655]}