{"model": "transformer_e100_2_d3_10_l128_glove_not_trainable", "dataset": "h097_max_balanced_0_1_1", "congress": "097", "chamber": "House", "style": "max_balanced_0_1_1", "split": "train", "n": 23038, "TP": 5314, "FP": 3010, "TN": 8509, "FN": 6205, "precision": 0.638395002402691, "recall": 0.4613247677749805, "accuracy": 0.6000086813091414, "f1": 0.5356044952880109, "negative_accuracy": 0.7386925948433024, "balanced_accuracy": 0.6000086813091414, "AUC": 0.6447351040465714, "CI_95.0": [0.6376991147757585, 0.6517710933173844]}