{"model": "transformer_e100_2_d3_10_l128_glove_not_trainable", "dataset": "h114_max_balanced_0_1_1", "congress": "114", "chamber": "House", "style": "max_balanced_0_1_1", "split": "train", "n": 18990, "TP": 6196, "FP": 2294, "TN": 7201, "FN": 3299, "precision": 0.7297997644287397, "recall": 0.6525539757767246, "accuracy": 0.7054765666140074, "f1": 0.6890186266333056, "negative_accuracy": 0.7583991574512902, "balanced_accuracy": 0.7054765666140074, "AUC": 0.7828165429492144, "CI_95.0": [0.7764390182281556, 0.7891940676702732]}