{"model": "transformer_e100_2_d3_10_l128_glove_not_trainable", "dataset": "h100_max_balanced_0_1_1", "congress": "100", "chamber": "House", "style": "max_balanced_0_1_1", "split": "train", "n": 26218, "TP": 8088, "FP": 4198, "TN": 8911, "FN": 5021, "precision": 0.6583102718541429, "recall": 0.6169807002822488, "accuracy": 0.6483713479289038, "f1": 0.6369757826343768, "negative_accuracy": 0.6797619955755588, "balanced_accuracy": 0.6483713479289038, "AUC": 0.7138377584971035, "CI_95.0": [0.7077184549642286, 0.7199570620299784]}