{"model": "transformer_e100_2_d3_10_l128_glove_not_trainable", "dataset": "h103_max_balanced_0_1_1", "congress": "103", "chamber": "House", "style": "max_balanced_0_1_1", "split": "train", "n": 28186, "TP": 10633, "FP": 5644, "TN": 8449, "FN": 3460, "precision": 0.6532530564600356, "recall": 0.7544880437096431, "accuracy": 0.6770027673312993, "f1": 0.7002304906157393, "negative_accuracy": 0.5995174909529554, "balanced_accuracy": 0.6770027673312993, "AUC": 0.7453583960808057, "CI_95.0": [0.7397181813622741, 0.7509986107993373]}