{"model": "transformer_e100_2_d3_10_l128_glove_not_trainable", "dataset": "h109_max_balanced_0_1_1", "congress": "109", "chamber": "House", "style": "max_balanced_0_1_1", "split": "train", "n": 25802, "TP": 8496, "FP": 2591, "TN": 10310, "FN": 4405, "precision": 0.7663028772436187, "recall": 0.6585536004960856, "accuracy": 0.7288582280443376, "f1": 0.7083541770885442, "negative_accuracy": 0.7991628555925897, "balanced_accuracy": 0.7288582280443376, "AUC": 0.8190221285383186, "CI_95.0": [0.8140512696102089, 0.8239929874664282]}