{"model": "cnn2_a10-4_avg_drop_128_7_l256_s1_d3_5_e300_glove840_trainable", "dataset": "h103_max_balanced_0_1_1", "congress": "103", "chamber": "House", "style": "max_balanced_0_1_1", "split": "train", "n": 28186, "TP": 11583, "FP": 1973, "TN": 12120, "FN": 2510, "precision": 0.8544555916199469, "recall": 0.8218973958702902, "accuracy": 0.8409494075072731, "f1": 0.8378603204455857, "negative_accuracy": 0.860001419144256, "balanced_accuracy": 0.8409494075072731, "AUC": 0.925798452041189, "CI_95.0": [0.9228954375286397, 0.9287014665537384]}