{"model": "cnn2_a10-4_avg_drop_128_7_l256_s1_d3_5_e300_glove840_trainable", "dataset": "h100_max_balanced_0_1_1", "congress": "100", "chamber": "House", "style": "max_balanced_0_1_1", "split": "train", "n": 26218, "TP": 11741, "FP": 2166, "TN": 10943, "FN": 1368, "precision": 0.8442510965700726, "recall": 0.8956442138988481, "accuracy": 0.8652071096193454, "f1": 0.869188628960616, "negative_accuracy": 0.8347700053398428, "balanced_accuracy": 0.8652071096193454, "AUC": 0.9488341707765461, "CI_95.0": [0.9464341775607148, 0.9512341639923774]}