{"model": "cnn2_a10-4_avg_drop_128_7_l256_s1_d3_5_e300_glove840_trainable", "dataset": "h114_max_balanced_0_1_1", "congress": "114", "chamber": "House", "style": "max_balanced_0_1_1", "split": "train", "n": 18990, "TP": 8795, "FP": 526, "TN": 8969, "FN": 700, "precision": 0.943568286664521, "recall": 0.9262769878883623, "accuracy": 0.9354397051079516, "f1": 0.93484268707483, "negative_accuracy": 0.9446024223275408, "balanced_accuracy": 0.9354397051079515, "AUC": 0.9869809419940818, "CI_95.0": [0.9858926182890348, 0.9880692656991288]}