{"model": "cnn2_a10-4_avg_drop_128_7_l256_s1_d3_5_e300_glove840_trainable", "dataset": "h109_max_balanced_0_1_1", "congress": "109", "chamber": "House", "style": "max_balanced_0_1_1", "split": "train", "n": 25802, "TP": 12280, "FP": 691, "TN": 12210, "FN": 621, "precision": 0.9467273147791226, "recall": 0.951864196573909, "accuracy": 0.9491512285869312, "f1": 0.9492888064316636, "negative_accuracy": 0.9464382605999535, "balanced_accuracy": 0.9491512285869312, "AUC": 0.9911561906082935, "CI_95.0": [0.9904031054617948, 0.9919092757547923]}