{"model": "cnn2_a10-4_avg_drop_128_7_l256_s1_d3_5_e300_glove840_trainable", "dataset": "h097_max_balanced_0_1_1", "congress": "097", "chamber": "House", "style": "max_balanced_0_1_1", "split": "train", "n": 23038, "TP": 8629, "FP": 1944, "TN": 9575, "FN": 2890, "precision": 0.8161354393265866, "recall": 0.7491101658130046, "accuracy": 0.7901727580519142, "f1": 0.7811877602752126, "negative_accuracy": 0.8312353502908238, "balanced_accuracy": 0.7901727580519142, "AUC": 0.8775250002899673, "CI_95.0": [0.873216233685334, 0.8818337668946006]}