{"model": "cnn2_a10-4_avg_drop_128_7_l256_s1_d3_5_e300_glove840_trainable", "dataset": "h112_max_balanced_0_1_1", "congress": "112", "chamber": "House", "style": "max_balanced_0_1_1", "split": "train", "n": 26090, "TP": 11023, "FP": 1420, "TN": 11625, "FN": 2022, "precision": 0.8858796110262799, "recall": 0.8449980835569184, "accuracy": 0.8680720582598697, "f1": 0.864956057752668, "negative_accuracy": 0.891146032962821, "balanced_accuracy": 0.8680720582598698, "AUC": 0.9493624436801524, "CI_95.0": [0.9470241378710147, 0.9517007494892902]}