{"model": "cnn2_a10-4_avg_drop_128_7_l256_s1_d3_5_e300_glove840_trainable", "dataset": "h106_max_balanced_0_1_1", "congress": "106", "chamber": "House", "style": "max_balanced_0_1_1", "split": "train", "n": 27700, "TP": 12260, "FP": 903, "TN": 12947, "FN": 1590, "precision": 0.9313986173364734, "recall": 0.8851985559566787, "accuracy": 0.91, "f1": 0.9077111020619703, "negative_accuracy": 0.9348014440433213, "balanced_accuracy": 0.91, "AUC": 0.9756622033390241, "CI_95.0": [0.9742575084247523, 0.9770668982532958]}