{"model": "svm_cv_c", "dataset": "h103_max_balanced_0", "congress": "103", "chamber": "House", "max_balanced_0": "style", "split": "train", "n": 28186, "TP": 14093, "FP": 14093, "TN": 0, "FN": 0, "precision": 0.5, "recall": 1.0, "accuracy": 0.5, "f1": 0.6666666666666666, "negative_accuracy": 0.0, "balanced_accuracy": 0.5, "AUC": 0.998438941318385, "CI_95.0": [0.9979780309854627, 0.9988998516513072]}