{"model": "cnn2_avg_128_7_l128_s1_e300_glove_not_trainable", "dataset": "h097_max_balanced_0_1_1", "congress": "097", "chamber": "House", "style": "max_balanced_0_1_1", "split": "train", "n": 23038, "TP": 9407, "FP": 1182, "TN": 10337, "FN": 2112, "precision": 0.8883747284918312, "recall": 0.8166507509332407, "accuracy": 0.8570188384408369, "f1": 0.8510041613895423, "negative_accuracy": 0.8973869259484331, "balanced_accuracy": 0.8570188384408368, "AUC": 0.9410947249150581, "CI_95.0": [0.9382869184272169, 0.9439025314028993]}