{"model": "cnn2_avg_128_7_l128_s1_e300_glove_not_trainable", "dataset": "h109_max_balanced_0_1_1", "congress": "109", "chamber": "House", "style": "max_balanced_0_1_1", "split": "train", "n": 25802, "TP": 12566, "FP": 335, "TN": 12566, "FN": 335, "precision": 0.9740330206960701, "recall": 0.9740330206960701, "accuracy": 0.9740330206960701, "f1": 0.9740330206960701, "negative_accuracy": 0.9740330206960701, "balanced_accuracy": 0.9740330206960701, "AUC": 0.9971240893057618, "CI_95.0": [0.9967228720345961, 0.9975253065769275]}