{"model": "cnn2_avg_128_7_l128_s1_e300_glove_not_trainable", "dataset": "h112_max_balanced_0_1_1", "congress": "112", "chamber": "House", "style": "max_balanced_0_1_1", "split": "train", "n": 26090, "TP": 11335, "FP": 655, "TN": 12390, "FN": 1710, "precision": 0.945371142618849, "recall": 0.8689152932157915, "accuracy": 0.9093522422384055, "f1": 0.9055322548432195, "negative_accuracy": 0.9497891912610196, "balanced_accuracy": 0.9093522422384055, "AUC": 0.9753349030194591, "CI_95.0": [0.9738514042260717, 0.9768184018128465]}