{"model": "cnn2_avg_128_7_l128_s1_e300_glove_not_trainable", "dataset": "h106_max_balanced_0_1_1", "congress": "106", "chamber": "House", "style": "max_balanced_0_1_1", "split": "train", "n": 27700, "TP": 10946, "FP": 1599, "TN": 12251, "FN": 2904, "precision": 0.8725388601036269, "recall": 0.7903249097472924, "accuracy": 0.8374368231046931, "f1": 0.8293995074824777, "negative_accuracy": 0.8845487364620939, "balanced_accuracy": 0.8374368231046931, "AUC": 0.9268131944896976, "CI_95.0": [0.9239327117348497, 0.9296936772445454]}