{"model": "cnn2_avg_128_7_l128_s1_e300_glove_not_trainable", "dataset": "h114_max_balanced_0_1_1", "congress": "114", "chamber": "House", "style": "max_balanced_0_1_1", "split": "train", "n": 18990, "TP": 8937, "FP": 172, "TN": 9323, "FN": 558, "precision": 0.9811175760237129, "recall": 0.9412322274881516, "accuracy": 0.9615587151132174, "f1": 0.9607611266394324, "negative_accuracy": 0.9818852027382833, "balanced_accuracy": 0.9615587151132174, "AUC": 0.9959165004945647, "CI_95.0": [0.995432527635561, 0.9964004733535684]}