{"model": "cnn2_avg_128_7_l128_s1_e300_glove_not_trainable", "dataset": "h100_max_balanced_0_1_1", "congress": "100", "chamber": "House", "style": "max_balanced_0_1_1", "split": "train", "n": 26218, "TP": 9538, "FP": 1819, "TN": 11290, "FN": 3571, "precision": 0.8398344633265827, "recall": 0.7275917308719201, "accuracy": 0.7944160500419559, "f1": 0.7796942695986266, "negative_accuracy": 0.8612403692119918, "balanced_accuracy": 0.7944160500419559, "AUC": 0.8797297940472603, "CI_95.0": [0.8757095622931091, 0.8837500258014114]}