{"model": "cnn2_avg_128_7_l128_s1_e300_glove_not_trainable", "dataset": "h103_max_balanced_0_1_1", "congress": "103", "chamber": "House", "style": "max_balanced_0_1_1", "split": "train", "n": 28186, "TP": 12300, "FP": 1276, "TN": 12817, "FN": 1793, "precision": 0.9060106069534473, "recall": 0.8727737174483786, "accuracy": 0.8911161569573547, "f1": 0.889081643716795, "negative_accuracy": 0.9094585964663308, "balanced_accuracy": 0.8911161569573547, "AUC": 0.961577482408988, "CI_95.0": [0.9596309182948968, 0.9635240465230792]}