{"model": "cnn2_avg_drop_128_7_l64_s1_d3_5_e300_glove840_trainable", "dataset": "h103_max_balanced_0_1_1", "congress": "103", "chamber": "House", "style": "max_balanced_0_1_1", "split": "train", "n": 28186, "TP": 13151, "FP": 2376, "TN": 11717, "FN": 942, "precision": 0.8469762349455787, "recall": 0.9331583055417583, "accuracy": 0.8822819839636699, "f1": 0.887981093855503, "negative_accuracy": 0.8314056623855814, "balanced_accuracy": 0.8822819839636699, "AUC": 0.9591146911292645, "CI_95.0": [0.9570913099379957, 0.9611380723205333]}