{"model": "cnn2_avg_drop_128_7_l64_s1_d3_5_e300_glove840_trainable", "dataset": "h097_max_balanced_0_1_1", "congress": "097", "chamber": "House", "style": "max_balanced_0_1_1", "split": "train", "n": 23038, "TP": 10038, "FP": 1119, "TN": 10400, "FN": 1481, "precision": 0.8997042215649368, "recall": 0.8714298116155916, "accuracy": 0.8871429811615592, "f1": 0.8853413300405715, "negative_accuracy": 0.9028561507075267, "balanced_accuracy": 0.8871429811615592, "AUC": 0.9605797533346072, "CI_95.0": [0.9584256023870209, 0.9627339042821935]}