{"model": "cnn2_avg_drop_128_7_l64_s1_d3_5_e300_glove840_trainable", "dataset": "h106_max_balanced_0_1_1", "congress": "106", "chamber": "House", "style": "max_balanced_0_1_1", "split": "train", "n": 27700, "TP": 12329, "FP": 1778, "TN": 12072, "FN": 1521, "precision": 0.8739632806408166, "recall": 0.8901805054151625, "accuracy": 0.8809025270758123, "f1": 0.881997353077941, "negative_accuracy": 0.8716245487364621, "balanced_accuracy": 0.8809025270758123, "AUC": 0.9563430984373573, "CI_95.0": [0.9542563601669628, 0.9584298367077518]}