{"model": "cnn2_avg_drop_128_7_l64_s1_d3_5_e300_glove840_trainable", "dataset": "h100_max_balanced_0_1_1", "congress": "100", "chamber": "House", "style": "max_balanced_0_1_1", "split": "train", "n": 26218, "TP": 12311, "FP": 1363, "TN": 11746, "FN": 798, "precision": 0.900321778557847, "recall": 0.9391257914409947, "accuracy": 0.9175757113433519, "f1": 0.9193144905350409, "negative_accuracy": 0.8960256312457091, "balanced_accuracy": 0.9175757113433519, "AUC": 0.9789902528999225, "CI_95.0": [0.9776189321014702, 0.9803615736983747]}