{"model": "cnn2_avg_drop_128_7_l64_s1_d3_5_e300_glove840_trainable", "dataset": "h109_max_balanced_0_1_1", "congress": "109", "chamber": "House", "style": "max_balanced_0_1_1", "split": "train", "n": 25802, "TP": 11930, "FP": 493, "TN": 12408, "FN": 971, "precision": 0.9603155437494969, "recall": 0.9247345167041314, "accuracy": 0.9432602123866367, "f1": 0.9421892276101721, "negative_accuracy": 0.9617859080691419, "balanced_accuracy": 0.9432602123866367, "AUC": 0.9884955671286133, "CI_95.0": [0.98755592214031, 0.9894352121169167]}