{"model": "cnn2_avg_drop_128_7_l64_s1_d3_5_e300_glove840_trainable", "dataset": "h114_max_balanced_0_1_1", "congress": "114", "chamber": "House", "style": "max_balanced_0_1_1", "split": "train", "n": 18990, "TP": 9031, "FP": 284, "TN": 9211, "FN": 464, "precision": 0.9695115405260333, "recall": 0.9511321748288573, "accuracy": 0.9606108478146392, "f1": 0.9602339181286549, "negative_accuracy": 0.9700895208004213, "balanced_accuracy": 0.9606108478146393, "AUC": 0.9953794533360729, "CI_95.0": [0.9948551896680782, 0.9959037170040677]}