{"model": "cnn2_avg_drop_128_7_l64_s1_d3_5_e300_glove840_trainable", "dataset": "h112_max_balanced_0_1_1", "congress": "112", "chamber": "House", "style": "max_balanced_0_1_1", "split": "train", "n": 26090, "TP": 12175, "FP": 477, "TN": 12568, "FN": 870, "precision": 0.9622984508378122, "recall": 0.9333077807589114, "accuracy": 0.9483710233806056, "f1": 0.94758142973888, "negative_accuracy": 0.9634342660022998, "balanced_accuracy": 0.9483710233806055, "AUC": 0.9919709129629266, "CI_95.0": [0.9913111991077314, 0.9926306268181219]}