{"model": "lstm2_drop_128_05_l32", "dataset": "h097_max_balanced_0_1_1", "congress": "097", "chamber": "House", "style": "max_balanced_0_1_1", "split": "train", "n": 23038, "TP": 10009, "FP": 557, "TN": 10962, "FN": 1510, "precision": 0.9472837402990725, "recall": 0.8689122319645802, "accuracy": 0.9102786700234395, "f1": 0.9064070636178401, "negative_accuracy": 0.9516451080822989, "balanced_accuracy": 0.9102786700234395, "AUC": 0.9754045639659679, "CI_95.0": [0.9738004632240702, 0.9770086647078655]}