{"model": "lstm2_drop_128_05_l32", "dataset": "h109_bayram_1_1", "congress": "109", "chamber": "House", "style": "bayram_1_1", "split": "train", "n": 4000, "TP": 1840, "FP": 57, "TN": 1943, "FN": 160, "precision": 0.9699525566684238, "recall": 0.92, "accuracy": 0.94575, "f1": 0.9443161406209906, "negative_accuracy": 0.9715, "balanced_accuracy": 0.9457500000000001, "AUC": 0.9865532499999999, "CI_95.0": [0.983257661590614, 0.9898488384093859]}