{"model": "lstm2_drop_128_05_l32", "dataset": "h114_max_balanced_0_1_1", "congress": "114", "chamber": "House", "style": "max_balanced_0_1_1", "split": "train", "n": 18990, "TP": 8614, "FP": 770, "TN": 8725, "FN": 881, "precision": 0.9179454390451833, "recall": 0.9072143233280674, "accuracy": 0.913059505002633, "f1": 0.9125483341278668, "negative_accuracy": 0.9189046866771985, "balanced_accuracy": 0.9130595050026329, "AUC": 0.9732414249788073, "CI_95.0": [0.9713439634683692, 0.9751388864892454]}