{"model": "lstm2_drop_128_05_l32", "dataset": "h103_max_balanced_0_1_1", "congress": "103", "chamber": "House", "style": "max_balanced_0_1_1", "split": "train", "n": 28186, "TP": 12992, "FP": 1511, "TN": 12582, "FN": 1101, "precision": 0.8958146590360615, "recall": 0.92187610870645, "accuracy": 0.9073298800823104, "f1": 0.9086585536438662, "negative_accuracy": 0.8927836514581707, "balanced_accuracy": 0.9073298800823104, "AUC": 0.970369666636892, "CI_95.0": [0.9686826605846124, 0.9720566726891715]}