{"model": "lstm2_drop_128_05_l32", "dataset": "h112_bayram_1_1", "congress": "112", "chamber": "House", "style": "bayram_1_1", "split": "train", "n": 4000, "TP": 1970, "FP": 10, "TN": 1990, "FN": 30, "precision": 0.9949494949494949, "recall": 0.985, "accuracy": 0.99, "f1": 0.9899497487437187, "negative_accuracy": 0.995, "balanced_accuracy": 0.99, "AUC": 0.9976812500000002, "CI_95.0": [0.9961577533369935, 0.9992047466630068]}