{"model": "lstm2_drop_128_05_l32", "dataset": "h106_max_balanced_0_1_1", "congress": "106", "chamber": "House", "style": "max_balanced_0_1_1", "split": "train", "n": 27700, "TP": 12816, "FP": 1082, "TN": 12768, "FN": 1034, "precision": 0.9221470715210822, "recall": 0.9253429602888087, "accuracy": 0.9236101083032491, "f1": 0.9237422516938159, "negative_accuracy": 0.9218772563176896, "balanced_accuracy": 0.9236101083032491, "AUC": 0.9789945965671387, "CI_95.0": [0.9776615518706022, 0.9803276412636752]}