{"model": "lstm2_drop_128_05_l32", "dataset": "h112_max_balanced_0_1_1", "congress": "112", "chamber": "House", "style": "max_balanced_0_1_1", "split": "train", "n": 26090, "TP": 12292, "FP": 730, "TN": 12315, "FN": 753, "precision": 0.9439410228843496, "recall": 0.9422767343809889, "accuracy": 0.9431582981985435, "f1": 0.9431081443971305, "negative_accuracy": 0.9440398620160981, "balanced_accuracy": 0.9431582981985436, "AUC": 0.9886239057212842, "CI_95.0": [0.9876971665462061, 0.9895506448963624]}