{"model": "lstm2_drop_128_05_l32", "dataset": "h100_max_balanced_0_1_1", "congress": "100", "chamber": "House", "style": "max_balanced_0_1_1", "split": "train", "n": 26218, "TP": 10689, "FP": 962, "TN": 12147, "FN": 2420, "precision": 0.9174319800875461, "recall": 0.8153940041193073, "accuracy": 0.8710046532916317, "f1": 0.8634087237479806, "negative_accuracy": 0.9266153024639561, "balanced_accuracy": 0.8710046532916317, "AUC": 0.9511685851812764, "CI_95.0": [0.9488215618748704, 0.9535156084876825]}