{"model": "lstm2_drop_128_05_l32", "dataset": "h100_bayram_1_1", "congress": "100", "chamber": "House", "style": "bayram_1_1", "split": "train", "n": 4000, "TP": 1961, "FP": 11, "TN": 1989, "FN": 39, "precision": 0.994421906693712, "recall": 0.9805, "accuracy": 0.9875, "f1": 0.987411883182276, "negative_accuracy": 0.9945, "balanced_accuracy": 0.9875, "AUC": 0.9976677500000001, "CI_95.0": [0.9962678400629592, 0.9990676599370409]}