{"model": "lstm2_drop_128_05_l32", "dataset": "h103_bayram_1_1", "congress": "103", "chamber": "House", "style": "bayram_1_1", "split": "train", "n": 4000, "TP": 1979, "FP": 25, "TN": 1975, "FN": 21, "precision": 0.9875249500998003, "recall": 0.9895, "accuracy": 0.9885, "f1": 0.9885114885114885, "negative_accuracy": 0.9875, "balanced_accuracy": 0.9885, "AUC": 0.9978604999999999, "CI_95.0": [0.9965374675136247, 0.9991835324863751]}