{"model": "lstm2_drop_128_05_l32", "dataset": "h109_max_balanced_0_1_1", "congress": "109", "chamber": "House", "style": "max_balanced_0_1_1", "split": "train", "n": 25802, "TP": 12309, "FP": 353, "TN": 12548, "FN": 592, "precision": 0.9721213078502606, "recall": 0.9541120843345477, "accuracy": 0.9633749321758003, "f1": 0.9630325079216053, "negative_accuracy": 0.9726377800170529, "balanced_accuracy": 0.9633749321758003, "AUC": 0.9934229144605735, "CI_95.0": [0.9926663227637553, 0.9941795061573917]}