{"model": "transformer2_e64_2_d3_10_l128", "dataset": "h100_max_balanced_0_1_1", "congress": "100", "chamber": "House", "style": "max_balanced_0_1_1", "split": "train", "n": 26218, "TP": 11754, "FP": 328, "TN": 12781, "FN": 1355, "precision": 0.9728521767919218, "recall": 0.8966358990006865, "accuracy": 0.9358074605233045, "f1": 0.93319042515184, "negative_accuracy": 0.9749790220459227, "balanced_accuracy": 0.9358074605233047, "AUC": 0.9880475662957554, "CI_95.0": [0.9870821712830851, 0.9890129613084258]}