{"model": "transformer2_e64_2_d3_10_l128", "dataset": "h109_max_balanced_0_1_1", "congress": "109", "chamber": "House", "style": "max_balanced_0_1_1", "split": "train", "n": 25802, "TP": 11939, "FP": 1215, "TN": 11686, "FN": 962, "precision": 0.9076326592671431, "recall": 0.92543213704364, "accuracy": 0.9156266956049919, "f1": 0.916445979658415, "negative_accuracy": 0.9058212541663437, "balanced_accuracy": 0.9156266956049919, "AUC": 0.9736321033477646, "CI_95.0": [0.972005045937544, 0.9752591607579852]}