{"model": "transformer2_e64_2_d3_10_l128", "dataset": "h103_max_balanced_0_1_1", "congress": "103", "chamber": "House", "style": "max_balanced_0_1_1", "split": "train", "n": 28186, "TP": 13022, "FP": 1737, "TN": 12356, "FN": 1071, "precision": 0.8823090995324887, "recall": 0.9240048250904704, "accuracy": 0.9003760732278436, "f1": 0.9026757243865243, "negative_accuracy": 0.8767473213652168, "balanced_accuracy": 0.9003760732278436, "AUC": 0.9622450053521012, "CI_95.0": [0.9602084198127944, 0.9642815908914081]}