{"model": "transformer2_e64_2_d3_10_l128", "dataset": "h112_max_balanced_0_1_1", "congress": "112", "chamber": "House", "style": "max_balanced_0_1_1", "split": "train", "n": 26090, "TP": 12600, "FP": 940, "TN": 12105, "FN": 445, "precision": 0.930576070901034, "recall": 0.9658873131467995, "accuracy": 0.9469145266385588, "f1": 0.9479029527929284, "negative_accuracy": 0.9279417401303182, "balanced_accuracy": 0.9469145266385588, "AUC": 0.9910770997759475, "CI_95.0": [0.9902799076631541, 0.9918742918887409]}