{"model": "transformer2_e64_2_d3_10_l128", "dataset": "h106_max_balanced_0_1_1", "congress": "106", "chamber": "House", "style": "max_balanced_0_1_1", "split": "train", "n": 27700, "TP": 13206, "FP": 636, "TN": 13214, "FN": 644, "precision": 0.9540528825314261, "recall": 0.9535018050541516, "accuracy": 0.9537906137184116, "f1": 0.9537772641918244, "negative_accuracy": 0.9540794223826715, "balanced_accuracy": 0.9537906137184116, "AUC": 0.9916534426357699, "CI_95.0": [0.9909301228155459, 0.9923767624559939]}