{"model": "transformer2_e64_2_d3_10_l128", "dataset": "h114_max_balanced_0_1_1", "congress": "114", "chamber": "House", "style": "max_balanced_0_1_1", "split": "train", "n": 18990, "TP": 8510, "FP": 1061, "TN": 8434, "FN": 985, "precision": 0.8891442900428378, "recall": 0.8962611901000527, "accuracy": 0.892259083728278, "f1": 0.8926885555439001, "negative_accuracy": 0.8882569773565034, "balanced_accuracy": 0.892259083728278, "AUC": 0.9622345010719036, "CI_95.0": [0.9598973875682528, 0.9645716145755543]}