{"model": "transformer2_e64_2_d3_10_l128", "dataset": "h097_max_balanced_0_1_1", "congress": "097", "chamber": "House", "style": "max_balanced_0_1_1", "split": "train", "n": 23038, "TP": 9724, "FP": 2179, "TN": 9340, "FN": 1795, "precision": 0.816936906662186, "recall": 0.8441705009115374, "accuracy": 0.8275023873600139, "f1": 0.8303304585432498, "negative_accuracy": 0.8108342738084903, "balanced_accuracy": 0.8275023873600138, "AUC": 0.9134741024806423, "CI_95.0": [0.9099682874222094, 0.9169799175390753]}