{"model": "nn1000nd", "dataset": "h112_max_balanced_0", "split": "train", "n": 26090, "TP": 11228, "FP": 2262, "TN": 10783, "FN": 1817, "precision": 0.8323202372127502, "recall": 0.8607129168263703, "accuracy": 0.8436565733997701, "f1": 0.8462785000942152, "negative_accuracy": 0.8266002299731698, "balanced_accuracy": 0.8436565733997701, "AUC": 0.9243611280996391, "CI_95.0": [0.9213167527819446, 0.9274055034173336]}