{"model": "models.nn1000nd", "dataset": "h103", "split": "train", "n": 4000, "TP": 1712, "FP": 208, "TN": 1792, "FN": 288, "precision": 0.8916666666666667, "recall": 0.856, "accuracy": 0.876, "f1": 0.873469387755102, "negative_accuracy": 0.896, "balanced_accuracy": 0.876, "AUC": 0.9510575, "CI_95.0": [0.9450321565426656, 0.9570828434573344]}