{"model": "nn1000nd", "dataset": "h100_max_balanced_0", "split": "train", "n": 26218, "TP": 11071, "FP": 4427, "TN": 8682, "FN": 2038, "precision": 0.7143502387404826, "recall": 0.8445342894194828, "accuracy": 0.7534136852544053, "f1": 0.7740063620792115, "negative_accuracy": 0.6622930810893279, "balanced_accuracy": 0.7534136852544053, "AUC": 0.8486920207299004, "CI_95.0": [0.8441485401190021, 0.8532355013407986]}