{"model": "models.nn1000nd", "dataset": "h100", "split": "train", "n": 4000, "TP": 1776, "FP": 378, "TN": 1622, "FN": 224, "precision": 0.8245125348189415, "recall": 0.888, "accuracy": 0.8495, "f1": 0.8550794415021666, "negative_accuracy": 0.811, "balanced_accuracy": 0.8495, "AUC": 0.9293165, "CI_95.0": [0.9217179722102203, 0.9369150277897796]}