{"model": "nn1000nd", "dataset": "h109_max_balanced_0", "split": "train", "n": 25802, "TP": 10760, "FP": 1233, "TN": 11668, "FN": 2141, "precision": 0.897190027516051, "recall": 0.8340438725680179, "accuracy": 0.8692349430276722, "f1": 0.8644653330119707, "negative_accuracy": 0.9044260134873265, "balanced_accuracy": 0.8692349430276722, "AUC": 0.9453806425938371, "CI_95.0": [0.9428392821183957, 0.9479220030692785]}