{"model": "nn1000nd", "dataset": "h106_max_balanced_0", "split": "train", "n": 27700, "TP": 10942, "FP": 2402, "TN": 11448, "FN": 2908, "precision": 0.819994004796163, "recall": 0.7900361010830325, "accuracy": 0.808303249097473, "f1": 0.8047363388982864, "negative_accuracy": 0.8265703971119134, "balanced_accuracy": 0.8083032490974729, "AUC": 0.8930700517405414, "CI_95.0": [0.8894408779214986, 0.8966992255595843]}