{"model": "lstm2_drop_bidi_128_d2_75_l64", "dataset": "h114_max_balanced_0_1_1", "congress": "114", "chamber": "House", "style": "max_balanced_0_1_1", "split": "train", "n": 18990, "TP": 9003, "FP": 237, "TN": 9258, "FN": 492, "precision": 0.9743506493506493, "recall": 0.9481832543443918, "accuracy": 0.9616113744075829, "f1": 0.9610888710968775, "negative_accuracy": 0.9750394944707741, "balanced_accuracy": 0.9616113744075829, "AUC": 0.9957390672344664, "CI_95.0": [0.9951910638073183, 0.9962870706616145]}