{"model": "lstm2_drop_bidi_128_d2_75_l64", "dataset": "h106_max_balanced_0_1_1", "congress": "106", "chamber": "House", "style": "max_balanced_0_1_1", "split": "train", "n": 27700, "TP": 12928, "FP": 1170, "TN": 12680, "FN": 922, "precision": 0.9170095048943112, "recall": 0.9334296028880866, "accuracy": 0.9244765342960288, "f1": 0.9251467010161729, "negative_accuracy": 0.9155234657039711, "balanced_accuracy": 0.9244765342960288, "AUC": 0.9768351262234618, "CI_95.0": [0.9752775707374239, 0.9783926817094997]}