{"model": "lstm2_drop_bidi_128_d2_75_l64", "dataset": "h103_max_balanced_0_1_1", "congress": "103", "chamber": "House", "style": "max_balanced_0_1_1", "split": "train", "n": 28186, "TP": 12974, "FP": 1105, "TN": 12988, "FN": 1119, "precision": 0.9215143120960295, "recall": 0.9205988788760378, "accuracy": 0.9210955793656426, "f1": 0.9210563680249892, "negative_accuracy": 0.9215922798552473, "balanced_accuracy": 0.9210955793656426, "AUC": 0.976924719935637, "CI_95.0": [0.9755069655813721, 0.978342474289902]}