{"model": "lstm2_drop_bidi_128_d2_75_l64", "dataset": "h097_max_balanced_0_1_1", "congress": "097", "chamber": "House", "style": "max_balanced_0_1_1", "split": "train", "n": 23038, "TP": 11072, "FP": 142, "TN": 11377, "FN": 447, "precision": 0.9873372570001784, "recall": 0.9611945481378592, "accuracy": 0.9744335445785225, "f1": 0.974090529186645, "negative_accuracy": 0.9876725410191857, "balanced_accuracy": 0.9744335445785224, "AUC": 0.9973817174644086, "CI_95.0": [0.99696861749964, 0.9977948174291772]}