{"model": "lstm2_drop_bidi_128_d2_75_l64", "dataset": "h100_max_balanced_0_1_1", "congress": "100", "chamber": "House", "style": "max_balanced_0_1_1", "split": "train", "n": 26218, "TP": 11182, "FP": 1216, "TN": 11893, "FN": 1927, "precision": 0.90191966446201, "recall": 0.8530017545197955, "accuracy": 0.8801205278816081, "f1": 0.8767789234327831, "negative_accuracy": 0.9072393012434206, "balanced_accuracy": 0.880120527881608, "AUC": 0.952481389414274, "CI_95.0": [0.9501627115091121, 0.9548000673194358]}