{"model": "lstm2_drop_bidi_128_d2_75_l64", "dataset": "h100_max_balanced_0_1_1", "congress": "100", "chamber": "House", "style": "max_balanced_0_1_1", "split": "train", "n": 26218, "TP": 12692, "FP": 585, "TN": 12524, "FN": 417, "precision": 0.9559388416057845, "recall": 0.968189793271798, "accuracy": 0.9617819818445343, "f1": 0.9620253164556961, "negative_accuracy": 0.9553741704172706, "balanced_accuracy": 0.9617819818445343, "AUC": 0.9940007406985799, "CI_95.0": [0.9933323722399658, 0.994669109157194]}