{"model": "lstm2_drop_bidi_128_d2_75_l64", "dataset": "h109_max_balanced_0_1_1", "congress": "109", "chamber": "House", "style": "max_balanced_0_1_1", "split": "train", "n": 25802, "TP": 11876, "FP": 751, "TN": 12150, "FN": 1025, "precision": 0.9405242733824345, "recall": 0.9205487946670801, "accuracy": 0.9311681265018216, "f1": 0.9304293324976496, "negative_accuracy": 0.9417874583365631, "balanced_accuracy": 0.9311681265018216, "AUC": 0.9819020428182998, "CI_95.0": [0.9805793120378631, 0.9832247735987366]}