{"model": "lstm2_drop_bidi_128_d2_75_l64", "dataset": "h097_max_balanced_0_1_1", "congress": "097", "chamber": "House", "style": "max_balanced_0_1_1", "split": "train", "n": 23038, "TP": 11260, "FP": 107, "TN": 11412, "FN": 259, "precision": 0.9905867863112519, "recall": 0.977515409323726, "accuracy": 0.9841132042712041, "f1": 0.9840076902910075, "negative_accuracy": 0.9907109992186822, "balanced_accuracy": 0.9841132042712042, "AUC": 0.998870517893562, "CI_95.0": [0.9986217042879433, 0.9991193314991806]}