{"model": "lstm2_drop_bidi_128_d2_75_l64", "dataset": "h112_max_balanced_0_1_1", "congress": "112", "chamber": "House", "style": "max_balanced_0_1_1", "split": "train", "n": 26090, "TP": 12256, "FP": 663, "TN": 12382, "FN": 789, "precision": 0.9486802384085455, "recall": 0.9395170563434266, "accuracy": 0.9443464929091606, "f1": 0.9440764134956093, "negative_accuracy": 0.9491759294748946, "balanced_accuracy": 0.9443464929091606, "AUC": 0.9880112874016749, "CI_95.0": [0.9869301575368645, 0.9890924172664852]}