{"model": "lstm2_drop_bidi_128_d2_75_l64", "dataset": "h103_max_balanced_0_1_1", "congress": "103", "chamber": "House", "style": "max_balanced_0_1_1", "split": "train", "n": 28186, "TP": 13051, "FP": 2454, "TN": 11639, "FN": 1042, "precision": 0.8417284746855853, "recall": 0.9260625842616902, "accuracy": 0.8759667920244093, "f1": 0.8818839110750727, "negative_accuracy": 0.8258709997871284, "balanced_accuracy": 0.8759667920244093, "AUC": 0.9532844783717678, "CI_95.0": [0.9510242446844673, 0.9555447120590682]}