{"model": "logistic", "dataset": "h114_2gram_bayram", "split": "train", "n": 4000, "TP": 1942, "FP": 62, "TN": 1938, "FN": 58, "precision": 0.969061876247505, "recall": 0.971, "accuracy": 0.97, "f1": 0.97002997002997, "negative_accuracy": 0.969, "balanced_accuracy": 0.97, "AUC": 0.9953785, "CI_95.0": [0.9940723455033222, 0.9966846544966779]}