{"model": "logistic", "dataset": "h109_3gram_bayram", "split": "train", "n": 4000, "TP": 1843, "FP": 108, "TN": 1892, "FN": 157, "precision": 0.9446437724243978, "recall": 0.9215, "accuracy": 0.93375, "f1": 0.9329283725639079, "negative_accuracy": 0.946, "balanced_accuracy": 0.93375, "AUC": 0.98402325, "CI_95.0": [0.9810766164196552, 0.9869698835803449]}