{"model": "models.nn1000nd", "dataset": "h106", "split": "train", "n": 4000, "TP": 1844, "FP": 349, "TN": 1651, "FN": 156, "precision": 0.8408572731418149, "recall": 0.922, "accuracy": 0.87375, "f1": 0.8795611733842118, "negative_accuracy": 0.8255, "balanced_accuracy": 0.87375, "AUC": 0.95466025, "CI_95.0": [0.9489271238889129, 0.9603933761110871]}