{"model": "nn1000nd", "dataset": "h103_max_balanced_0", "split": "train", "n": 28186, "TP": 11922, "FP": 2365, "TN": 11728, "FN": 2171, "precision": 0.8344648981591657, "recall": 0.8459518910097211, "accuracy": 0.839069041368055, "f1": 0.840169133192389, "negative_accuracy": 0.832186191726389, "balanced_accuracy": 0.839069041368055, "AUC": 0.9213766893567792, "CI_95.0": [0.9183650483972372, 0.9243883303163212]}