{"model": "nn1000nd", "dataset": "h097_max_balanced_0", "split": "train", "n": 23038, "TP": 8160, "FP": 2420, "TN": 9099, "FN": 3359, "precision": 0.7712665406427222, "recall": 0.7083948259397517, "accuracy": 0.7491535723587117, "f1": 0.7384949545228291, "negative_accuracy": 0.7899123187776717, "balanced_accuracy": 0.7491535723587117, "AUC": 0.8304408473388809, "CI_95.0": [0.8252817718176437, 0.8355999228601181]}