{"model": "models.nn1000nd", "dataset": "h097", "split": "train", "n": 4000, "TP": 1606, "FP": 522, "TN": 1478, "FN": 394, "precision": 0.7546992481203008, "recall": 0.803, "accuracy": 0.771, "f1": 0.7781007751937986, "negative_accuracy": 0.739, "balanced_accuracy": 0.771, "AUC": 0.856456, "CI_95.0": [0.8451928674329856, 0.8677191325670144]}