{"model": "nn1000nd", "dataset": "h114_max_balanced_0", "split": "train", "n": 18990, "TP": 8658, "FP": 1466, "TN": 8029, "FN": 837, "precision": 0.8551955748715923, "recall": 0.9118483412322275, "accuracy": 0.878725645076356, "f1": 0.8826137927519242, "negative_accuracy": 0.8456029489204845, "balanced_accuracy": 0.878725645076356, "AUC": 0.955386663139409, "CI_95.0": [0.9528052343823191, 0.9579680918964989]}