{"model": "transformer_e128_2_d3_10_l16", "dataset": "h100_max_balanced_0_1_1", "congress": "100", "chamber": "House", "style": "max_balanced_0_1_1", "split": "train", "n": 26218, "TP": 13109, "FP": 13109, "TN": 0, "FN": 0, "precision": 0.5, "recall": 1.0, "accuracy": 0.5, "f1": 0.6666666666666666, "negative_accuracy": 0.0, "balanced_accuracy": 0.5, "AUC": 0.495849827788424, "CI_95.0": [0.4888516712433605, 0.5028479843334875]}