{"model": "transformer_e128_2_d3_10_l16", "dataset": "h106_max_balanced_0_1_1", "congress": "106", "chamber": "House", "style": "max_balanced_0_1_1", "split": "train", "n": 27700, "TP": 10387, "FP": 1358, "TN": 12492, "FN": 3463, "precision": 0.8843763303533418, "recall": 0.7499638989169675, "accuracy": 0.825956678700361, "f1": 0.8116428990037116, "negative_accuracy": 0.9019494584837545, "balanced_accuracy": 0.8259566787003609, "AUC": 0.9212672262117321, "CI_95.0": [0.9182764707374537, 0.9242579816860105]}