{"model": "transformer_e128_2_d3_10_l16", "dataset": "h114_max_balanced_0_1_1", "congress": "114", "chamber": "House", "style": "max_balanced_0_1_1", "split": "train", "n": 18990, "TP": 7863, "FP": 411, "TN": 9084, "FN": 1632, "precision": 0.9503263234227701, "recall": 0.8281200631911533, "accuracy": 0.8924170616113745, "f1": 0.8850244808374135, "negative_accuracy": 0.9567140600315955, "balanced_accuracy": 0.8924170616113745, "AUC": 0.9678790450116341, "CI_95.0": [0.9658631668490693, 0.969894923174199]}