{"model": "transformer_e128_2_d3_10_l16", "dataset": "h109_max_balanced_0_1_1", "congress": "109", "chamber": "House", "style": "max_balanced_0_1_1", "split": "train", "n": 25802, "TP": 10405, "FP": 750, "TN": 12151, "FN": 2496, "precision": 0.9327655759748992, "recall": 0.8065266258429579, "accuracy": 0.8741957987752887, "f1": 0.8650648486863985, "negative_accuracy": 0.9418649717076195, "balanced_accuracy": 0.8741957987752886, "AUC": 0.952913784456747, "CI_95.0": [0.9505649569087437, 0.9552626120047504]}