{"model": "transformer_e128_2_d3_10_l16", "dataset": "h112_max_balanced_0_1_1", "congress": "112", "chamber": "House", "style": "max_balanced_0_1_1", "split": "train", "n": 26090, "TP": 12222, "FP": 1150, "TN": 11895, "FN": 823, "precision": 0.9139994017349686, "recall": 0.9369106937523956, "accuracy": 0.9243771559984668, "f1": 0.925313245258735, "negative_accuracy": 0.9118436182445382, "balanced_accuracy": 0.9243771559984668, "AUC": 0.9831613480535357, "CI_95.0": [0.9819857899765553, 0.9843369061305162]}