{"model": "cnn2_avg_drop_128_7_l128_s1_d3_10_e512", "dataset": "h109_max_balanced_0_1_1", "congress": "109", "chamber": "House", "style": "max_balanced_0_1_1", "split": "train", "n": 25802, "TP": 11569, "FP": 1014, "TN": 11887, "FN": 1332, "precision": 0.9194150838432806, "recall": 0.8967521897527323, "accuracy": 0.909076815750717, "f1": 0.9079422382671479, "negative_accuracy": 0.9214014417487016, "balanced_accuracy": 0.909076815750717, "AUC": 0.9714827971417042, "CI_95.0": [0.9698119351596662, 0.9731536591237421]}