{"model": "cnn2_avg_drop_128_7_l128_s1_d3_10_e512", "dataset": "h100_max_balanced_0_1_1", "congress": "100", "chamber": "House", "style": "max_balanced_0_1_1", "split": "train", "n": 26218, "TP": 10805, "FP": 1284, "TN": 11825, "FN": 2304, "precision": 0.8937877409214989, "recall": 0.824242886566481, "accuracy": 0.8631474559462964, "f1": 0.8576077466465593, "negative_accuracy": 0.9020520253261118, "balanced_accuracy": 0.8631474559462964, "AUC": 0.94216710669952, "CI_95.0": [0.9395597692375397, 0.9447744441615002]}