{"model": "cnn2_avg_drop_128_7_l128_s1_d3_10_e512", "dataset": "h097_max_balanced_0_1_1", "congress": "097", "chamber": "House", "style": "max_balanced_0_1_1", "split": "train", "n": 23038, "TP": 8827, "FP": 1549, "TN": 9970, "FN": 2692, "precision": 0.8507131842713955, "recall": 0.7662991579130133, "accuracy": 0.8159128396562202, "f1": 0.8063028088604706, "negative_accuracy": 0.865526521399427, "balanced_accuracy": 0.8159128396562201, "AUC": 0.9035311358705822, "CI_95.0": [0.8997841675719553, 0.9072781041692091]}