{"model": "cnn2_avg_drop_128_7_l128_s1_d3_10_e512", "dataset": "h112_max_balanced_0_1_1", "congress": "112", "chamber": "House", "style": "max_balanced_0_1_1", "split": "train", "n": 26090, "TP": 12596, "FP": 398, "TN": 12647, "FN": 449, "precision": 0.9693704786824688, "recall": 0.965580682253737, "accuracy": 0.9675354541970104, "f1": 0.9674718691193978, "negative_accuracy": 0.9694902261402837, "balanced_accuracy": 0.9675354541970104, "AUC": 0.9970108042141472, "CI_95.0": [0.9966944429165495, 0.9973271655117449]}