{"model": "cnn2_avg_drop_128_7_l128_s1_d3_10_e512", "dataset": "h103_max_balanced_0_1_1", "congress": "103", "chamber": "House", "style": "max_balanced_0_1_1", "split": "train", "n": 28186, "TP": 13753, "FP": 1638, "TN": 12455, "FN": 340, "precision": 0.8935741667208109, "recall": 0.9758745476477684, "accuracy": 0.9298233165401263, "f1": 0.9329127662460996, "negative_accuracy": 0.8837720854324842, "balanced_accuracy": 0.9298233165401263, "AUC": 0.9870813439480384, "CI_95.0": [0.9861604989711911, 0.9880021889248857]}