{"model": "cnn2_avg_drop_128_7_l128_s1_d3_10_e512", "dataset": "h106_max_balanced_0_1_1", "congress": "106", "chamber": "House", "style": "max_balanced_0_1_1", "split": "train", "n": 27700, "TP": 12928, "FP": 871, "TN": 12979, "FN": 922, "precision": 0.9368794840205812, "recall": 0.9334296028880866, "accuracy": 0.9352707581227436, "f1": 0.935151361712901, "negative_accuracy": 0.9371119133574007, "balanced_accuracy": 0.9352707581227437, "AUC": 0.9866549753026885, "CI_95.0": [0.9857077610656362, 0.9876021895397409]}