{"model": "cnn2_avg_drop_128_7_l128_s1_d3_10_e512", "dataset": "h114_max_balanced_0_1_1", "congress": "114", "chamber": "House", "style": "max_balanced_0_1_1", "split": "train", "n": 18990, "TP": 8876, "FP": 270, "TN": 9225, "FN": 619, "precision": 0.9704788978788541, "recall": 0.9348077935755661, "accuracy": 0.95318588730911, "f1": 0.9523094254600075, "negative_accuracy": 0.9715639810426541, "balanced_accuracy": 0.9531858873091101, "AUC": 0.9936680567722098, "CI_95.0": [0.9930213609544403, 0.9943147525899794]}