{"model": "lstm_glove", "dataset": "h103_bayram", "congress": "103", "chamber": "House", "bayram": "style", "split": "train", "n": 4000, "TP": 1121, "FP": 672, "TN": 1328, "FN": 879, "precision": 0.6252091466815394, "recall": 0.5605, "accuracy": 0.61225, "f1": 0.5910888478776694, "negative_accuracy": 0.664, "balanced_accuracy": 0.61225, "AUC": 0.6520499999999999, "CI_95.0": [0.6352175312760991, 0.6688824687239007]}