{"model": "lstm_glove", "dataset": "h112_bayram", "congress": "112", "chamber": "House", "bayram": "style", "split": "train", "n": 4000, "TP": 1564, "FP": 1170, "TN": 830, "FN": 436, "precision": 0.5720555961960497, "recall": 0.782, "accuracy": 0.5985, "f1": 0.6607520067596113, "negative_accuracy": 0.415, "balanced_accuracy": 0.5985, "AUC": 0.6615705000000002, "CI_95.0": [0.6449079672827455, 0.6782330327172549]}