{"model": "lstm_glove", "dataset": "h097_bayram", "congress": "097", "chamber": "House", "bayram": "style", "split": "train", "n": 4000, "TP": 1371, "FP": 1125, "TN": 875, "FN": 629, "precision": 0.5492788461538461, "recall": 0.6855, "accuracy": 0.5615, "f1": 0.6098754448398577, "negative_accuracy": 0.4375, "balanced_accuracy": 0.5615, "AUC": 0.5950000000000001, "CI_95.0": [0.5775257562161146, 0.6124742437838856]}