{"model": "lstm_glove", "dataset": "h106_bayram_1_1", "congress": "106", "chamber": "House", "bayram_1_1": "style", "split": "train", "n": 4000, "TP": 1489, "FP": 496, "TN": 1504, "FN": 511, "precision": 0.7501259445843829, "recall": 0.7445, "accuracy": 0.74825, "f1": 0.7473023839397741, "negative_accuracy": 0.752, "balanced_accuracy": 0.7482500000000001, "AUC": 0.8303356249999999, "CI_95.0": [0.8179434863737614, 0.8427277636262385]}