{"model": "lstm_glove", "dataset": "h114_bayram", "congress": "114", "chamber": "House", "bayram": "style", "split": "train", "n": 4000, "TP": 1724, "FP": 603, "TN": 1397, "FN": 276, "precision": 0.740868070477009, "recall": 0.862, "accuracy": 0.78025, "f1": 0.7968569447654263, "negative_accuracy": 0.6985, "balanced_accuracy": 0.78025, "AUC": 0.8880374999999999, "CI_95.0": [0.8783072492747006, 0.8977677507252992]}