{"model": "knn", "dataset": "h109_2gram_max_balanced_0", "congress": "109", "chamber": "House", "2gram_max_balanced_0": "style", "split": "train", "n": 25802, "TP": 9875, "FP": 1425, "TN": 11476, "FN": 3026, "precision": 0.8738938053097345, "recall": 0.765444539183009, "accuracy": 0.8274939927137431, "f1": 0.8160819800834676, "negative_accuracy": 0.8895434462444771, "balanced_accuracy": 0.827493992713743, "AUC": 0.8274939927137432, "CI_95.0": [0.8229463584415324, 0.8320416269859541]}