{"model": "knn", "dataset": "h097_2gram_max_balanced_0", "congress": "097", "chamber": "House", "2gram_max_balanced_0": "style", "split": "train", "n": 23038, "TP": 7226, "FP": 1914, "TN": 9605, "FN": 4293, "precision": 0.7905908096280088, "recall": 0.6273113985589027, "accuracy": 0.730575570796076, "f1": 0.6995498330025655, "negative_accuracy": 0.8338397430332494, "balanced_accuracy": 0.730575570796076, "AUC": 0.7305755707960759, "CI_95.0": [0.7250036997316271, 0.7361474418605247]}