{"model": "knn", "dataset": "h112_bayram_1_1", "congress": "112", "chamber": "House", "bayram_1_1": "style", "split": "train", "n": 4000, "TP": 1374, "FP": 187, "TN": 1813, "FN": 626, "precision": 0.8802049967969251, "recall": 0.687, "accuracy": 0.79675, "f1": 0.7716933445661331, "negative_accuracy": 0.9065, "balanced_accuracy": 0.7967500000000001, "AUC": 0.79675, "CI_95.0": [0.7847489467173088, 0.8087510532826911]}