{"model": "knn", "dataset": "h114_2gram_max_balanced_0", "congress": "114", "chamber": "House", "2gram_max_balanced_0": "style", "split": "train", "n": 18990, "TP": 7061, "FP": 986, "TN": 8509, "FN": 2434, "precision": 0.8774698645457935, "recall": 0.7436545550289626, "accuracy": 0.8199052132701422, "f1": 0.8050393341694219, "negative_accuracy": 0.8961558715113217, "balanced_accuracy": 0.8199052132701421, "AUC": 0.8199052132701421, "CI_95.0": [0.8145482609760077, 0.8252621655642765]}