{"model": "knn", "dataset": "h103_bayram", "congress": "103", "chamber": "House", "bayram": "style", "split": "train", "n": 4000, "TP": 1297, "FP": 315, "TN": 1685, "FN": 703, "precision": 0.8045905707196029, "recall": 0.6485, "accuracy": 0.7455, "f1": 0.7181616832779624, "negative_accuracy": 0.8425, "balanced_accuracy": 0.7455, "AUC": 0.7454999999999999, "CI_95.0": [0.7323371616257186, 0.7586628383742813]}