{"model": "knn", "dataset": "h114_3gram_max_balanced_0", "congress": "114", "chamber": "House", "3gram_max_balanced_0": "style", "split": "train", "n": 18990, "TP": 7022, "FP": 960, "TN": 8535, "FN": 2473, "precision": 0.8797293911300426, "recall": 0.7395471300684571, "accuracy": 0.8192206424433912, "f1": 0.8035704068203925, "negative_accuracy": 0.8988941548183255, "balanced_accuracy": 0.8192206424433912, "AUC": 0.8192206424433912, "CI_95.0": [0.8138655065934917, 0.8245757782932908]}