{"model": "knn", "dataset": "h112_2gram_max_balanced_0", "congress": "112", "chamber": "House", "2gram_max_balanced_0": "style", "split": "train", "n": 26090, "TP": 9672, "FP": 1228, "TN": 11817, "FN": 3373, "precision": 0.8873394495412844, "recall": 0.7414334994250671, "accuracy": 0.8236489076274435, "f1": 0.8078513259553143, "negative_accuracy": 0.9058643158298199, "balanced_accuracy": 0.8236489076274435, "AUC": 0.8236489076274436, "CI_95.0": [0.8191330518931776, 0.8281647633617095]}