{"model": "knn", "dataset": "h103_3gram_max_balanced_0", "congress": "103", "chamber": "House", "3gram_max_balanced_0": "style", "split": "train", "n": 28186, "TP": 10175, "FP": 1867, "TN": 12226, "FN": 3918, "precision": 0.8449593090848696, "recall": 0.7219896402469311, "accuracy": 0.7947562619740297, "f1": 0.7786493208341305, "negative_accuracy": 0.8675228837011282, "balanced_accuracy": 0.7947562619740296, "AUC": 0.7947562619740296, "CI_95.0": [0.7901182381468488, 0.7993942858012104]}