{"model": "knn", "dataset": "h114_bayram_1_1", "congress": "114", "chamber": "House", "bayram_1_1": "style", "split": "train", "n": 4000, "TP": 1367, "FP": 220, "TN": 1780, "FN": 633, "precision": 0.8613736609955892, "recall": 0.6835, "accuracy": 0.78675, "f1": 0.7621968218567047, "negative_accuracy": 0.89, "balanced_accuracy": 0.7867500000000001, "AUC": 0.78675, "CI_95.0": [0.7744633364458168, 0.7990366635541831]}