{"model": "knn", "dataset": "h112_3gram_max_balanced_0", "congress": "112", "chamber": "House", "3gram_max_balanced_0": "style", "split": "train", "n": 26090, "TP": 9859, "FP": 1368, "TN": 11677, "FN": 3186, "precision": 0.8781508862563463, "recall": 0.7557684936757378, "accuracy": 0.8254503641241855, "f1": 0.812376400791035, "negative_accuracy": 0.8951322345726332, "balanced_accuracy": 0.8254503641241855, "AUC": 0.8254503641241855, "CI_95.0": [0.8209225494056588, 0.8299781788427122]}