{"model": "knn", "dataset": "h097_bayram_1_1", "congress": "097", "chamber": "House", "bayram_1_1": "style", "split": "train", "n": 4000, "TP": 1009, "FP": 279, "TN": 1721, "FN": 991, "precision": 0.7833850931677019, "recall": 0.5045, "accuracy": 0.6825, "f1": 0.6137469586374696, "negative_accuracy": 0.8605, "balanced_accuracy": 0.6825, "AUC": 0.6825, "CI_95.0": [0.6691671189583266, 0.6958328810416734]}