{"model": "knn", "dataset": "h106_3gram_max_balanced_0", "congress": "106", "chamber": "House", "3gram_max_balanced_0": "style", "split": "train", "n": 27700, "TP": 10429, "FP": 2016, "TN": 11834, "FN": 3421, "precision": 0.838007231820008, "recall": 0.7529963898916967, "accuracy": 0.8037184115523466, "f1": 0.7932306522152501, "negative_accuracy": 0.8544404332129963, "balanced_accuracy": 0.8037184115523466, "AUC": 0.8037184115523466, "CI_95.0": [0.7990791899087953, 0.8083576331958978]}