{"model": "knn", "dataset": "h106_bayram_1_1", "congress": "106", "chamber": "House", "bayram_1_1": "style", "split": "train", "n": 4000, "TP": 1302, "FP": 367, "TN": 1633, "FN": 698, "precision": 0.7801078490113841, "recall": 0.651, "accuracy": 0.73375, "f1": 0.7097301717089125, "negative_accuracy": 0.8165, "balanced_accuracy": 0.73375, "AUC": 0.73375, "CI_95.0": [0.7202914652401503, 0.7472085347598497]}