{"model": "knn", "dataset": "h097_3gram_max_balanced_0", "congress": "097", "chamber": "House", "3gram_max_balanced_0": "style", "split": "train", "n": 23038, "TP": 7229, "FP": 1943, "TN": 9576, "FN": 4290, "precision": 0.7881596162232882, "recall": 0.6275718378331452, "accuracy": 0.7294470006076916, "f1": 0.6987579140689189, "negative_accuracy": 0.8313221633822381, "balanced_accuracy": 0.7294470006076916, "AUC": 0.7294470006076916, "CI_95.0": [0.7238631095457212, 0.7350308916696621]}