{"model": "knn", "dataset": "h106_2gram_max_balanced_0", "congress": "106", "chamber": "House", "2gram_max_balanced_0": "style", "split": "train", "n": 27700, "TP": 10379, "FP": 2092, "TN": 11758, "FN": 3471, "precision": 0.8322508219068239, "recall": 0.7493862815884477, "accuracy": 0.7991696750902527, "f1": 0.7886478477261502, "negative_accuracy": 0.8489530685920578, "balanced_accuracy": 0.7991696750902527, "AUC": 0.7991696750902526, "CI_95.0": [0.7944882432570679, 0.8038511069234373]}