{"model": "knn", "dataset": "h112_bayram", "congress": "112", "chamber": "House", "bayram": "style", "split": "train", "n": 4000, "TP": 1455, "FP": 227, "TN": 1773, "FN": 545, "precision": 0.8650416171224733, "recall": 0.7275, "accuracy": 0.807, "f1": 0.7903313416621403, "negative_accuracy": 0.8865, "balanced_accuracy": 0.8069999999999999, "AUC": 0.807, "CI_95.0": [0.795017520787765, 0.8189824792122351]}