{"model": "knn", "dataset": "h103_bayram_1_1", "congress": "103", "chamber": "House", "bayram_1_1": "style", "split": "train", "n": 4000, "TP": 1231, "FP": 265, "TN": 1735, "FN": 769, "precision": 0.8228609625668449, "recall": 0.6155, "accuracy": 0.7415, "f1": 0.704233409610984, "negative_accuracy": 0.8675, "balanced_accuracy": 0.7415, "AUC": 0.7414999999999999, "CI_95.0": [0.7285031444212375, 0.7544968555787623]}