{"model": "knn", "dataset": "h100_bayram_3_7", "congress": "100", "chamber": "House", "bayram_3_7": "style", "split": "train", "n": 4000, "TP": 1087, "FP": 298, "TN": 1702, "FN": 913, "precision": 0.7848375451263538, "recall": 0.5435, "accuracy": 0.69725, "f1": 0.6422451994091581, "negative_accuracy": 0.851, "balanced_accuracy": 0.6972499999999999, "AUC": 0.69725, "CI_95.0": [0.683829356869111, 0.7106706431308891]}