{"model": "knn", "dataset": "h103_2gram_max_balanced_0", "congress": "103", "chamber": "House", "2gram_max_balanced_0": "style", "split": "train", "n": 28186, "TP": 10144, "FP": 1848, "TN": 12245, "FN": 3949, "precision": 0.8458972648432288, "recall": 0.71978996665011, "accuracy": 0.7943305186972256, "f1": 0.7777649990415948, "negative_accuracy": 0.8688710707443411, "balanced_accuracy": 0.7943305186972256, "AUC": 0.7943305186972256, "CI_95.0": [0.789692649346183, 0.7989683880482682]}