{"model": "knn", "dataset": "h109_3gram_max_balanced_0", "congress": "109", "chamber": "House", "3gram_max_balanced_0": "style", "split": "train", "n": 25802, "TP": 9888, "FP": 1386, "TN": 11515, "FN": 3013, "precision": 0.8770622671633848, "recall": 0.7664522130067437, "accuracy": 0.8295093403612123, "f1": 0.8180351602895554, "negative_accuracy": 0.8925664677156809, "balanced_accuracy": 0.8295093403612124, "AUC": 0.8295093403612124, "CI_95.0": [0.8249855081148252, 0.8340331726075996]}