{"model": "knn", "dataset": "h100_2gram_max_balanced_0", "congress": "100", "chamber": "House", "2gram_max_balanced_0": "style", "split": "train", "n": 26218, "TP": 8526, "FP": 1957, "TN": 11152, "FN": 4583, "precision": 0.8133167986263474, "recall": 0.6503928598672668, "accuracy": 0.7505530551529483, "f1": 0.7227873855544253, "negative_accuracy": 0.85071325043863, "balanced_accuracy": 0.7505530551529485, "AUC": 0.7505530551529483, "CI_95.0": [0.7454575665891898, 0.7556485437167069]}