{"model": "knn", "dataset": "h100_3gram_max_balanced_0", "congress": "100", "chamber": "House", "3gram_max_balanced_0": "style", "split": "train", "n": 26218, "TP": 8586, "FP": 1935, "TN": 11174, "FN": 4523, "precision": 0.8160821214713431, "recall": 0.654969868029598, "accuracy": 0.753680677397208, "f1": 0.7267033432077867, "negative_accuracy": 0.852391486764818, "balanced_accuracy": 0.753680677397208, "AUC": 0.7536806773972081, "CI_95.0": [0.7486037538487975, 0.7587576009456187]}