{"model": "logistic_sig", "dataset": "h106_bayram", "congress": "106", "chamber": "House", "bayram": "style", "split": "train", "n": 4000, "TP": 1757, "FP": 204, "TN": 1796, "FN": 243, "precision": 0.8959714431412544, "recall": 0.8785, "accuracy": 0.88825, "f1": 0.8871497096692754, "negative_accuracy": 0.898, "balanced_accuracy": 0.88825, "AUC": 0.9586565000000001, "CI_95.0": [0.953268051002722, 0.9640449489972782]}