{"model": "logistic_sig", "dataset": "h097_bayram", "congress": "097", "chamber": "House", "bayram": "style", "split": "train", "n": 4000, "TP": 1672, "FP": 337, "TN": 1663, "FN": 328, "precision": 0.8322548531607765, "recall": 0.836, "accuracy": 0.83375, "f1": 0.8341232227488152, "negative_accuracy": 0.8315, "balanced_accuracy": 0.83375, "AUC": 0.91945675, "CI_95.0": [0.9114565933443831, 0.927456906655617]}