{"model": "logistic_sig", "dataset": "h100_bayram", "congress": "100", "chamber": "House", "bayram": "style", "split": "train", "n": 4000, "TP": 1786, "FP": 294, "TN": 1706, "FN": 214, "precision": 0.8586538461538461, "recall": 0.893, "accuracy": 0.873, "f1": 0.8754901960784313, "negative_accuracy": 0.853, "balanced_accuracy": 0.873, "AUC": 0.9443057499999999, "CI_95.0": [0.9377654407019184, 0.9508460592980815]}