{"model": "logistic_sig", "dataset": "h103_bayram", "congress": "103", "chamber": "House", "bayram": "style", "split": "train", "n": 4000, "TP": 1654, "FP": 509, "TN": 1491, "FN": 346, "precision": 0.764678687008784, "recall": 0.827, "accuracy": 0.78625, "f1": 0.7946192649531587, "negative_accuracy": 0.7455, "balanced_accuracy": 0.78625, "AUC": 0.8741677500000001, "CI_95.0": [0.8636513541413943, 0.884684145858606]}