{"model": "logistic_sig", "dataset": "h109_bayram", "congress": "109", "chamber": "House", "bayram": "style", "split": "train", "n": 4000, "TP": 1640, "FP": 311, "TN": 1689, "FN": 360, "precision": 0.840594566888775, "recall": 0.82, "accuracy": 0.83225, "f1": 0.8301695773221969, "negative_accuracy": 0.8445, "balanced_accuracy": 0.8322499999999999, "AUC": 0.9169760000000001, "CI_95.0": [0.9086819680313439, 0.9252700319686563]}