{"model": "nnmulti2_tanh", "dataset": "h112_bayram_1_1", "congress": "112", "chamber": "House", "bayram_1_1": "style", "split": "train", "n": 4000, "TP": 1831, "FP": 37, "TN": 1963, "FN": 169, "precision": 0.9801927194860813, "recall": 0.9155, "accuracy": 0.9485, "f1": 0.9467425025853153, "negative_accuracy": 0.9815, "balanced_accuracy": 0.9485, "AUC": 0.9916842500000002, "CI_95.0": [0.9894432268167368, 0.9939252731832635]}