{"model": "nnmulti2_tanh", "dataset": "h097_3gram_max_balanced_0", "congress": "097", "chamber": "House", "style": "3gram_max_balanced_0", "split": "train", "n": 23038, "TP": 9428, "FP": 1988, "TN": 9531, "FN": 2091, "precision": 0.8258584442887176, "recall": 0.8184738258529386, "accuracy": 0.8229447000607691, "f1": 0.822149553084805, "negative_accuracy": 0.8274155742685997, "balanced_accuracy": 0.8229447000607691, "AUC": 0.9029284409386964, "CI_95.0": [0.8990872280042641, 0.9067696538731287]}