{"model": "nnmulti2_tanh", "dataset": "h103_3gram_max_balanced_0", "congress": "103", "chamber": "House", "style": "3gram_max_balanced_0", "split": "train", "n": 28186, "TP": 12116, "FP": 1635, "TN": 12458, "FN": 1977, "precision": 0.8810995563958984, "recall": 0.8597175902930533, "accuracy": 0.8718512736819698, "f1": 0.8702772590145094, "negative_accuracy": 0.8839849570708862, "balanced_accuracy": 0.8718512736819697, "AUC": 0.9435489000501676, "CI_95.0": [0.9410306029697072, 0.9460671971306279]}