{"model": "nnmulti2_tanh", "dataset": "h097_bayram_1_1", "congress": "097", "chamber": "House", "bayram_1_1": "style", "split": "train", "n": 4000, "TP": 1678, "FP": 104, "TN": 1896, "FN": 322, "precision": 0.941638608305275, "recall": 0.839, "accuracy": 0.8935, "f1": 0.8873611845584347, "negative_accuracy": 0.948, "balanced_accuracy": 0.8935, "AUC": 0.9702683750000002, "CI_95.0": [0.9660091437014173, 0.974527606298583]}