{"model": "nnmulti2_tanh", "dataset": "h114_3gram_max_balanced_0", "congress": "114", "chamber": "House", "style": "3gram_max_balanced_0", "split": "train", "n": 18990, "TP": 8884, "FP": 412, "TN": 9083, "FN": 611, "precision": 0.9556798623063684, "recall": 0.9356503422854133, "accuracy": 0.946129541864139, "f1": 0.9455590442232984, "negative_accuracy": 0.9566087414428647, "balanced_accuracy": 0.946129541864139, "AUC": 0.989539185419781, "CI_95.0": [0.9885165522579732, 0.9905618185815889]}