{"model": "nnmulti2_tanh", "dataset": "h100_3gram_max_balanced_0", "congress": "100", "chamber": "House", "style": "3gram_max_balanced_0", "split": "train", "n": 26218, "TP": 11593, "FP": 2767, "TN": 10342, "FN": 1516, "precision": 0.8073119777158775, "recall": 0.8843542604317645, "accuracy": 0.8366389503394615, "f1": 0.8440787797153155, "negative_accuracy": 0.7889236402471584, "balanced_accuracy": 0.8366389503394615, "AUC": 0.9232125528804499, "CI_95.0": [0.920091631737663, 0.9263334740232368]}