{"model": "nnmulti2_tanh", "dataset": "h109_3gram_max_balanced_0", "congress": "109", "chamber": "House", "style": "3gram_max_balanced_0", "split": "train", "n": 25802, "TP": 11868, "FP": 300, "TN": 12601, "FN": 1033, "precision": 0.97534516765286, "recall": 0.919928687698628, "accuracy": 0.9483373381908379, "f1": 0.9468267581475129, "negative_accuracy": 0.9767459886830478, "balanced_accuracy": 0.948337338190838, "AUC": 0.9909644500103676, "CI_95.0": [0.9901271652794021, 0.991801734741333]}