{"model": "nnmulti2_tanh", "dataset": "h112_3gram_max_balanced_0", "congress": "112", "chamber": "House", "style": "3gram_max_balanced_0", "split": "train", "n": 26090, "TP": 11510, "FP": 1078, "TN": 11967, "FN": 1535, "precision": 0.9143628852875755, "recall": 0.8823303947872748, "accuracy": 0.8998466845534687, "f1": 0.8980610931221472, "negative_accuracy": 0.9173629743196627, "balanced_accuracy": 0.8998466845534687, "AUC": 0.9635275069448106, "CI_95.0": [0.9615574560002283, 0.9654975578893928]}