{"model": "nnmulti2_tanh", "dataset": "h109_bayram_1_1", "congress": "109", "chamber": "House", "bayram_1_1": "style", "split": "train", "n": 4000, "TP": 2000, "FP": 3, "TN": 1997, "FN": 0, "precision": 0.9985022466300549, "recall": 1.0, "accuracy": 0.99925, "f1": 0.9992505620784412, "negative_accuracy": 0.9985, "balanced_accuracy": 0.99925, "AUC": 0.9999994999999998, "CI_95.0": [0.9999982998721539, 1.0]}