{"model": "nnmulti2_tanh", "dataset": "h106_3gram_max_balanced_0", "congress": "106", "chamber": "House", "style": "3gram_max_balanced_0", "split": "train", "n": 27700, "TP": 11618, "FP": 1032, "TN": 12818, "FN": 2232, "precision": 0.9184189723320159, "recall": 0.8388447653429603, "accuracy": 0.8821660649819495, "f1": 0.8768301886792452, "negative_accuracy": 0.9254873646209386, "balanced_accuracy": 0.8821660649819494, "AUC": 0.9569506679352004, "CI_95.0": [0.9548239834273476, 0.9590773524430533]}