{"model": "cnn2_256_7_e64_s1", "dataset": "h106_bayram_1_1", "congress": "106", "chamber": "House", "style": "bayram_1_1", "split": "train", "n": 4000, "TP": 1984, "FP": 0, "TN": 2000, "FN": 16, "precision": 1.0, "recall": 0.992, "accuracy": 0.996, "f1": 0.9959839357429718, "negative_accuracy": 1.0, "balanced_accuracy": 0.996, "AUC": 0.9999847500000002, "CI_95.0": [0.9999684042982881, 1.0]}