{"model": "cnn2_256_7_e64_s1", "dataset": "h114_bayram_1_1", "congress": "114", "chamber": "House", "style": "bayram_1_1", "split": "train", "n": 4000, "TP": 1983, "FP": 7, "TN": 1993, "FN": 17, "precision": 0.9964824120603015, "recall": 0.9915, "accuracy": 0.994, "f1": 0.9939849624060151, "negative_accuracy": 0.9965, "balanced_accuracy": 0.994, "AUC": 0.9995807500000001, "CI_95.0": [0.9990854428786322, 1.0]}