{"model": "cnn2_256_7_e64_s1", "dataset": "h112_bayram_1_1", "congress": "112", "chamber": "House", "style": "bayram_1_1", "split": "train", "n": 4000, "TP": 1931, "FP": 17, "TN": 1983, "FN": 69, "precision": 0.9912731006160165, "recall": 0.9655, "accuracy": 0.9785, "f1": 0.9782168186423507, "negative_accuracy": 0.9915, "balanced_accuracy": 0.9785, "AUC": 0.9967505000000002, "CI_95.0": [0.9951812695647148, 0.9983197304352857]}