{"model": "cnn2_256_7_e64_s1", "dataset": "h100_bayram_1_1", "congress": "100", "chamber": "House", "style": "bayram_1_1", "split": "train", "n": 4000, "TP": 1999, "FP": 3, "TN": 1997, "FN": 1, "precision": 0.9985014985014985, "recall": 0.9995, "accuracy": 0.999, "f1": 0.9990004997501248, "negative_accuracy": 0.9985, "balanced_accuracy": 0.9990000000000001, "AUC": 0.9985957499999999, "CI_95.0": [0.9970058425784112, 1.0]}