{"model": "cnn2_256_7_e64_s1", "dataset": "h103_bayram_1_1", "congress": "103", "chamber": "House", "style": "bayram_1_1", "split": "train", "n": 4000, "TP": 1971, "FP": 60, "TN": 1940, "FN": 29, "precision": 0.9704579025110783, "recall": 0.9855, "accuracy": 0.97775, "f1": 0.9779211113867526, "negative_accuracy": 0.97, "balanced_accuracy": 0.97775, "AUC": 0.996897, "CI_95.0": [0.9954438613535651, 0.998350138646435]}