{"model": "cnn2_256_7_e64_s1", "dataset": "h109_bayram_1_1", "congress": "109", "chamber": "House", "style": "bayram_1_1", "split": "train", "n": 4000, "TP": 1744, "FP": 62, "TN": 1938, "FN": 256, "precision": 0.9656699889258029, "recall": 0.872, "accuracy": 0.9205, "f1": 0.9164477141355754, "negative_accuracy": 0.969, "balanced_accuracy": 0.9205, "AUC": 0.9809052500000001, "CI_95.0": [0.9772637578395398, 0.9845467421604603]}