{"model": "cnn2_256_7_e64_s1", "dataset": "h097_bayram_1_1", "congress": "097", "chamber": "House", "style": "bayram_1_1", "split": "train", "n": 4000, "TP": 1998, "FP": 16, "TN": 1984, "FN": 2, "precision": 0.9920556107249255, "recall": 0.999, "accuracy": 0.9955, "f1": 0.9955156950672646, "negative_accuracy": 0.992, "balanced_accuracy": 0.9955, "AUC": 0.999162, "CI_95.0": [0.998230883063734, 1.0]}