{"model": "cnn2_avg_128_7_e128_s1_d3_50_e256", "dataset": "h112_max_balanced_0_1_1", "congress": "112", "chamber": "House", "style": "max_balanced_0_1_1", "split": "train", "n": 26090, "TP": 12170, "FP": 622, "TN": 12423, "FN": 875, "precision": 0.9513758599124453, "recall": 0.9329244921425833, "accuracy": 0.9426216941356842, "f1": 0.9420598366683438, "negative_accuracy": 0.952318896128785, "balanced_accuracy": 0.9426216941356842, "AUC": 0.9893312899109006, "CI_95.0": [0.988513109261738, 0.9901494705600632]}