{"model": "cnn2_avg_128_7_e128_s1_d3_50_e256", "dataset": "h114_max_balanced_0_1_1", "congress": "114", "chamber": "House", "style": "max_balanced_0_1_1", "split": "train", "n": 18990, "TP": 9046, "FP": 204, "TN": 9291, "FN": 449, "precision": 0.977945945945946, "recall": 0.952711953659821, "accuracy": 0.9656134807793576, "f1": 0.9651640437449986, "negative_accuracy": 0.9785150078988941, "balanced_accuracy": 0.9656134807793575, "AUC": 0.9967940888486249, "CI_95.0": [0.9963810388798687, 0.997207138817381]}