{"model": "cnn2_avg_128_7_e128_s1_d3_50_e256", "dataset": "h106_max_balanced_0_1_1", "congress": "106", "chamber": "House", "style": "max_balanced_0_1_1", "split": "train", "n": 27700, "TP": 12106, "FP": 1952, "TN": 11898, "FN": 1744, "precision": 0.8611466780480865, "recall": 0.8740794223826714, "accuracy": 0.8665703971119133, "f1": 0.8675648559552817, "negative_accuracy": 0.8590613718411553, "balanced_accuracy": 0.8665703971119134, "AUC": 0.9464565157893363, "CI_95.0": [0.9440976750537603, 0.9488153565249123]}