{"model": "cnn2_avg_128_7_e128_s1_d3_50_e256", "dataset": "h097_max_balanced_0_1_1", "congress": "097", "chamber": "House", "style": "max_balanced_0_1_1", "split": "train", "n": 23038, "TP": 9155, "FP": 871, "TN": 10648, "FN": 2364, "precision": 0.9131258727308996, "recall": 0.794773851896866, "accuracy": 0.8595798246375553, "f1": 0.8498491529357158, "negative_accuracy": 0.9243857973782447, "balanced_accuracy": 0.8595798246375553, "AUC": 0.9437984149824186, "CI_95.0": [0.9411192032419146, 0.9464776267229226]}