{"model": "cnn2_avg_128_7_e128_s1_d3_50_e256", "dataset": "h100_max_balanced_0_1_1", "congress": "100", "chamber": "House", "style": "max_balanced_0_1_1", "split": "train", "n": 26218, "TP": 11230, "FP": 1892, "TN": 11217, "FN": 1879, "precision": 0.8558146623990245, "recall": 0.8566633610496606, "accuracy": 0.8561675184987413, "f1": 0.8562388014181693, "negative_accuracy": 0.8556716759478221, "balanced_accuracy": 0.8561675184987414, "AUC": 0.9319410338383379, "CI_95.0": [0.9290632157323376, 0.9348188519443382]}