{"model": "cnn2_avg_128_7_e128_s1_d3_50_e256", "dataset": "h109_max_balanced_0_1_1", "congress": "109", "chamber": "House", "style": "max_balanced_0_1_1", "split": "train", "n": 25802, "TP": 12242, "FP": 781, "TN": 12120, "FN": 659, "precision": 0.9400291791445904, "recall": 0.9489186884737617, "accuracy": 0.9441903728393147, "f1": 0.9444530165097978, "negative_accuracy": 0.9394620572048679, "balanced_accuracy": 0.9441903728393148, "AUC": 0.989181293993352, "CI_95.0": [0.98831002521036, 0.9900525627763439]}