{"model": "cnn2_avg_128_7_e128_s1_d3_50_e256", "dataset": "h103_max_balanced_0_1_1", "congress": "103", "chamber": "House", "style": "max_balanced_0_1_1", "split": "train", "n": 28186, "TP": 13365, "FP": 3522, "TN": 10571, "FN": 728, "precision": 0.7914372002131818, "recall": 0.9483431490811041, "accuracy": 0.8492159227985525, "f1": 0.8628147191736605, "negative_accuracy": 0.7500886965160009, "balanced_accuracy": 0.8492159227985525, "AUC": 0.9461720058927365, "CI_95.0": [0.9437819981417704, 0.9485620136437026]}