{"model": "knn", "dataset": "h112_bayram_3_7", "congress": "112", "chamber": "House", "bayram_3_7": "style", "split": "train", "n": 4000, "TP": 1402, "FP": 186, "TN": 1814, "FN": 598, "precision": 0.8828715365239295, "recall": 0.701, "accuracy": 0.804, "f1": 0.78149386845039, "negative_accuracy": 0.907, "balanced_accuracy": 0.804, "AUC": 0.8039999999999999, "CI_95.0": [0.7921163889053366, 0.8158836110946632]}