{"model": "knn", "dataset": "h106_bayram_3_7", "congress": "106", "chamber": "House", "bayram_3_7": "style", "split": "train", "n": 4000, "TP": 1340, "FP": 355, "TN": 1645, "FN": 660, "precision": 0.7905604719764012, "recall": 0.67, "accuracy": 0.74625, "f1": 0.7253044654939108, "negative_accuracy": 0.8225, "balanced_accuracy": 0.7462500000000001, "AUC": 0.74625, "CI_95.0": [0.7329699352202191, 0.7595300647797808]}