{"model": "knn", "dataset": "h100_bayram_1_1", "congress": "100", "chamber": "House", "bayram_1_1": "style", "split": "train", "n": 4000, "TP": 1122, "FP": 318, "TN": 1682, "FN": 878, "precision": 0.7791666666666667, "recall": 0.561, "accuracy": 0.701, "f1": 0.6523255813953489, "negative_accuracy": 0.841, "balanced_accuracy": 0.7010000000000001, "AUC": 0.701, "CI_95.0": [0.687488537702196, 0.7145114622978039]}