{"model": "knn", "dataset": "h100_bayram", "congress": "100", "chamber": "House", "bayram": "style", "split": "train", "n": 4000, "TP": 1076, "FP": 302, "TN": 1698, "FN": 924, "precision": 0.7808417997097242, "recall": 0.538, "accuracy": 0.6935, "f1": 0.6370633510953227, "negative_accuracy": 0.849, "balanced_accuracy": 0.6935, "AUC": 0.6935000000000001, "CI_95.0": [0.6800463163761612, 0.706953683623839]}