{"model": "knn", "dataset": "h114_bayram", "congress": "114", "chamber": "House", "bayram": "style", "split": "train", "n": 4000, "TP": 1448, "FP": 288, "TN": 1712, "FN": 552, "precision": 0.8341013824884793, "recall": 0.724, "accuracy": 0.79, "f1": 0.7751605995717344, "negative_accuracy": 0.856, "balanced_accuracy": 0.79, "AUC": 0.7899999999999999, "CI_95.0": [0.7775413176733968, 0.802458682326603]}