{"model": "knn", "dataset": "h106_bayram", "congress": "106", "chamber": "House", "bayram": "style", "split": "train", "n": 4000, "TP": 1398, "FP": 370, "TN": 1630, "FN": 602, "precision": 0.7907239819004525, "recall": 0.699, "accuracy": 0.757, "f1": 0.7420382165605096, "negative_accuracy": 0.815, "balanced_accuracy": 0.7569999999999999, "AUC": 0.757, "CI_95.0": [0.7438274475107247, 0.7701725524892753]}