{"model": "knn", "dataset": "h114_bayram_3_7", "congress": "114", "chamber": "House", "bayram_3_7": "style", "split": "train", "n": 4000, "TP": 1406, "FP": 243, "TN": 1757, "FN": 594, "precision": 0.8526379624014554, "recall": 0.703, "accuracy": 0.79075, "f1": 0.7706220882433542, "negative_accuracy": 0.8785, "balanced_accuracy": 0.79075, "AUC": 0.79075, "CI_95.0": [0.7784379274267373, 0.8030620725732626]}