{"model": "knn", "dataset": "h109_bayram_3_7", "congress": "109", "chamber": "House", "bayram_3_7": "style", "split": "train", "n": 4000, "TP": 1385, "FP": 252, "TN": 1748, "FN": 615, "precision": 0.8460598656078192, "recall": 0.6925, "accuracy": 0.78325, "f1": 0.7616167170745121, "negative_accuracy": 0.874, "balanced_accuracy": 0.78325, "AUC": 0.7832500000000001, "CI_95.0": [0.7707917081123338, 0.7957082918876665]}