{"model": "knn", "dataset": "h097_bayram_3_7", "congress": "097", "chamber": "House", "bayram_3_7": "style", "split": "train", "n": 4000, "TP": 1023, "FP": 290, "TN": 1710, "FN": 977, "precision": 0.7791317593297792, "recall": 0.5115, "accuracy": 0.68325, "f1": 0.6175671596740115, "negative_accuracy": 0.855, "balanced_accuracy": 0.6832499999999999, "AUC": 0.68325, "CI_95.0": [0.669848414555034, 0.6966515854449661]}