{"model": "knn", "dataset": "h103_bayram_3_7", "congress": "103", "chamber": "House", "bayram_3_7": "style", "split": "train", "n": 4000, "TP": 1245, "FP": 284, "TN": 1716, "FN": 755, "precision": 0.8142576847612819, "recall": 0.6225, "accuracy": 0.74025, "f1": 0.7055823179370927, "negative_accuracy": 0.858, "balanced_accuracy": 0.7402500000000001, "AUC": 0.74025, "CI_95.0": [0.7271569077999264, 0.7533430922000736]}