{"model": "knn", "dataset": "h097_bayram", "congress": "097", "chamber": "House", "bayram": "style", "split": "train", "n": 4000, "TP": 1103, "FP": 311, "TN": 1689, "FN": 897, "precision": 0.7800565770862801, "recall": 0.5515, "accuracy": 0.698, "f1": 0.6461628588166374, "negative_accuracy": 0.8445, "balanced_accuracy": 0.698, "AUC": 0.6980000000000001, "CI_95.0": [0.6845122125163632, 0.711487787483637]}