{"model": "knn", "dataset": "h109_bayram_1_1", "congress": "109", "chamber": "House", "bayram_1_1": "style", "split": "train", "n": 4000, "TP": 1356, "FP": 254, "TN": 1746, "FN": 644, "precision": 0.8422360248447205, "recall": 0.678, "accuracy": 0.7755, "f1": 0.7512465373961218, "negative_accuracy": 0.873, "balanced_accuracy": 0.7755000000000001, "AUC": 0.7755, "CI_95.0": [0.7629242748705195, 0.7880757251294804]}