{"model": "models.boost", "dataset": "h097", "split": "train", "n": 4000, "TP": 1480, "FP": 532, "TN": 1468, "FN": 520, "precision": 0.73558648111332, "recall": 0.74, "accuracy": 0.737, "f1": 0.7377866400797606, "negative_accuracy": 0.734, "balanced_accuracy": 0.737, "AUC": 0.737, "CI_95.0": [0.7233532815538564, 0.7506467184461436]}