{"model": "models.boost", "dataset": "h112", "split": "train", "n": 4000, "TP": 1767, "FP": 211, "TN": 1789, "FN": 233, "precision": 0.8933265925176946, "recall": 0.8835, "accuracy": 0.889, "f1": 0.8883861236802413, "negative_accuracy": 0.8945, "balanced_accuracy": 0.889, "AUC": 0.8890000000000001, "CI_95.0": [0.8792641810413873, 0.898735818958613]}