{"model": "models.boost", "dataset": "h106", "split": "train", "n": 4000, "TP": 1658, "FP": 312, "TN": 1688, "FN": 342, "precision": 0.8416243654822335, "recall": 0.829, "accuracy": 0.8365, "f1": 0.835264483627204, "negative_accuracy": 0.844, "balanced_accuracy": 0.8365, "AUC": 0.8365000000000001, "CI_95.0": [0.8250388229801355, 0.8479611770198647]}