{"model": "cnn2_avg_128_7_l128_s1_e300", "dataset": "h100_max_balanced_0_1_1", "congress": "100", "chamber": "House", "style": "max_balanced_0_1_1", "split": "train", "n": 26218, "TP": 10985, "FP": 1860, "TN": 11249, "FN": 2124, "precision": 0.8551965745426235, "recall": 0.8379739110534747, "accuracy": 0.8480433290106034, "f1": 0.8464976496879093, "negative_accuracy": 0.8581127469677321, "balanced_accuracy": 0.8480433290106034, "AUC": 0.9279468764223683, "CI_95.0": [0.9249862363190013, 0.9309075165257352]}