{"model": "cnn2_avg_128_7_l128_s1_e300", "dataset": "h103_max_balanced_0_1_1", "congress": "103", "chamber": "House", "style": "max_balanced_0_1_1", "split": "train", "n": 28186, "TP": 13129, "FP": 3053, "TN": 11040, "FN": 964, "precision": 0.8113335805215671, "recall": 0.9315972468601433, "accuracy": 0.8574824380898318, "f1": 0.8673162675474814, "negative_accuracy": 0.7833676293195203, "balanced_accuracy": 0.8574824380898318, "AUC": 0.9444728366721498, "CI_95.0": [0.9420359895337517, 0.9469096838105479]}