{"model": "cnn2_avg_128_7_l128_s1_e300", "dataset": "h106_max_balanced_0_1_1", "congress": "106", "chamber": "House", "style": "max_balanced_0_1_1", "split": "train", "n": 27700, "TP": 12458, "FP": 870, "TN": 12980, "FN": 1392, "precision": 0.9347238895558223, "recall": 0.8994945848375451, "accuracy": 0.9183393501805054, "f1": 0.9167709176539849, "negative_accuracy": 0.9371841155234657, "balanced_accuracy": 0.9183393501805054, "AUC": 0.9793813551590662, "CI_95.0": [0.9781248809432976, 0.9806378293748348]}