{"model": "cnn2_avg_128_7_l128_s1_e300", "dataset": "h112_max_balanced_0_1_1", "congress": "112", "chamber": "House", "style": "max_balanced_0_1_1", "split": "train", "n": 26090, "TP": 12051, "FP": 519, "TN": 12526, "FN": 994, "precision": 0.9587112171837708, "recall": 0.9238022230739747, "accuracy": 0.9420084323495592, "f1": 0.9409330470427483, "negative_accuracy": 0.9602146416251437, "balanced_accuracy": 0.9420084323495592, "AUC": 0.9895293130583596, "CI_95.0": [0.9887342020263717, 0.9903244240903474]}