{"model": "cnn2_avg_128_7_l128_s1_e300", "dataset": "h109_max_balanced_0_1_1", "congress": "109", "chamber": "House", "style": "max_balanced_0_1_1", "split": "train", "n": 25802, "TP": 12219, "FP": 742, "TN": 12159, "FN": 682, "precision": 0.9427513309158244, "recall": 0.9471358809394621, "accuracy": 0.9448104798077669, "f1": 0.9449385198360529, "negative_accuracy": 0.9424850786760717, "balanced_accuracy": 0.9448104798077669, "AUC": 0.9891650595054367, "CI_95.0": [0.9882972929914674, 0.9900328260194059]}