{"model": "cnn2_avg_128_7_l128_s1_e300", "dataset": "h114_max_balanced_0_1_1", "congress": "114", "chamber": "House", "style": "max_balanced_0_1_1", "split": "train", "n": 18990, "TP": 8490, "FP": 429, "TN": 9066, "FN": 1005, "precision": 0.9519004372687521, "recall": 0.8941548183254344, "accuracy": 0.9244865718799368, "f1": 0.9221244705115672, "negative_accuracy": 0.9548183254344392, "balanced_accuracy": 0.9244865718799369, "AUC": 0.9828413391266877, "CI_95.0": [0.9815346626513934, 0.984148015601982]}