{"model": "cnn2_avg_128_7_l128_s1_e300", "dataset": "h097_max_balanced_0_1_1", "congress": "097", "chamber": "House", "style": "max_balanced_0_1_1", "split": "train", "n": 23038, "TP": 9458, "FP": 932, "TN": 10587, "FN": 2061, "precision": 0.9102983638113571, "recall": 0.8210782185953642, "accuracy": 0.8700842086986718, "f1": 0.8633894746451231, "negative_accuracy": 0.9190901988019793, "balanced_accuracy": 0.8700842086986718, "AUC": 0.950994563830386, "CI_95.0": [0.9485458953237158, 0.9534432323370563]}