{"model": "transformer_e100_2_d3_10_l128_glove_trainable", "dataset": "h100_max_balanced_0_1_1", "congress": "100", "chamber": "House", "style": "max_balanced_0_1_1", "split": "train", "n": 26218, "TP": 10802, "FP": 1203, "TN": 11906, "FN": 2307, "precision": 0.8997917534360683, "recall": 0.8240140361583644, "accuracy": 0.8661225112518117, "f1": 0.860237317830692, "negative_accuracy": 0.908230986345259, "balanced_accuracy": 0.8661225112518117, "AUC": 0.9465518902952351, "CI_95.0": [0.9440976266931121, 0.9490061538973581]}