{"model": "transformer_e100_2_d3_10_l128_glove_trainable", "dataset": "h103_max_balanced_0_1_1", "congress": "103", "chamber": "House", "style": "max_balanced_0_1_1", "split": "train", "n": 28186, "TP": 10545, "FP": 1939, "TN": 12154, "FN": 3548, "precision": 0.8446811919256648, "recall": 0.7482438089831831, "accuracy": 0.8053288866813312, "f1": 0.7935432893103059, "negative_accuracy": 0.8624139643794791, "balanced_accuracy": 0.8053288866813311, "AUC": 0.8990241200599465, "CI_95.0": [0.8955340943613171, 0.9025141457585758]}