{"model": "transformer_e100_2_d3_10_l128_glove_trainable", "dataset": "h097_max_balanced_0_1_1", "congress": "097", "chamber": "House", "style": "max_balanced_0_1_1", "split": "train", "n": 23038, "TP": 9966, "FP": 1232, "TN": 10287, "FN": 1553, "precision": 0.8899803536345776, "recall": 0.8651792690337703, "accuracy": 0.8791127702057471, "f1": 0.8774045868732667, "negative_accuracy": 0.8930462713777237, "balanced_accuracy": 0.8791127702057471, "AUC": 0.9524160443585883, "CI_95.0": [0.9499469550102335, 0.9548851337069431]}