{"model": "transformer_e100_2_d3_10_l128_glove_trainable", "dataset": "h112_max_balanced_0_1_1", "congress": "112", "chamber": "House", "style": "max_balanced_0_1_1", "split": "train", "n": 26090, "TP": 12259, "FP": 902, "TN": 12143, "FN": 786, "precision": 0.9314641744548287, "recall": 0.9397470295132234, "accuracy": 0.9353008815638175, "f1": 0.9355872700908189, "negative_accuracy": 0.9308547336144116, "balanced_accuracy": 0.9353008815638175, "AUC": 0.9872987672327458, "CI_95.0": [0.9863724095133932, 0.9882251249520984]}