{"model": "transformer_e100_2_d3_10_l128_glove_trainable", "dataset": "h114_max_balanced_0_1_1", "congress": "114", "chamber": "House", "style": "max_balanced_0_1_1", "split": "train", "n": 18990, "TP": 8350, "FP": 954, "TN": 8541, "FN": 1145, "precision": 0.897463456577816, "recall": 0.8794102159031069, "accuracy": 0.8894681411269089, "f1": 0.8883451247406777, "negative_accuracy": 0.8995260663507109, "balanced_accuracy": 0.8894681411269089, "AUC": 0.9628971430045081, "CI_95.0": [0.9606387242585688, 0.9651555617504475]}