{"model": "transformer_e100_2_d3_10_l128_glove_trainable", "dataset": "h106_max_balanced_0_1_1", "congress": "106", "chamber": "House", "style": "max_balanced_0_1_1", "split": "train", "n": 27700, "TP": 12914, "FP": 2322, "TN": 11528, "FN": 936, "precision": 0.8475977946967708, "recall": 0.9324187725631768, "accuracy": 0.8823826714801444, "f1": 0.887987347864952, "negative_accuracy": 0.8323465703971119, "balanced_accuracy": 0.8823826714801444, "AUC": 0.9606527753522134, "CI_95.0": [0.9587218236807313, 0.9625837270236954]}