{"model": "transformer_e100_2_d3_10_l128_glove_trainable", "dataset": "h109_max_balanced_0_1_1", "congress": "109", "chamber": "House", "style": "max_balanced_0_1_1", "split": "train", "n": 25802, "TP": 10804, "FP": 967, "TN": 11934, "FN": 2097, "precision": 0.9178489508113159, "recall": 0.8374544608945043, "accuracy": 0.8812495155414309, "f1": 0.875810635538262, "negative_accuracy": 0.9250445701883575, "balanced_accuracy": 0.8812495155414308, "AUC": 0.9551848553304947, "CI_95.0": [0.9529487904162879, 0.9574209202447015]}