{"model": "cnn2_avg_128_7_l128_s1_e256", "dataset": "h109_max_balanced_0_1_1", "congress": "109", "chamber": "House", "style": "max_balanced_0_1_1", "split": "train", "n": 25802, "TP": 12200, "FP": 765, "TN": 12136, "FN": 701, "precision": 0.9409949865021211, "recall": 0.9456631268893885, "accuracy": 0.9431826990155802, "f1": 0.9433232815278744, "negative_accuracy": 0.940702271141772, "balanced_accuracy": 0.9431826990155803, "AUC": 0.9888342172246944, "CI_95.0": [0.9879441827758202, 0.9897242516735687]}