{"model": "cnn2_avg_128_7_l128_s1_e256", "dataset": "h114_max_balanced_0_1_1", "congress": "114", "chamber": "House", "style": "max_balanced_0_1_1", "split": "train", "n": 18990, "TP": 8785, "FP": 367, "TN": 9128, "FN": 710, "precision": 0.9598994755244755, "recall": 0.9252238020010531, "accuracy": 0.9432859399684044, "f1": 0.9422427200085804, "negative_accuracy": 0.9613480779357556, "balanced_accuracy": 0.9432859399684044, "AUC": 0.9904982944655609, "CI_95.0": [0.9896532816507444, 0.9913433072803775]}