{"model": "cnn2_avg_128_7_l128_s1_e256", "dataset": "h112_max_balanced_0_1_1", "congress": "112", "chamber": "House", "style": "max_balanced_0_1_1", "split": "train", "n": 26090, "TP": 12079, "FP": 555, "TN": 12490, "FN": 966, "precision": 0.956070919740383, "recall": 0.925948639325412, "accuracy": 0.9417018014564967, "f1": 0.9407687215234238, "negative_accuracy": 0.9574549635875814, "balanced_accuracy": 0.9417018014564967, "AUC": 0.9891203034106224, "CI_95.0": [0.9883029530222937, 0.9899376537989512]}