{"model": "cnn2_avg_128_7_l128_s1_e256", "dataset": "h103_max_balanced_0_1_1", "congress": "103", "chamber": "House", "style": "max_balanced_0_1_1", "split": "train", "n": 28186, "TP": 13288, "FP": 3278, "TN": 10815, "FN": 805, "precision": 0.8021248339973439, "recall": 0.9428794436954516, "accuracy": 0.8551408500674094, "f1": 0.8668254020026744, "negative_accuracy": 0.7674022564393671, "balanced_accuracy": 0.8551408500674094, "AUC": 0.9469366248672308, "CI_95.0": [0.9445620919194434, 0.9493111578150183]}