{"model": "cnn2_avg_128_7_l128_s1_e256", "dataset": "h106_max_balanced_0_1_1", "congress": "106", "chamber": "House", "style": "max_balanced_0_1_1", "split": "train", "n": 27700, "TP": 12005, "FP": 1801, "TN": 12049, "FN": 1845, "precision": 0.8695494712443865, "recall": 0.8667870036101083, "accuracy": 0.8683754512635379, "f1": 0.8681660399190049, "negative_accuracy": 0.8699638989169675, "balanced_accuracy": 0.8683754512635379, "AUC": 0.9476710161738067, "CI_95.0": [0.9453500983516512, 0.9499919339959622]}