{"model": "cnn2_avg_128_7_l128_s1_e256", "dataset": "h100_max_balanced_0_1_1", "congress": "100", "chamber": "House", "style": "max_balanced_0_1_1", "split": "train", "n": 26218, "TP": 11315, "FP": 2054, "TN": 11055, "FN": 1794, "precision": 0.8463609843668187, "recall": 0.8631474559462964, "accuracy": 0.8532306049279121, "f1": 0.8546718030062693, "negative_accuracy": 0.8433137539095278, "balanced_accuracy": 0.8532306049279121, "AUC": 0.9316984938382086, "CI_95.0": [0.9288150594002061, 0.934581928276211]}