{"model": "cnn2_avg_128_7_l128_s1_e256", "dataset": "h097_max_balanced_0_1_1", "congress": "097", "chamber": "House", "style": "max_balanced_0_1_1", "split": "train", "n": 23038, "TP": 9421, "FP": 918, "TN": 10601, "FN": 2098, "precision": 0.911209981622981, "recall": 0.8178661342130393, "accuracy": 0.8690858581474086, "f1": 0.8620184829353097, "negative_accuracy": 0.9203055820817779, "balanced_accuracy": 0.8690858581474086, "AUC": 0.949402792026288, "CI_95.0": [0.9468913918976587, 0.9519141921549172]}