{"model": "nn20nd_reg", "dataset": "h103_bayram_1_1", "congress": "103", "chamber": "House", "bayram_1_1": "style", "split": "train", "n": 4000, "TP": 1849, "FP": 123, "TN": 1877, "FN": 151, "precision": 0.9376267748478702, "recall": 0.9245, "accuracy": 0.9315, "f1": 0.931017119838872, "negative_accuracy": 0.9385, "balanced_accuracy": 0.9315, "AUC": 0.980214, "CI_95.0": [0.9767023032339076, 0.9837256967660925]}