{"model": "nn20nd_reg", "dataset": "h097_bayram_1_1", "congress": "097", "chamber": "House", "bayram_1_1": "style", "split": "train", "n": 4000, "TP": 1779, "FP": 436, "TN": 1564, "FN": 221, "precision": 0.8031602708803611, "recall": 0.8895, "accuracy": 0.83575, "f1": 0.8441281138790034, "negative_accuracy": 0.782, "balanced_accuracy": 0.83575, "AUC": 0.92750225, "CI_95.0": [0.9199356111362346, 0.9350688888637654]}