{"model": "nn20nd_reg", "dataset": "h112_bayram_1_1", "congress": "112", "chamber": "House", "bayram_1_1": "style", "split": "train", "n": 4000, "TP": 1591, "FP": 35, "TN": 1965, "FN": 409, "precision": 0.9784747847478474, "recall": 0.7955, "accuracy": 0.889, "f1": 0.8775510204081632, "negative_accuracy": 0.9825, "balanced_accuracy": 0.889, "AUC": 0.9777139999999999, "CI_95.0": [0.9740034063780793, 0.9814245936219205]}