{"model": "cnn3_avg_drop_128_7_l128_s1_d4_20_e300_glove840_trainable", "dataset": "h106_max_balanced_0_1_1", "congress": "106", "chamber": "House", "style": "max_balanced_0_1_1", "split": "train", "n": 27700, "TP": 12329, "FP": 1352, "TN": 12498, "FN": 1521, "precision": 0.9011768145603392, "recall": 0.8901805054151625, "accuracy": 0.8962815884476534, "f1": 0.8956449093748865, "negative_accuracy": 0.9023826714801444, "balanced_accuracy": 0.8962815884476534, "AUC": 0.9664399197174471, "CI_95.0": [0.9646977862000493, 0.968182053234845]}