{"model": "cnn3_avg_drop_128_7_l128_s1_d4_20_e300_glove840_trainable", "dataset": "h109_max_balanced_0_1_1", "congress": "109", "chamber": "House", "style": "max_balanced_0_1_1", "split": "train", "n": 25802, "TP": 11784, "FP": 925, "TN": 11976, "FN": 1117, "precision": 0.9272169328822094, "recall": 0.9134175645298814, "accuracy": 0.9208588481513061, "f1": 0.9202655212807497, "negative_accuracy": 0.9283001317727307, "balanced_accuracy": 0.920858848151306, "AUC": 0.979554489000837, "CI_95.0": [0.978224290126055, 0.9808846878756189]}