{"model": "cnn3_avg_drop_128_7_l128_s1_d4_20_e300_glove840_trainable", "dataset": "h097_max_balanced_0_1_1", "congress": "097", "chamber": "House", "style": "max_balanced_0_1_1", "split": "train", "n": 23038, "TP": 10523, "FP": 859, "TN": 10660, "FN": 996, "precision": 0.9245299595853101, "recall": 0.9135341609514714, "accuracy": 0.9194808577133432, "f1": 0.9189991703419065, "negative_accuracy": 0.9254275544752149, "balanced_accuracy": 0.9194808577133431, "AUC": 0.9811513811025301, "CI_95.0": [0.9798784062476069, 0.9824243559574533]}