{"model": "cnn3_avg_drop_128_7_l128_s1_d4_20_e300_glove840_trainable", "dataset": "h100_max_balanced_0_1_1", "congress": "100", "chamber": "House", "style": "max_balanced_0_1_1", "split": "train", "n": 26218, "TP": 10208, "FP": 932, "TN": 12177, "FN": 2901, "precision": 0.9163375224416517, "recall": 0.7787016553512853, "accuracy": 0.8538027309482035, "f1": 0.8419316260464349, "negative_accuracy": 0.9289038065451217, "balanced_accuracy": 0.8538027309482035, "AUC": 0.9449076728234179, "CI_95.0": [0.9424240035350385, 0.9473913421117973]}