{"model": "cnn3_avg_drop_128_7_l128_s1_d4_20_e300_glove840_trainable", "dataset": "h114_max_balanced_0_1_1", "congress": "114", "chamber": "House", "style": "max_balanced_0_1_1", "split": "train", "n": 18990, "TP": 9067, "FP": 256, "TN": 9239, "FN": 428, "precision": 0.9725410275662341, "recall": 0.9549236440231701, "accuracy": 0.9639810426540284, "f1": 0.9636518227229248, "negative_accuracy": 0.9730384412848868, "balanced_accuracy": 0.9639810426540285, "AUC": 0.9964348742624163, "CI_95.0": [0.9960146673657546, 0.996855081159078]}