{"model": "cnn3_avg_drop_128_7_l128_s1_d4_20_e300_glove840_trainable", "dataset": "h112_max_balanced_0_1_1", "congress": "112", "chamber": "House", "style": "max_balanced_0_1_1", "split": "train", "n": 26090, "TP": 12151, "FP": 707, "TN": 12338, "FN": 894, "precision": 0.9450147767926582, "recall": 0.9314679954005366, "accuracy": 0.938635492525872, "f1": 0.9381924873566767, "negative_accuracy": 0.9458029896512073, "balanced_accuracy": 0.938635492525872, "AUC": 0.9875291458745936, "CI_95.0": [0.9866190055469494, 0.9884392862022379]}