{"model": "cnn3_avg_drop_128_7_l128_s1_d4_20_e300_glove840_trainable", "dataset": "h103_max_balanced_0_1_1", "congress": "103", "chamber": "House", "style": "max_balanced_0_1_1", "split": "train", "n": 28186, "TP": 12216, "FP": 3178, "TN": 10915, "FN": 1877, "precision": 0.7935559308821619, "recall": 0.8668133115731214, "accuracy": 0.8206556446462783, "f1": 0.8285685217214366, "negative_accuracy": 0.7744979777194352, "balanced_accuracy": 0.8206556446462783, "AUC": 0.9085091277343569, "CI_95.0": [0.9052185857899919, 0.9117996696787218]}