{"model": "lda", "dataset": "h100_bayram_3_7", "congress": "100", "chamber": "House", "bayram_3_7": "style", "split": "train", "n": 4000, "TP": 1758, "FP": 264, "TN": 1736, "FN": 242, "precision": 0.8694362017804155, "recall": 0.879, "accuracy": 0.8735, "f1": 0.8741919443063153, "negative_accuracy": 0.868, "balanced_accuracy": 0.8734999999999999, "AUC": 0.8735, "CI_95.0": [0.8631974683136459, 0.8838025316863543]}