{"model": "cnn2_avg_128_7_l128_s1_e512", "dataset": "h112_max_balanced_0_1_1", "congress": "112", "chamber": "House", "style": "max_balanced_0_1_1", "split": "train", "n": 26090, "TP": 12162, "FP": 583, "TN": 12462, "FN": 883, "precision": 0.9542565712043939, "recall": 0.9323112303564585, "accuracy": 0.9438098888463012, "f1": 0.9431562621170997, "negative_accuracy": 0.9553085473361441, "balanced_accuracy": 0.9438098888463013, "AUC": 0.9899294258266009, "CI_95.0": [0.9891520431508525, 0.9907068085023494]}