{"model": "cnn2_avg_128_7_l128_s1_e512", "dataset": "h097_max_balanced_0_1_1", "congress": "097", "chamber": "House", "style": "max_balanced_0_1_1", "split": "train", "n": 23038, "TP": 9582, "FP": 993, "TN": 10526, "FN": 1937, "precision": 0.9060992907801418, "recall": 0.8318430419307231, "accuracy": 0.8728188210782186, "f1": 0.8673848103557527, "negative_accuracy": 0.913794600225714, "balanced_accuracy": 0.8728188210782186, "AUC": 0.9518661954547425, "CI_95.0": [0.9494515096826902, 0.9542808812267948]}