{"model": "cnn2_avg_128_7_l128_s1_e512", "dataset": "h114_max_balanced_0_1_1", "congress": "114", "chamber": "House", "style": "max_balanced_0_1_1", "split": "train", "n": 18990, "TP": 8578, "FP": 547, "TN": 8948, "FN": 917, "precision": 0.940054794520548, "recall": 0.9034228541337546, "accuracy": 0.9229067930489732, "f1": 0.921374865735768, "negative_accuracy": 0.9423907319641917, "balanced_accuracy": 0.9229067930489732, "AUC": 0.9822901330236444, "CI_95.0": [0.980960361229643, 0.9836199048176458]}