{"model": "cnn2_avg_128_7_l128_s1_e512", "dataset": "h100_max_balanced_0_1_1", "congress": "100", "chamber": "House", "style": "max_balanced_0_1_1", "split": "train", "n": 26218, "TP": 10868, "FP": 1591, "TN": 11518, "FN": 2241, "precision": 0.8723011477646682, "recall": 0.8290487451369288, "accuracy": 0.8538408726828897, "f1": 0.8501251564455569, "negative_accuracy": 0.8786330002288504, "balanced_accuracy": 0.8538408726828897, "AUC": 0.9317800116489262, "CI_95.0": [0.928901307768084, 0.9346587155297684]}