{"model": "cnn2_avg_128_7_l128_s1_e512", "dataset": "h106_max_balanced_0_1_1", "congress": "106", "chamber": "House", "style": "max_balanced_0_1_1", "split": "train", "n": 27700, "TP": 12175, "FP": 1991, "TN": 11859, "FN": 1675, "precision": 0.859452209515742, "recall": 0.8790613718411552, "accuracy": 0.867653429602888, "f1": 0.8691462021701886, "negative_accuracy": 0.8562454873646209, "balanced_accuracy": 0.867653429602888, "AUC": 0.9473779275111105, "CI_95.0": [0.9450514303524858, 0.9497044246697351]}