{"model": "cnn2_avg_128_7_l128_s1_e512", "dataset": "h109_max_balanced_0_1_1", "congress": "109", "chamber": "House", "style": "max_balanced_0_1_1", "split": "train", "n": 25802, "TP": 12079, "FP": 577, "TN": 12324, "FN": 822, "precision": 0.9544089759797725, "recall": 0.9362840089915511, "accuracy": 0.9457793969459731, "f1": 0.9452596157608483, "negative_accuracy": 0.9552747849003953, "balanced_accuracy": 0.9457793969459731, "AUC": 0.9899495241411433, "CI_95.0": [0.9891232724665147, 0.990775775815772]}