{"model": "cnn2_avg_128_7_l128_s1_e512", "dataset": "h103_max_balanced_0_1_1", "congress": "103", "chamber": "House", "style": "max_balanced_0_1_1", "split": "train", "n": 28186, "TP": 13081, "FP": 2741, "TN": 11352, "FN": 1012, "precision": 0.8267602073062824, "recall": 0.9281913006457106, "accuracy": 0.8668487901795218, "f1": 0.8745445428714692, "negative_accuracy": 0.8055062797133329, "balanced_accuracy": 0.8668487901795218, "AUC": 0.9498453645819909, "CI_95.0": [0.9475625742307849, 0.9521281549331968]}