{"model": "cnn3_avg_drop_128_7_l256_s1_d4_30_e300_glove840_trainable", "dataset": "h100_max_balanced_0_1_1", "congress": "100", "chamber": "House", "style": "max_balanced_0_1_1", "split": "train", "n": 26218, "TP": 10096, "FP": 807, "TN": 12302, "FN": 3013, "precision": 0.9259836742181051, "recall": 0.7701579067816005, "accuracy": 0.8542985734991227, "f1": 0.8409128768948859, "negative_accuracy": 0.938439240216645, "balanced_accuracy": 0.8542985734991227, "AUC": 0.9487929943459047, "CI_95.0": [0.9464262427756902, 0.9511597459161192]}