{"model": "cnn3_avg_drop_128_7_l256_s1_d4_30_e300_glove840_trainable", "dataset": "h114_max_balanced_0_1_1", "congress": "114", "chamber": "House", "style": "max_balanced_0_1_1", "split": "train", "n": 18990, "TP": 8980, "FP": 335, "TN": 9160, "FN": 515, "precision": 0.9640365002683843, "recall": 0.9457609268035808, "accuracy": 0.9552395997893628, "f1": 0.9548112706007443, "negative_accuracy": 0.9647182727751448, "balanced_accuracy": 0.9552395997893628, "AUC": 0.9942763146036508, "CI_95.0": [0.9936823757659803, 0.9948702534413214]}