{"model": "cnn3_avg_drop_128_7_l256_s1_d4_30_e300_glove840_trainable", "dataset": "h112_max_balanced_0_1_1", "congress": "112", "chamber": "House", "style": "max_balanced_0_1_1", "split": "train", "n": 26090, "TP": 12027, "FP": 545, "TN": 12500, "FN": 1018, "precision": 0.9566496977410117, "recall": 0.9219624377155998, "accuracy": 0.9400919892679187, "f1": 0.9389858297224499, "negative_accuracy": 0.9582215408202377, "balanced_accuracy": 0.9400919892679187, "AUC": 0.9892790457185898, "CI_95.0": [0.9884683152694199, 0.9900897761677597]}