{"model": "cnn3_avg_drop_128_7_l256_s1_d4_30_e300_glove840_trainable", "dataset": "h103_max_balanced_0_1_1", "congress": "103", "chamber": "House", "style": "max_balanced_0_1_1", "split": "train", "n": 28186, "TP": 13036, "FP": 1900, "TN": 12193, "FN": 1057, "precision": 0.8727905731119443, "recall": 0.92499822606968, "accuracy": 0.8950897608741929, "f1": 0.8981363464122085, "negative_accuracy": 0.8651812956787057, "balanced_accuracy": 0.8950897608741928, "AUC": 0.9657733128568262, "CI_95.0": [0.9639993002225667, 0.9675473254910857]}