{"model": "cnn3_avg_drop_128_7_l256_s1_d4_30_e300_glove840_trainable", "dataset": "h097_max_balanced_0_1_1", "congress": "097", "chamber": "House", "style": "max_balanced_0_1_1", "split": "train", "n": 23038, "TP": 9757, "FP": 403, "TN": 11116, "FN": 1762, "precision": 0.9603346456692914, "recall": 0.8470353329282055, "accuracy": 0.9060248285441445, "f1": 0.9001337700078418, "negative_accuracy": 0.9650143241600834, "balanced_accuracy": 0.9060248285441445, "AUC": 0.9754731236232819, "CI_95.0": [0.9739396593596468, 0.977006587886917]}