{"model": "cnn3_avg_drop_128_7_l256_s1_d4_30_e300_glove840_trainable", "dataset": "h109_max_balanced_0_1_1", "congress": "109", "chamber": "House", "style": "max_balanced_0_1_1", "split": "train", "n": 25802, "TP": 11649, "FP": 939, "TN": 11962, "FN": 1252, "precision": 0.9254051477597712, "recall": 0.9029532594372529, "accuracy": 0.9150841020075963, "f1": 0.9140413511710933, "negative_accuracy": 0.9272149445779397, "balanced_accuracy": 0.9150841020075964, "AUC": 0.9767402567431993, "CI_95.0": [0.9752926167659777, 0.978187896720421]}