{"model": "cnn3_avg_drop_128_7_l256_s1_d4_30_e300_glove840_trainable", "dataset": "h106_max_balanced_0_1_1", "congress": "106", "chamber": "House", "style": "max_balanced_0_1_1", "split": "train", "n": 27700, "TP": 12096, "FP": 1219, "TN": 12631, "FN": 1754, "precision": 0.9084491175366128, "recall": 0.8733574007220216, "accuracy": 0.8926714801444043, "f1": 0.8905577029265599, "negative_accuracy": 0.911985559566787, "balanced_accuracy": 0.8926714801444042, "AUC": 0.9648364842497621, "CI_95.0": [0.9630516891617116, 0.9666212793378126]}