{"model": "cnn2_a10-4_avg_drop_128_7_l64_s1_d3_20_e300_glove840_trainable", "dataset": "h109_max_balanced_0_1_1", "congress": "109", "chamber": "House", "style": "max_balanced_0_1_1", "split": "train", "n": 25802, "TP": 11513, "FP": 1254, "TN": 11647, "FN": 1388, "precision": 0.9017780214615806, "recall": 0.892411440973568, "accuracy": 0.8976048368343539, "f1": 0.8970702820632694, "negative_accuracy": 0.9027982326951399, "balanced_accuracy": 0.8976048368343539, "AUC": 0.9665930829389286, "CI_95.0": [0.964762584216132, 0.9684235816617253]}