{"model": "cnn2_a10-4_avg_drop_128_7_l64_s1_d3_20_e300_glove840_trainable", "dataset": "h112_max_balanced_0_1_1", "congress": "112", "chamber": "House", "style": "max_balanced_0_1_1", "split": "train", "n": 26090, "TP": 11683, "FP": 1283, "TN": 11762, "FN": 1362, "precision": 0.9010488971155329, "recall": 0.8955921809122269, "accuracy": 0.8986201609812189, "f1": 0.8983122525085541, "negative_accuracy": 0.9016481410502108, "balanced_accuracy": 0.8986201609812189, "AUC": 0.9690209421907039, "CI_95.0": [0.9673297968542801, 0.9707120875271277]}