{"model": "cnn2_a10-4_avg_drop_128_7_l64_s1_d3_20_e300_glove840_trainable", "dataset": "h100_max_balanced_0_1_1", "congress": "100", "chamber": "House", "style": "max_balanced_0_1_1", "split": "train", "n": 26218, "TP": 11336, "FP": 1600, "TN": 11509, "FN": 1773, "precision": 0.8763141620284477, "recall": 0.8647494088031124, "accuracy": 0.8713479289038065, "f1": 0.8704933768477634, "negative_accuracy": 0.8779464490045007, "balanced_accuracy": 0.8713479289038065, "AUC": 0.9496660644429412, "CI_95.0": [0.9473138038875585, 0.952018324998324]}