{"model": "cnn2_a10-4_avg_drop_128_7_l64_s1_d3_20_e300_glove840_trainable", "dataset": "h097_max_balanced_0_1_1", "congress": "097", "chamber": "House", "style": "max_balanced_0_1_1", "split": "train", "n": 23038, "TP": 9795, "FP": 1371, "TN": 10148, "FN": 1724, "precision": 0.8772165502418054, "recall": 0.8503342304019447, "accuracy": 0.8656567410365483, "f1": 0.8635662331937404, "negative_accuracy": 0.880979251671152, "balanced_accuracy": 0.8656567410365483, "AUC": 0.9450755524484356, "CI_95.0": [0.9424370773236649, 0.9477140275732062]}