{"model": "cnn2_a10-4_avg_drop_128_7_l64_s1_d3_20_e300_glove840_trainable", "dataset": "h106_max_balanced_0_1_1", "congress": "106", "chamber": "House", "style": "max_balanced_0_1_1", "split": "train", "n": 27700, "TP": 12092, "FP": 1340, "TN": 12510, "FN": 1758, "precision": 0.9002382370458606, "recall": 0.8730685920577618, "accuracy": 0.888158844765343, "f1": 0.8864452752730738, "negative_accuracy": 0.9032490974729241, "balanced_accuracy": 0.888158844765343, "AUC": 0.9605501544396513, "CI_95.0": [0.9585900490608089, 0.9625102598184937]}