{"model": "cnn2_a10-4_avg_drop_128_7_l64_s1_d3_20_e300_glove840_trainable", "dataset": "h103_max_balanced_0_1_1", "congress": "103", "chamber": "House", "style": "max_balanced_0_1_1", "split": "train", "n": 28186, "TP": 11937, "FP": 2836, "TN": 11257, "FN": 2156, "precision": 0.8080281594801326, "recall": 0.8470162492017314, "accuracy": 0.8228907968494997, "f1": 0.8270629806692994, "negative_accuracy": 0.7987653444972681, "balanced_accuracy": 0.8228907968494997, "AUC": 0.9068508773577659, "CI_95.0": [0.9035123062168531, 0.9101894484986788]}