{"model": "cnn2_a10-4_avg_drop_128_7_l64_s1_d3_20_e300_glove840_trainable", "dataset": "h114_max_balanced_0_1_1", "congress": "114", "chamber": "House", "style": "max_balanced_0_1_1", "split": "train", "n": 18990, "TP": 8303, "FP": 532, "TN": 8963, "FN": 1192, "precision": 0.9397849462365592, "recall": 0.8744602422327541, "accuracy": 0.9092153765139547, "f1": 0.9059465357337698, "negative_accuracy": 0.9439705107951554, "balanced_accuracy": 0.9092153765139548, "AUC": 0.9766370815159775, "CI_95.0": [0.9750208409342996, 0.9782533220976554]}