{"model": "logistic_tfidf", "dataset": "h109_bayram", "congress": "109", "chamber": "House", "bayram": "style", "split": "train", "n": 4000, "TP": 1777, "FP": 175, "TN": 1825, "FN": 223, "precision": 0.9103483606557377, "recall": 0.8885, "accuracy": 0.9005, "f1": 0.8992914979757084, "negative_accuracy": 0.9125, "balanced_accuracy": 0.9005, "AUC": 0.9654915000000001, "CI_95.0": [0.960685802934889, 0.9702971970651111]}