{"model": "logistic_tfidf", "dataset": "h112_bayram", "congress": "112", "chamber": "House", "bayram": "style", "split": "train", "n": 4000, "TP": 1918, "FP": 71, "TN": 1929, "FN": 82, "precision": 0.9643036701860231, "recall": 0.959, "accuracy": 0.96175, "f1": 0.961644522436701, "negative_accuracy": 0.9645, "balanced_accuracy": 0.96175, "AUC": 0.9933777500000002, "CI_95.0": [0.991762848653315, 0.9949926513466854]}