{"model": "logistic_tfidf", "dataset": "h097_bayram", "congress": "097", "chamber": "House", "bayram": "style", "split": "train", "n": 4000, "TP": 1667, "FP": 270, "TN": 1730, "FN": 333, "precision": 0.8606091894682498, "recall": 0.8335, "accuracy": 0.84925, "f1": 0.8468376936753873, "negative_accuracy": 0.865, "balanced_accuracy": 0.8492500000000001, "AUC": 0.93143075, "CI_95.0": [0.9242063379142945, 0.9386551620857054]}