{"model": "logistic_tfidf", "dataset": "h114_bayram", "congress": "114", "chamber": "House", "bayram": "style", "split": "train", "n": 4000, "TP": 1816, "FP": 130, "TN": 1870, "FN": 184, "precision": 0.9331963001027749, "recall": 0.908, "accuracy": 0.9215, "f1": 0.9204257475924987, "negative_accuracy": 0.935, "balanced_accuracy": 0.9215, "AUC": 0.9776792499999999, "CI_95.0": [0.9739810517890791, 0.9813774482109207]}