{"model": "boost_6-3", "dataset": "h114_3gram_max_balanced_0", "congress": "114", "chamber": "House", "style": "3gram_max_balanced_0", "split": "train", "n": 18990, "TP": 5535, "FP": 1771, "TN": 7724, "FN": 3960, "precision": 0.7575964960306597, "recall": 0.5829383886255924, "accuracy": 0.6982095839915745, "f1": 0.6588893518242962, "negative_accuracy": 0.8134807793575566, "balanced_accuracy": 0.6982095839915745, "AUC": 0.6982095839915745, "CI_95.0": [0.6918896853031209, 0.7045294826800281]}