{"model": "boost_6-3", "dataset": "h114_bayram_1_1", "congress": "114", "chamber": "House", "style": "bayram_1_1", "split": "train", "n": 4000, "TP": 1474, "FP": 487, "TN": 1513, "FN": 526, "precision": 0.7516573176950535, "recall": 0.737, "accuracy": 0.74675, "f1": 0.7442565008836153, "negative_accuracy": 0.7565, "balanced_accuracy": 0.74675, "AUC": 0.7467500000000001, "CI_95.0": [0.7332734149163553, 0.7602265850836449]}