{"model": "boost_6-3", "dataset": "h097_bayram", "congress": "097", "chamber": "House", "style": "bayram", "split": "train", "n": 4000, "TP": 1340, "FP": 655, "TN": 1345, "FN": 660, "precision": 0.6716791979949874, "recall": 0.67, "accuracy": 0.67125, "f1": 0.6708385481852315, "negative_accuracy": 0.6725, "balanced_accuracy": 0.67125, "AUC": 0.67125, "CI_95.0": [0.6566886986871906, 0.6858113013128094]}