{"model": "boost_6-3", "dataset": "h103_max_balanced_0", "congress": "103", "chamber": "House", "style": "max_balanced_0", "split": "train", "n": 28186, "TP": 9988, "FP": 5561, "TN": 8532, "FN": 4105, "precision": 0.6423564216348319, "recall": 0.7087206414532037, "accuracy": 0.6570637905343079, "f1": 0.6739086431414885, "negative_accuracy": 0.6054069396154119, "balanced_accuracy": 0.6570637905343077, "AUC": 0.6570637905343077, "CI_95.0": [0.6515548212496145, 0.662572759819001]}