{"model": "boost_6-3", "dataset": "h100_bayram_3_7", "congress": "100", "chamber": "House", "style": "bayram_3_7", "split": "train", "n": 4000, "TP": 1289, "FP": 591, "TN": 1409, "FN": 711, "precision": 0.6856382978723404, "recall": 0.6445, "accuracy": 0.6745, "f1": 0.6644329896907216, "negative_accuracy": 0.7045, "balanced_accuracy": 0.6745, "AUC": 0.6745, "CI_95.0": [0.6600055684151291, 0.6889944315848708]}