{"model": "boost_6-3", "dataset": "h109_bayram_1_1", "congress": "109", "chamber": "House", "style": "bayram_1_1", "split": "train", "n": 4000, "TP": 1434, "FP": 505, "TN": 1495, "FN": 566, "precision": 0.739556472408458, "recall": 0.717, "accuracy": 0.73225, "f1": 0.7281035795887281, "negative_accuracy": 0.7475, "balanced_accuracy": 0.7322500000000001, "AUC": 0.73225, "CI_95.0": [0.7185328654906954, 0.7459671345093045]}