{"model": "boost_6-3", "dataset": "h103_bayram_1_1", "congress": "103", "chamber": "House", "style": "bayram_1_1", "split": "train", "n": 4000, "TP": 1461, "FP": 638, "TN": 1362, "FN": 539, "precision": 0.6960457360647928, "recall": 0.7305, "accuracy": 0.70575, "f1": 0.712856794340083, "negative_accuracy": 0.681, "balanced_accuracy": 0.7057500000000001, "AUC": 0.70575, "CI_95.0": [0.6916451360376832, 0.7198548639623168]}