{"model": "boost_6-3", "dataset": "h100_bayram_1_1", "congress": "100", "chamber": "House", "style": "bayram_1_1", "split": "train", "n": 4000, "TP": 1333, "FP": 634, "TN": 1366, "FN": 667, "precision": 0.6776817488561261, "recall": 0.6665, "accuracy": 0.67475, "f1": 0.6720443660196622, "negative_accuracy": 0.683, "balanced_accuracy": 0.67475, "AUC": 0.6747500000000001, "CI_95.0": [0.6602309085590131, 0.689269091440987]}