{"model": "boost_6-3", "dataset": "h097_2gram_max_balanced_0", "congress": "097", "chamber": "House", "style": "2gram_max_balanced_0", "split": "train", "n": 23038, "TP": 6293, "FP": 3461, "TN": 8058, "FN": 5226, "precision": 0.6451712118105393, "recall": 0.5463147842694679, "accuracy": 0.6229273374424863, "f1": 0.5916419874958869, "negative_accuracy": 0.6995398906155048, "balanced_accuracy": 0.6229273374424864, "AUC": 0.6229273374424864, "CI_95.0": [0.6167474483729285, 0.6291072265120443]}