{"model": "boost_6-3", "dataset": "h112_max_balanced_0", "congress": "112", "chamber": "House", "style": "max_balanced_0", "split": "train", "n": 26090, "TP": 7926, "FP": 2791, "TN": 10254, "FN": 5119, "precision": 0.7395726415974619, "recall": 0.6075891146032962, "accuracy": 0.6968187044844768, "f1": 0.6671155626630754, "negative_accuracy": 0.7860482943656574, "balanced_accuracy": 0.6968187044844768, "AUC": 0.6968187044844769, "CI_95.0": [0.6913473242418262, 0.7022900847271276]}