{"model": "boost_6-3", "dataset": "h100_max_balanced_0", "congress": "100", "chamber": "House", "style": "max_balanced_0", "split": "train", "n": 26218, "TP": 7313, "FP": 3795, "TN": 9314, "FN": 5796, "precision": 0.6583543392149802, "recall": 0.5578610115188039, "accuracy": 0.634182622625677, "f1": 0.6039558987488128, "negative_accuracy": 0.7105042337325501, "balanced_accuracy": 0.634182622625677, "AUC": 0.6341826226256769, "CI_95.0": [0.6284258058145747, 0.6399394394367791]}