{"model": "boost_6-3", "dataset": "h106_bayram", "congress": "106", "chamber": "House", "style": "bayram", "split": "train", "n": 4000, "TP": 1415, "FP": 614, "TN": 1386, "FN": 585, "precision": 0.6973878758008871, "recall": 0.7075, "accuracy": 0.70025, "f1": 0.7024075452965997, "negative_accuracy": 0.693, "balanced_accuracy": 0.70025, "AUC": 0.7002499999999999, "CI_95.0": [0.6860503229671504, 0.7144496770328495]}