{"model": "boost_6-3", "dataset": "h112_3gram_max_balanced_0", "congress": "112", "chamber": "House", "style": "3gram_max_balanced_0", "split": "train", "n": 26090, "TP": 8080, "FP": 2833, "TN": 10212, "FN": 4965, "precision": 0.7404013561807019, "recall": 0.6193944039862016, "accuracy": 0.7011115369873515, "f1": 0.674513732364972, "negative_accuracy": 0.7828286699885013, "balanced_accuracy": 0.7011115369873515, "AUC": 0.7011115369873515, "CI_95.0": [0.6956458654735028, 0.7065772085012002]}