{"model": "boost_6-3", "dataset": "h100_bayram", "congress": "100", "chamber": "House", "style": "bayram", "split": "train", "n": 4000, "TP": 1348, "FP": 651, "TN": 1349, "FN": 652, "precision": 0.6743371685842922, "recall": 0.674, "accuracy": 0.67425, "f1": 0.6741685421355339, "negative_accuracy": 0.6745, "balanced_accuracy": 0.67425, "AUC": 0.6742500000000001, "CI_95.0": [0.6597228866867773, 0.688777113313223]}