{"model": "boost_6-3", "dataset": "h112_bayram_3_7", "congress": "112", "chamber": "House", "style": "bayram_3_7", "split": "train", "n": 4000, "TP": 1511, "FP": 438, "TN": 1562, "FN": 489, "precision": 0.7752693689071318, "recall": 0.7555, "accuracy": 0.76825, "f1": 0.7652570270954671, "negative_accuracy": 0.781, "balanced_accuracy": 0.76825, "AUC": 0.76825, "CI_95.0": [0.7551765715746127, 0.7813234284253873]}