{"model": "boost_6-3", "dataset": "h103_bayram", "congress": "103", "chamber": "House", "style": "bayram", "split": "train", "n": 4000, "TP": 1441, "FP": 613, "TN": 1387, "FN": 559, "precision": 0.7015579357351509, "recall": 0.7205, "accuracy": 0.707, "f1": 0.7109028120374938, "negative_accuracy": 0.6935, "balanced_accuracy": 0.7070000000000001, "AUC": 0.707, "CI_95.0": [0.6928980527929154, 0.7211019472070845]}