{"model": "boost_6-3", "dataset": "h100_2gram_max_balanced_0", "congress": "100", "chamber": "House", "style": "2gram_max_balanced_0", "split": "train", "n": 26218, "TP": 7135, "FP": 3404, "TN": 9705, "FN": 5974, "precision": 0.6770092039092893, "recall": 0.5442825539705546, "accuracy": 0.6423068121138149, "f1": 0.6034336941813261, "negative_accuracy": 0.7403310702570753, "balanced_accuracy": 0.6423068121138149, "AUC": 0.642306812113815, "CI_95.0": [0.6366272562744932, 0.6479863679531368]}