{"model": "boost_6-3", "dataset": "h109_2gram_max_balanced_0", "congress": "109", "chamber": "House", "style": "2gram_max_balanced_0", "split": "train", "n": 25802, "TP": 8977, "FP": 4055, "TN": 8846, "FN": 3924, "precision": 0.6888428483732351, "recall": 0.6958375319742656, "accuracy": 0.6907604061700643, "f1": 0.692322523425751, "negative_accuracy": 0.6856832803658631, "balanced_accuracy": 0.6907604061700643, "AUC": 0.6907604061700643, "CI_95.0": [0.6851211308570138, 0.6963996814831148]}