{"model": "boost_6-3", "dataset": "h114_bayram", "congress": "114", "chamber": "House", "style": "bayram", "split": "train", "n": 4000, "TP": 1484, "FP": 482, "TN": 1518, "FN": 516, "precision": 0.7548321464903357, "recall": 0.742, "accuracy": 0.7505, "f1": 0.7483610690872415, "negative_accuracy": 0.759, "balanced_accuracy": 0.7505, "AUC": 0.7505000000000001, "CI_95.0": [0.7370892360807795, 0.7639107639192206]}