{"model": "boost_6-3", "dataset": "h114_bayram", "congress": "114", "chamber": "House", "style": "bayram", "split": "train", "n": 4000, "TP": 1628, "FP": 326, "TN": 1674, "FN": 372, "precision": 0.8331627430910952, "recall": 0.814, "accuracy": 0.8255, "f1": 0.82346990389479, "negative_accuracy": 0.837, "balanced_accuracy": 0.8254999999999999, "AUC": 0.8255, "CI_95.0": [0.8137406450571834, 0.8372593549428167]}