{"model": "boost_6-3", "dataset": "h106_2gram_max_balanced_0", "congress": "106", "chamber": "House", "style": "2gram_max_balanced_0", "split": "train", "n": 27700, "TP": 8112, "FP": 3606, "TN": 10244, "FN": 5738, "precision": 0.6922683051715309, "recall": 0.5857039711191335, "accuracy": 0.6626714801444044, "f1": 0.634543178973717, "negative_accuracy": 0.7396389891696751, "balanced_accuracy": 0.6626714801444042, "AUC": 0.6626714801444042, "CI_95.0": [0.657177750369034, 0.6681652099197745]}