{"model": "boost_6-3", "dataset": "h103_2gram_max_balanced_0", "congress": "103", "chamber": "House", "style": "2gram_max_balanced_0", "split": "train", "n": 28186, "TP": 9960, "FP": 5348, "TN": 8745, "FN": 4133, "precision": 0.6506401881369218, "recall": 0.7067338394947846, "accuracy": 0.6636273327183708, "f1": 0.6775279752389375, "negative_accuracy": 0.620520825941957, "balanced_accuracy": 0.6636273327183708, "AUC": 0.6636273327183708, "CI_95.0": [0.6581344019779605, 0.6691202634587812]}