{"model": "boost_6-3", "dataset": "h112_bayram_1_1", "congress": "112", "chamber": "House", "style": "bayram_1_1", "split": "train", "n": 4000, "TP": 1459, "FP": 412, "TN": 1588, "FN": 541, "precision": 0.7797969000534474, "recall": 0.7295, "accuracy": 0.76175, "f1": 0.7538103849134591, "negative_accuracy": 0.794, "balanced_accuracy": 0.76175, "AUC": 0.76175, "CI_95.0": [0.7485825590694627, 0.7749174409305374]}