{"model": "boost_6-3", "dataset": "h106_bayram_1_1", "congress": "106", "chamber": "House", "style": "bayram_1_1", "split": "train", "n": 4000, "TP": 1389, "FP": 606, "TN": 1394, "FN": 611, "precision": 0.6962406015037594, "recall": 0.6945, "accuracy": 0.69575, "f1": 0.6953692115143931, "negative_accuracy": 0.697, "balanced_accuracy": 0.69575, "AUC": 0.69575, "CI_95.0": [0.681488441285877, 0.7100115587141229]}