{"model": "boost_6-3", "dataset": "h112_2gram_max_balanced_0", "congress": "112", "chamber": "House", "style": "2gram_max_balanced_0", "split": "train", "n": 26090, "TP": 7671, "FP": 2531, "TN": 10514, "FN": 5374, "precision": 0.7519113899235444, "recall": 0.5880413951705634, "accuracy": 0.6970103487926409, "f1": 0.6599561233707575, "negative_accuracy": 0.8059793024147183, "balanced_accuracy": 0.6970103487926409, "AUC": 0.6970103487926409, "CI_95.0": [0.6915928955334111, 0.7024278020518707]}