{"model": "boost_6-3", "dataset": "h114_2gram_max_balanced_0", "congress": "114", "chamber": "House", "style": "2gram_max_balanced_0", "split": "train", "n": 18990, "TP": 5795, "FP": 2029, "TN": 7466, "FN": 3700, "precision": 0.7406697341513292, "recall": 0.6103212216956293, "accuracy": 0.6983149025803054, "f1": 0.6692072290547953, "negative_accuracy": 0.7863085834649816, "balanced_accuracy": 0.6983149025803055, "AUC": 0.6983149025803055, "CI_95.0": [0.6919075326255432, 0.7047222725350678]}