{"model": "boost_6-3", "dataset": "h097_bayram_1_1", "congress": "097", "chamber": "House", "style": "bayram_1_1", "split": "train", "n": 4000, "TP": 1338, "FP": 631, "TN": 1369, "FN": 662, "precision": 0.6795327577450483, "recall": 0.669, "accuracy": 0.67675, "f1": 0.674225245653817, "negative_accuracy": 0.6845, "balanced_accuracy": 0.67675, "AUC": 0.6767500000000001, "CI_95.0": [0.6622539236719738, 0.6912460763280264]}