{"model": "boost_6-3", "dataset": "h109_max_balanced_0", "congress": "109", "chamber": "House", "style": "max_balanced_0", "split": "train", "n": 25802, "TP": 7953, "FP": 3275, "TN": 9626, "FN": 4948, "precision": 0.7083184894905593, "recall": 0.6164638400124022, "accuracy": 0.6813037749011704, "f1": 0.659206763645406, "negative_accuracy": 0.7461437097899387, "balanced_accuracy": 0.6813037749011704, "AUC": 0.6813037749011706, "CI_95.0": [0.6756732188704591, 0.686934330931882]}