{"model": "boost_6-3", "dataset": "h112_bayram", "congress": "112", "chamber": "House", "style": "bayram", "split": "train", "n": 4000, "TP": 1670, "FP": 310, "TN": 1690, "FN": 330, "precision": 0.8434343434343434, "recall": 0.835, "accuracy": 0.84, "f1": 0.8391959798994975, "negative_accuracy": 0.845, "balanced_accuracy": 0.84, "AUC": 0.84, "CI_95.0": [0.8286371850301206, 0.8513628149698793]}