{"model": "boost_6-3", "dataset": "h106_bayram_3_7", "congress": "106", "chamber": "House", "style": "bayram_3_7", "split": "train", "n": 4000, "TP": 1421, "FP": 627, "TN": 1373, "FN": 579, "precision": 0.69384765625, "recall": 0.7105, "accuracy": 0.6985, "f1": 0.7020750988142291, "negative_accuracy": 0.6865, "balanced_accuracy": 0.6985, "AUC": 0.6985, "CI_95.0": [0.6842798220720848, 0.7127201779279152]}