{"model": "cnn2_avg_drop_128_7_l64_s1_d3_20_e300_glove840_trainable", "dataset": "h103_max_balanced_0_1_1", "congress": "103", "chamber": "House", "style": "max_balanced_0_1_1", "split": "train", "n": 28186, "TP": 13005, "FP": 2306, "TN": 11787, "FN": 1088, "precision": 0.849389327934165, "recall": 0.9227985524728589, "accuracy": 0.879585609877244, "f1": 0.8845735274112366, "negative_accuracy": 0.8363726672816292, "balanced_accuracy": 0.8795856098772441, "AUC": 0.9554052848869663, "CI_95.0": [0.9532754927498605, 0.9575350770240721]}