{"model": "cnn2_avg_drop_128_7_l64_s1_d3_20_e300_glove840_trainable", "dataset": "h114_max_balanced_0_1_1", "congress": "114", "chamber": "House", "style": "max_balanced_0_1_1", "split": "train", "n": 18990, "TP": 8160, "FP": 893, "TN": 8602, "FN": 1335, "precision": 0.9013586656357009, "recall": 0.8593996840442338, "accuracy": 0.8826750921537652, "f1": 0.8798792322622384, "negative_accuracy": 0.9059505002632965, "balanced_accuracy": 0.8826750921537652, "AUC": 0.9590728802970216, "CI_95.0": [0.9566929229703982, 0.9614528376236451]}