{"model": "cnn2_avg_drop_128_7_l64_s1_d3_20_e300_glove840_trainable", "dataset": "h106_max_balanced_0_1_1", "congress": "106", "chamber": "House", "style": "max_balanced_0_1_1", "split": "train", "n": 27700, "TP": 12546, "FP": 1077, "TN": 12773, "FN": 1304, "precision": 0.9209425236731997, "recall": 0.9058483754512635, "accuracy": 0.9140433212996389, "f1": 0.9133330906708403, "negative_accuracy": 0.9222382671480145, "balanced_accuracy": 0.914043321299639, "AUC": 0.9762790600685529, "CI_95.0": [0.9748913060290954, 0.9776668141080105]}