{"model": "cnn2_avg_drop_128_7_l64_s1_d3_20_e300_glove840_trainable", "dataset": "h112_max_balanced_0_1_1", "congress": "112", "chamber": "House", "style": "max_balanced_0_1_1", "split": "train", "n": 26090, "TP": 12057, "FP": 1080, "TN": 11965, "FN": 988, "precision": 0.9177894496460379, "recall": 0.9242621694135684, "accuracy": 0.92073591414335, "f1": 0.9210144373997403, "negative_accuracy": 0.9172096588731314, "balanced_accuracy": 0.92073591414335, "AUC": 0.9800879727440512, "CI_95.0": [0.9788060030194433, 0.9813699424686592]}