{"model": "cnn2_avg_drop_128_7_l64_s1_d3_20_e300_glove840_trainable", "dataset": "h097_max_balanced_0_1_1", "congress": "097", "chamber": "House", "style": "max_balanced_0_1_1", "split": "train", "n": 23038, "TP": 9287, "FP": 876, "TN": 10643, "FN": 2232, "precision": 0.9138049788448293, "recall": 0.8062331799635385, "accuracy": 0.8650924559423561, "f1": 0.856655290102389, "negative_accuracy": 0.9239517319211737, "balanced_accuracy": 0.8650924559423561, "AUC": 0.9486281138713732, "CI_95.0": [0.9460882156439172, 0.9511680120988293]}