{"model": "cnn2_avg_drop_128_7_l64_s1_d3_20_e300_glove840_trainable", "dataset": "h100_max_balanced_0_1_1", "congress": "100", "chamber": "House", "style": "max_balanced_0_1_1", "split": "train", "n": 26218, "TP": 10273, "FP": 1040, "TN": 12069, "FN": 2836, "precision": 0.9080703615309821, "recall": 0.7836600808604776, "accuracy": 0.8521626363567015, "f1": 0.8412906395872575, "negative_accuracy": 0.9206651918529255, "balanced_accuracy": 0.8521626363567015, "AUC": 0.9384050118722368, "CI_95.0": [0.9357166739268655, 0.9410933498176081]}