{"model": "cnn2_avg_drop_128_7_l64_s1_d3_20_e300_glove840_trainable", "dataset": "h109_max_balanced_0_1_1", "congress": "109", "chamber": "House", "style": "max_balanced_0_1_1", "split": "train", "n": 25802, "TP": 11436, "FP": 1085, "TN": 11816, "FN": 1465, "precision": 0.9133455794265634, "recall": 0.8864429114022169, "accuracy": 0.9011704519029533, "f1": 0.8996931791361812, "negative_accuracy": 0.9158979924036896, "balanced_accuracy": 0.9011704519029533, "AUC": 0.9682197822330307, "CI_95.0": [0.9664396134141422, 0.9699999510519193]}