{"model": "cnn2_128_7_e128_s1_d2_10_95", "dataset": "h114_bayram_1_1", "congress": "114", "chamber": "House", "style": "bayram_1_1", "split": "train", "n": 4000, "TP": 1801, "FP": 903, "TN": 1097, "FN": 199, "precision": 0.6660502958579881, "recall": 0.9005, "accuracy": 0.7245, "f1": 0.7657312925170067, "negative_accuracy": 0.5485, "balanced_accuracy": 0.7244999999999999, "AUC": 0.8387231249999999, "CI_95.0": [0.8267484202539537, 0.8506978297460461]}