{"model": "cnn2_128_7_e128_s1_d2_10_95", "dataset": "h097_bayram_1_1", "congress": "097", "chamber": "House", "style": "bayram_1_1", "split": "train", "n": 4000, "TP": 1931, "FP": 146, "TN": 1854, "FN": 69, "precision": 0.9297063071738084, "recall": 0.9655, "accuracy": 0.94625, "f1": 0.9472651459406426, "negative_accuracy": 0.927, "balanced_accuracy": 0.94625, "AUC": 0.9885809999999998, "CI_95.0": [0.9860631631937027, 0.991098836806297]}