{"model": "cnn2_128_7_e128_s1_d2_10_95", "dataset": "h106_bayram_1_1", "congress": "106", "chamber": "House", "style": "bayram_1_1", "split": "train", "n": 4000, "TP": 1976, "FP": 20, "TN": 1980, "FN": 24, "precision": 0.9899799599198397, "recall": 0.988, "accuracy": 0.989, "f1": 0.988988988988989, "negative_accuracy": 0.99, "balanced_accuracy": 0.989, "AUC": 0.99892525, "CI_95.0": [0.9982570106798655, 0.9995934893201345]}