{"model": "cnn2_128_7_e128_s1_d2_10_95", "dataset": "h109_bayram_1_1", "congress": "109", "chamber": "House", "style": "bayram_1_1", "split": "train", "n": 4000, "TP": 1953, "FP": 69, "TN": 1931, "FN": 47, "precision": 0.9658753709198813, "recall": 0.9765, "accuracy": 0.971, "f1": 0.9711586275484835, "negative_accuracy": 0.9655, "balanced_accuracy": 0.9710000000000001, "AUC": 0.9917485, "CI_95.0": [0.9892108957939715, 0.9942861042060286]}