{"model": "cnn2_128_7_e128_s1_d2_10_95", "dataset": "h103_bayram_1_1", "congress": "103", "chamber": "House", "style": "bayram_1_1", "split": "train", "n": 4000, "TP": 1979, "FP": 20, "TN": 1980, "FN": 21, "precision": 0.9899949974987494, "recall": 0.9895, "accuracy": 0.98975, "f1": 0.9897474368592148, "negative_accuracy": 0.99, "balanced_accuracy": 0.98975, "AUC": 0.9991785000000001, "CI_95.0": [0.998637491414392, 0.9997195085856082]}