{"model": "cnn2_128_7_e128_s1_d2_10_95", "dataset": "h112_bayram_1_1", "congress": "112", "chamber": "House", "style": "bayram_1_1", "split": "train", "n": 4000, "TP": 1209, "FP": 183, "TN": 1817, "FN": 791, "precision": 0.8685344827586207, "recall": 0.6045, "accuracy": 0.7565, "f1": 0.7128537735849055, "negative_accuracy": 0.9085, "balanced_accuracy": 0.7565, "AUC": 0.87221125, "CI_95.0": [0.8615892484581521, 0.8828332515418479]}