{"model": "lda_noscale_lsqr", "dataset": "h106_bayram", "congress": "106", "chamber": "House", "style": "bayram", "split": "train", "n": 4000, "TP": 1971, "FP": 29, "TN": 1971, "FN": 29, "precision": 0.9855, "recall": 0.9855, "accuracy": 0.9855, "f1": 0.9855, "negative_accuracy": 0.9855, "balanced_accuracy": 0.9855, "AUC": 0.9854999999999999, "CI_95.0": [0.9817945666023951, 0.9892054333976048]}