{"model": "lda_noscale_lsqr", "dataset": "h114_bayram", "congress": "114", "chamber": "House", "style": "bayram", "split": "train", "n": 4000, "TP": 1971, "FP": 24, "TN": 1976, "FN": 29, "precision": 0.98796992481203, "recall": 0.9855, "accuracy": 0.98675, "f1": 0.9867334167709637, "negative_accuracy": 0.988, "balanced_accuracy": 0.98675, "AUC": 0.9867500000000001, "CI_95.0": [0.9832058487265257, 0.9902941512734745]}