{"model": "lda_noscale_lsqr", "dataset": "h109_bayram", "congress": "109", "chamber": "House", "style": "bayram", "split": "train", "n": 4000, "TP": 1992, "FP": 3, "TN": 1997, "FN": 8, "precision": 0.9984962406015038, "recall": 0.996, "accuracy": 0.99725, "f1": 0.9972465581977471, "negative_accuracy": 0.9985, "balanced_accuracy": 0.99725, "AUC": 0.9972500000000001, "CI_95.0": [0.9956271764145518, 0.9988728235854484]}