{"model": "lda_noscale_lsqr", "dataset": "h097_bayram", "congress": "097", "chamber": "House", "style": "bayram", "split": "train", "n": 4000, "TP": 1979, "FP": 17, "TN": 1983, "FN": 21, "precision": 0.9914829659318637, "recall": 0.9895, "accuracy": 0.9905, "f1": 0.9904904904904904, "negative_accuracy": 0.9915, "balanced_accuracy": 0.9905, "AUC": 0.9905, "CI_95.0": [0.9874932822554155, 0.9935067177445845]}