{"model": "lda_noscale_lsqr", "dataset": "h112_bayram", "congress": "112", "chamber": "House", "style": "bayram", "split": "train", "n": 4000, "TP": 1974, "FP": 23, "TN": 1977, "FN": 26, "precision": 0.9884827240861291, "recall": 0.987, "accuracy": 0.98775, "f1": 0.9877408056042031, "negative_accuracy": 0.9885, "balanced_accuracy": 0.98775, "AUC": 0.98775, "CI_95.0": [0.9843403628466628, 0.9911596371533372]}