{"model": "lda_noscale_lsqr", "dataset": "h103_bayram", "congress": "103", "chamber": "House", "style": "bayram", "split": "train", "n": 4000, "TP": 1964, "FP": 41, "TN": 1959, "FN": 36, "precision": 0.9795511221945137, "recall": 0.982, "accuracy": 0.98075, "f1": 0.9807740324594257, "negative_accuracy": 0.9795, "balanced_accuracy": 0.98075, "AUC": 0.9807500000000001, "CI_95.0": [0.9764910430601161, 0.9850089569398841]}