{"model": "lda_noscale_lsqr", "dataset": "h100_bayram", "congress": "100", "chamber": "House", "style": "bayram", "split": "train", "n": 4000, "TP": 1986, "FP": 16, "TN": 1984, "FN": 14, "precision": 0.9920079920079921, "recall": 0.993, "accuracy": 0.9925, "f1": 0.9925037481259369, "negative_accuracy": 0.992, "balanced_accuracy": 0.9924999999999999, "AUC": 0.9925, "CI_95.0": [0.9898256681753542, 0.9951743318246459]}