{"model": "cnn2_avg_128_7_l128_s1_e200", "dataset": "h112_max_balanced_0_1_1", "congress": "112", "chamber": "House", "style": "max_balanced_0_1_1", "split": "train", "n": 26090, "TP": 12156, "FP": 664, "TN": 12381, "FN": 889, "precision": 0.9482059282371295, "recall": 0.9318512840168647, "accuracy": 0.9404752778842468, "f1": 0.9399574714865647, "negative_accuracy": 0.949099271751629, "balanced_accuracy": 0.9404752778842469, "AUC": 0.9882027495412364, "CI_95.0": [0.987331576884831, 0.9890739221976419]}