{"model": "cnn2_avg_128_7_l128_s1_e200", "dataset": "h097_max_balanced_0_1_1", "congress": "097", "chamber": "House", "style": "max_balanced_0_1_1", "split": "train", "n": 23038, "TP": 9384, "FP": 920, "TN": 10599, "FN": 2135, "precision": 0.9107142857142857, "recall": 0.8146540498307144, "accuracy": 0.867393002864832, "f1": 0.8600100811070888, "negative_accuracy": 0.9201319558989496, "balanced_accuracy": 0.867393002864832, "AUC": 0.9501955578120209, "CI_95.0": [0.9477141478530143, 0.9526769677710275]}