{"model": "cnn2_avg_128_7_l128_s1_e200", "dataset": "h109_max_balanced_0_1_1", "congress": "109", "chamber": "House", "style": "max_balanced_0_1_1", "split": "train", "n": 25802, "TP": 12147, "FP": 683, "TN": 12218, "FN": 754, "precision": 0.9467653936087296, "recall": 0.9415549182233935, "accuracy": 0.9443066428958995, "f1": 0.944152967237962, "negative_accuracy": 0.9470583675684056, "balanced_accuracy": 0.9443066428958995, "AUC": 0.9892614600388772, "CI_95.0": [0.9884036930428332, 0.9901192270349212]}