{"model": "cnn2_avg_128_7_l128_s1_e200", "dataset": "h103_max_balanced_0_1_1", "congress": "103", "chamber": "House", "style": "max_balanced_0_1_1", "split": "train", "n": 28186, "TP": 13197, "FP": 3174, "TN": 10919, "FN": 896, "precision": 0.8061205790727506, "recall": 0.9364223373305897, "accuracy": 0.8556020719506138, "f1": 0.8663996848739497, "negative_accuracy": 0.7747818065706379, "balanced_accuracy": 0.8556020719506138, "AUC": 0.9442250704787689, "CI_95.0": [0.9417833224039618, 0.946666818553576]}