{"model": "cnn2_avg_128_7_l128_s1_e200", "dataset": "h106_max_balanced_0_1_1", "congress": "106", "chamber": "House", "style": "max_balanced_0_1_1", "split": "train", "n": 27700, "TP": 12365, "FP": 823, "TN": 13027, "FN": 1485, "precision": 0.9375947831361844, "recall": 0.8927797833935018, "accuracy": 0.9166787003610108, "f1": 0.9146386567053777, "negative_accuracy": 0.9405776173285199, "balanced_accuracy": 0.9166787003610108, "AUC": 0.9789947946669446, "CI_95.0": [0.9777158886806167, 0.9802737006532726]}