{"model": "cnn2_avg_128_7_l128_s1_e200", "dataset": "h100_max_balanced_0_1_1", "congress": "100", "chamber": "House", "style": "max_balanced_0_1_1", "split": "train", "n": 26218, "TP": 11562, "FP": 2445, "TN": 10664, "FN": 1547, "precision": 0.8254444206468194, "recall": 0.8819894728812266, "accuracy": 0.8477381951331147, "f1": 0.852780646112996, "negative_accuracy": 0.8134869173850027, "balanced_accuracy": 0.8477381951331147, "AUC": 0.9291357323833674, "CI_95.0": [0.9261864717212205, 0.9320849930455144]}