{"model": "cnn2_avg_128_7_l128_s1_e200", "dataset": "h114_max_balanced_0_1_1", "congress": "114", "chamber": "House", "style": "max_balanced_0_1_1", "split": "train", "n": 18990, "TP": 8809, "FP": 414, "TN": 9081, "FN": 686, "precision": 0.9551122194513716, "recall": 0.9277514481305951, "accuracy": 0.942074776197999, "f1": 0.941233037717705, "negative_accuracy": 0.9563981042654028, "balanced_accuracy": 0.942074776197999, "AUC": 0.9901787171596925, "CI_95.0": [0.9893119027867799, 0.9910455315326051]}