{"model": "logistic_test", "dataset": "h100_max_balanced_0", "split": "train", "n": 26218, "TP": 9948, "FP": 2253, "TN": 10856, "FN": 3161, "precision": 0.8153430046717483, "recall": 0.7588679533145167, "accuracy": 0.7935006484094896, "f1": 0.7860924535756619, "negative_accuracy": 0.8281333435044625, "balanced_accuracy": 0.7935006484094896, "AUC": 0.8792076575870912, "CI_95.0": [0.8751937529777226, 0.8832215621964598]}