{"model": "cnn3_avg_drop_128_7_l64_s1_d4_10_e300_glove840_trainable", "dataset": "h114_max_balanced_0_1_1", "congress": "114", "chamber": "House", "style": "max_balanced_0_1_1", "split": "train", "n": 18990, "TP": 9051, "FP": 630, "TN": 8865, "FN": 444, "precision": 0.9349240780911063, "recall": 0.9532385466034755, "accuracy": 0.9434439178515008, "f1": 0.9439924906132666, "negative_accuracy": 0.933649289099526, "balanced_accuracy": 0.9434439178515008, "AUC": 0.9907749845335854, "CI_95.0": [0.9899206612580554, 0.9916293078091153]}