{"model": "cnn3_avg_drop_128_7_l64_s1_d4_10_e300_glove840_trainable", "dataset": "h097_max_balanced_0_1_1", "congress": "097", "chamber": "House", "style": "max_balanced_0_1_1", "split": "train", "n": 23038, "TP": 10594, "FP": 551, "TN": 10968, "FN": 925, "precision": 0.9505607895917452, "recall": 0.9196978904418787, "accuracy": 0.9359319385363313, "f1": 0.9348746911401341, "negative_accuracy": 0.9521659866307839, "balanced_accuracy": 0.9359319385363313, "AUC": 0.9875802262733977, "CI_95.0": [0.9866238017089044, 0.988536650837891]}