{"model": "cnn3_avg_drop_128_7_l64_s1_d4_10_e300_glove840_trainable", "dataset": "h106_max_balanced_0_1_1", "congress": "106", "chamber": "House", "style": "max_balanced_0_1_1", "split": "train", "n": 27700, "TP": 12341, "FP": 1647, "TN": 12203, "FN": 1509, "precision": 0.8822562196168144, "recall": 0.8910469314079422, "accuracy": 0.8860649819494585, "f1": 0.8866297866226023, "negative_accuracy": 0.8810830324909747, "balanced_accuracy": 0.8860649819494585, "AUC": 0.9600422578164709, "CI_95.0": [0.9580797677925919, 0.96200474784035]}