{"model": "cnn3_avg_drop_128_7_l64_s1_d4_10_e300_glove840_trainable", "dataset": "h103_max_balanced_0_1_1", "congress": "103", "chamber": "House", "style": "max_balanced_0_1_1", "split": "train", "n": 28186, "TP": 13278, "FP": 2544, "TN": 11549, "FN": 815, "precision": 0.8392112248767539, "recall": 0.9421698715674448, "accuracy": 0.8808273611012559, "f1": 0.8877151930469664, "negative_accuracy": 0.819484850635067, "balanced_accuracy": 0.8808273611012559, "AUC": 0.9608619262713727, "CI_95.0": [0.9589097396490547, 0.9628141128936907]}