{"model": "cnn3_avg_drop_128_7_l64_s1_d4_10_e300_glove840_trainable", "dataset": "h100_max_balanced_0_1_1", "congress": "100", "chamber": "House", "style": "max_balanced_0_1_1", "split": "train", "n": 26218, "TP": 10454, "FP": 1036, "TN": 12073, "FN": 2655, "precision": 0.9098346388163621, "recall": 0.7974673888168434, "accuracy": 0.8592188572736288, "f1": 0.8499532501321193, "negative_accuracy": 0.9209703257304143, "balanced_accuracy": 0.8592188572736288, "AUC": 0.9437786204488662, "CI_95.0": [0.9412457897173764, 0.946311451180356]}