{"model": "cnn3_avg_drop_128_7_l64_s1_d4_10_e300_glove840_trainable", "dataset": "h109_max_balanced_0_1_1", "congress": "109", "chamber": "House", "style": "max_balanced_0_1_1", "split": "train", "n": 25802, "TP": 11533, "FP": 887, "TN": 12014, "FN": 1368, "precision": 0.9285829307568438, "recall": 0.8939617083946981, "accuracy": 0.9126036741337881, "f1": 0.9109434856443269, "negative_accuracy": 0.9312456398728781, "balanced_accuracy": 0.9126036741337882, "AUC": 0.9751115116152205, "CI_95.0": [0.973600750880978, 0.976622272349463]}