{"model": "cnn3_avg_drop_128_7_l64_s1_d4_10_e300_glove840_trainable", "dataset": "h112_max_balanced_0_1_1", "congress": "112", "chamber": "House", "style": "max_balanced_0_1_1", "split": "train", "n": 26090, "TP": 12244, "FP": 425, "TN": 12620, "FN": 801, "precision": 0.9664535480306259, "recall": 0.9385971636642392, "accuracy": 0.9530088156381755, "f1": 0.9523216924632496, "negative_accuracy": 0.9674204676121119, "balanced_accuracy": 0.9530088156381755, "AUC": 0.9937915618034161, "CI_95.0": [0.9932621181855008, 0.9943210054213314]}