{"model": "nn1000nd_tfidf", "dataset": "h100_bayram", "congress": "100", "chamber": "House", "bayram": "style", "split": "train", "n": 4000, "TP": 1893, "FP": 77, "TN": 1923, "FN": 107, "precision": 0.9609137055837563, "recall": 0.9465, "accuracy": 0.954, "f1": 0.9536523929471032, "negative_accuracy": 0.9615, "balanced_accuracy": 0.954, "AUC": 0.9884485, "CI_95.0": [0.9857523083258374, 0.9911446916741625]}