{"model": "nn1000nd_tfidf", "dataset": "h114_bayram", "congress": "114", "chamber": "House", "bayram": "style", "split": "train", "n": 4000, "TP": 1823, "FP": 309, "TN": 1691, "FN": 177, "precision": 0.8550656660412758, "recall": 0.9115, "accuracy": 0.8785, "f1": 0.882381413359148, "negative_accuracy": 0.8455, "balanced_accuracy": 0.8785000000000001, "AUC": 0.9564827499999998, "CI_95.0": [0.95088407276233, 0.9620814272376697]}