{"model": "nn1000nd_tfidf", "dataset": "h103_bayram", "congress": "103", "chamber": "House", "bayram": "style", "split": "train", "n": 4000, "TP": 1893, "FP": 286, "TN": 1714, "FN": 107, "precision": 0.8687471317117944, "recall": 0.9465, "accuracy": 0.90175, "f1": 0.9059583632447955, "negative_accuracy": 0.857, "balanced_accuracy": 0.90175, "AUC": 0.9673495, "CI_95.0": [0.9625268763687159, 0.972172123631284]}