{"model": "nn1000nd_tfidf", "dataset": "h112_bayram", "congress": "112", "chamber": "House", "bayram": "style", "split": "train", "n": 4000, "TP": 1821, "FP": 228, "TN": 1772, "FN": 179, "precision": 0.8887262079062958, "recall": 0.9105, "accuracy": 0.89825, "f1": 0.8994813534205977, "negative_accuracy": 0.886, "balanced_accuracy": 0.89825, "AUC": 0.96440275, "CI_95.0": [0.9594086228776447, 0.9693968771223552]}