{"model": "nn1000nd_tfidf", "dataset": "h106_bayram", "congress": "106", "chamber": "House", "bayram": "style", "split": "train", "n": 4000, "TP": 1834, "FP": 141, "TN": 1859, "FN": 166, "precision": 0.9286075949367089, "recall": 0.917, "accuracy": 0.92325, "f1": 0.9227672955974843, "negative_accuracy": 0.9295, "balanced_accuracy": 0.92325, "AUC": 0.9742812500000001, "CI_95.0": [0.9701390928769735, 0.9784234071230267]}