{"model": "nn1000nd_tfidf", "dataset": "h109_bayram", "congress": "109", "chamber": "House", "bayram": "style", "split": "train", "n": 4000, "TP": 1775, "FP": 249, "TN": 1751, "FN": 225, "precision": 0.8769762845849802, "recall": 0.8875, "accuracy": 0.8815, "f1": 0.8822067594433399, "negative_accuracy": 0.8755, "balanced_accuracy": 0.8815, "AUC": 0.95558175, "CI_95.0": [0.9499597456853286, 0.9612037543146714]}