{"model": "cnn2_avg_drop_128_7_l128_s1_d3_10_e200_glove_not_trainable", "dataset": "h114_max_balanced_0_1_1", "congress": "114", "chamber": "House", "style": "max_balanced_0_1_1", "split": "train", "n": 18990, "TP": 9230, "FP": 416, "TN": 9079, "FN": 265, "precision": 0.9568733153638814, "recall": 0.9720905739863086, "accuracy": 0.9641390205371249, "f1": 0.9644219215297007, "negative_accuracy": 0.956187467087941, "balanced_accuracy": 0.9641390205371247, "AUC": 0.996204748431937, "CI_95.0": [0.9957402133428775, 0.9966692835209964]}