{"model": "cnn2_avg_drop_128_7_l128_s1_d3_10_e200_glove_not_trainable", "dataset": "h103_max_balanced_0_1_1", "congress": "103", "chamber": "House", "style": "max_balanced_0_1_1", "split": "train", "n": 28186, "TP": 12219, "FP": 2875, "TN": 11218, "FN": 1874, "precision": 0.809526964356698, "recall": 0.8670261832115235, "accuracy": 0.8315120982047826, "f1": 0.8372905745708707, "negative_accuracy": 0.7959980131980415, "balanced_accuracy": 0.8315120982047826, "AUC": 0.9191026675244636, "CI_95.0": [0.9160433583073685, 0.9221619767415586]}