{"model": "cnn2_avg_drop_128_7_l128_s1_d3_10_e200_glove_not_trainable", "dataset": "h100_max_balanced_0_1_1", "congress": "100", "chamber": "House", "style": "max_balanced_0_1_1", "split": "train", "n": 26218, "TP": 11205, "FP": 1224, "TN": 11885, "FN": 1904, "precision": 0.9015206372194062, "recall": 0.8547562743153558, "accuracy": 0.8806926539018994, "f1": 0.8775158587203383, "negative_accuracy": 0.906629033488443, "balanced_accuracy": 0.8806926539018994, "AUC": 0.9561606512989392, "CI_95.0": [0.954006023872268, 0.9583152787256105]}