{"model": "cnn2_avg_drop_128_7_l128_s1_d3_10_e200_glove_not_trainable", "dataset": "h097_max_balanced_0_1_1", "congress": "097", "chamber": "House", "style": "max_balanced_0_1_1", "split": "train", "n": 23038, "TP": 8311, "FP": 1548, "TN": 9971, "FN": 3208, "precision": 0.8429861040673496, "recall": 0.7215036027432937, "accuracy": 0.7935584686170675, "f1": 0.7775283001216203, "negative_accuracy": 0.8656133344908412, "balanced_accuracy": 0.7935584686170675, "AUC": 0.880280959842136, "CI_95.0": [0.8759781438393915, 0.8845837758448803]}