{"model": "cnn2_avg_drop_128_7_l128_s1_d3_10_e200_glove_not_trainable", "dataset": "h112_max_balanced_0_1_1", "congress": "112", "chamber": "House", "style": "max_balanced_0_1_1", "split": "train", "n": 26090, "TP": 11978, "FP": 499, "TN": 12546, "FN": 1067, "precision": 0.9600064117977077, "recall": 0.9182062092755845, "accuracy": 0.9399770026830203, "f1": 0.9386411723219182, "negative_accuracy": 0.9617477960904561, "balanced_accuracy": 0.9399770026830203, "AUC": 0.9882368826486023, "CI_95.0": [0.9873425221342895, 0.9891312431629151]}