{"model": "cnn2_avg_drop_128_7_l128_s1_d3_10_e200_glove_not_trainable", "dataset": "h109_max_balanced_0_1_1", "congress": "109", "chamber": "House", "style": "max_balanced_0_1_1", "split": "train", "n": 25802, "TP": 12438, "FP": 446, "TN": 12455, "FN": 463, "precision": 0.9653834212977336, "recall": 0.9641113092008371, "accuracy": 0.9647701728548175, "f1": 0.9647469458987784, "negative_accuracy": 0.9654290365087977, "balanced_accuracy": 0.9647701728548175, "AUC": 0.9947597302097282, "CI_95.0": [0.9941825238435179, 0.9953369365759385]}