{"model": "cnn2_avg_drop_128_7_l128_s1_d3_10_e200_glove_not_trainable", "dataset": "h106_max_balanced_0_1_1", "congress": "106", "chamber": "House", "style": "max_balanced_0_1_1", "split": "train", "n": 27700, "TP": 11603, "FP": 1043, "TN": 12807, "FN": 2247, "precision": 0.9175233275343982, "recall": 0.8377617328519855, "accuracy": 0.8812274368231047, "f1": 0.8758303140096618, "negative_accuracy": 0.9246931407942238, "balanced_accuracy": 0.8812274368231047, "AUC": 0.9601080034928124, "CI_95.0": [0.9581481040036168, 0.9620679029820081]}