{"model": "nn20hd", "dataset": "h114_max_balanced_0", "split": "train", "n": 18990, "TP": 7610, "FP": 1146, "TN": 8349, "FN": 1885, "precision": 0.8691183188670626, "recall": 0.8014744602422328, "accuracy": 0.8403896787783044, "f1": 0.8339269081146238, "negative_accuracy": 0.879304897314376, "balanced_accuracy": 0.8403896787783044, "AUC": 0.9234611049134533, "CI_95.0": [0.9198634386379901, 0.9270587711889166]}