{"model": "cnn2_a10-4_avg_drop_128_7_l256_s1_d3_10_e300_glove840_trainable", "dataset": "h112_max_balanced_0_1_1", "congress": "112", "chamber": "House", "style": "max_balanced_0_1_1", "split": "train", "n": 26090, "TP": 11944, "FP": 950, "TN": 12095, "FN": 1101, "precision": 0.9263223204591283, "recall": 0.9155998466845535, "accuracy": 0.9213875047911078, "f1": 0.9209298739350014, "negative_accuracy": 0.9271751628976619, "balanced_accuracy": 0.9213875047911078, "AUC": 0.9804396697988402, "CI_95.0": [0.9791965646108953, 0.9816827749867851]}