{"model": "cnn2_a10-4_avg_drop_128_7_l256_s1_d3_10_e300_glove840_trainable", "dataset": "h097_max_balanced_0_1_1", "congress": "097", "chamber": "House", "style": "max_balanced_0_1_1", "split": "train", "n": 23038, "TP": 10300, "FP": 1357, "TN": 10162, "FN": 1219, "precision": 0.8835892596723, "recall": 0.8941748415661082, "accuracy": 0.8881847382585294, "f1": 0.8888505350362443, "negative_accuracy": 0.8821946349509506, "balanced_accuracy": 0.8881847382585294, "AUC": 0.9621647196676102, "CI_95.0": [0.9600902254970344, 0.964239213838186]}