{"model": "cnn2_a10-4_avg_drop_128_7_l256_s1_d3_10_e300_glove840_trainable", "dataset": "h100_max_balanced_0_1_1", "congress": "100", "chamber": "House", "style": "max_balanced_0_1_1", "split": "train", "n": 26218, "TP": 11422, "FP": 1628, "TN": 11481, "FN": 1687, "precision": 0.8752490421455938, "recall": 0.8713097871691204, "accuracy": 0.8735601495156, "f1": 0.8732749722848732, "negative_accuracy": 0.8758105118620795, "balanced_accuracy": 0.8735601495156, "AUC": 0.9503724153853882, "CI_95.0": [0.9480147149549374, 0.952730115815839]}