{"model": "cnn2_a10-4_avg_drop_128_7_l256_s1_d3_10_e300_glove840_trainable", "dataset": "h103_max_balanced_0_1_1", "congress": "103", "chamber": "House", "style": "max_balanced_0_1_1", "split": "train", "n": 28186, "TP": 12359, "FP": 2179, "TN": 11914, "FN": 1734, "precision": 0.8501169349291512, "recall": 0.8769601930036188, "accuracy": 0.8611722131554672, "f1": 0.8633299570395724, "negative_accuracy": 0.8453842333073157, "balanced_accuracy": 0.8611722131554673, "AUC": 0.9404229435558256, "CI_95.0": [0.9378830316458484, 0.9429628554658027]}