{"model": "cnn2_a10-4_avg_drop_128_7_l256_s1_d3_10_e300_glove840_trainable", "dataset": "h114_max_balanced_0_1_1", "congress": "114", "chamber": "House", "style": "max_balanced_0_1_1", "split": "train", "n": 18990, "TP": 8130, "FP": 562, "TN": 8933, "FN": 1365, "precision": 0.9353428439944776, "recall": 0.8562401263823065, "accuracy": 0.8985255397577673, "f1": 0.894045197118821, "negative_accuracy": 0.940810953133228, "balanced_accuracy": 0.8985255397577673, "AUC": 0.9714181100831596, "CI_95.0": [0.9695627968987528, 0.9732734232675664]}