{"model": "cnn2_a10-4_avg_drop_128_7_l256_s1_d3_10_e300_glove840_trainable", "dataset": "h109_max_balanced_0_1_1", "congress": "109", "chamber": "House", "style": "max_balanced_0_1_1", "split": "train", "n": 25802, "TP": 11510, "FP": 1204, "TN": 11697, "FN": 1391, "precision": 0.9053012427245556, "recall": 0.8921789008603984, "accuracy": 0.8994264010541818, "f1": 0.8986921725551434, "negative_accuracy": 0.9066739012479653, "balanced_accuracy": 0.8994264010541819, "AUC": 0.966924438931261, "CI_95.0": [0.9651027348728893, 0.9687461429896327]}