{"model": "cnn2_a10-4_avg_drop_128_7_l256_s1_d3_10_e300_glove840_trainable", "dataset": "h106_max_balanced_0_1_1", "congress": "106", "chamber": "House", "style": "max_balanced_0_1_1", "split": "train", "n": 27700, "TP": 12240, "FP": 948, "TN": 12902, "FN": 1610, "precision": 0.9281164695177434, "recall": 0.8837545126353791, "accuracy": 0.9076534296028881, "f1": 0.9053924106812634, "negative_accuracy": 0.9315523465703971, "balanced_accuracy": 0.9076534296028881, "AUC": 0.9742384522149383, "CI_95.0": [0.9727772624064157, 0.9756996420234609]}