{"model": "knn_tfidf", "dataset": "h109_bayram", "congress": "109", "chamber": "House", "bayram": "style", "split": "train", "n": 4000, "TP": 1426, "FP": 293, "TN": 1707, "FN": 574, "precision": 0.8295520651541594, "recall": 0.713, "accuracy": 0.78325, "f1": 0.7668728152729227, "negative_accuracy": 0.8535, "balanced_accuracy": 0.78325, "AUC": 0.7832500000000001, "CI_95.0": [0.7706650762377205, 0.7958349237622797]}