{"model": "knn_tfidf", "dataset": "h106_bayram", "congress": "106", "chamber": "House", "bayram": "style", "split": "train", "n": 4000, "TP": 1358, "FP": 322, "TN": 1678, "FN": 642, "precision": 0.8083333333333333, "recall": 0.679, "accuracy": 0.759, "f1": 0.7380434782608696, "negative_accuracy": 0.839, "balanced_accuracy": 0.759, "AUC": 0.759, "CI_95.0": [0.7459766586045256, 0.7720233413954745]}