{"model": "knn_tfidf", "dataset": "h103_bayram", "congress": "103", "chamber": "House", "bayram": "style", "split": "train", "n": 4000, "TP": 1361, "FP": 392, "TN": 1608, "FN": 639, "precision": 0.7763833428408443, "recall": 0.6805, "accuracy": 0.74225, "f1": 0.7252864375166533, "negative_accuracy": 0.804, "balanced_accuracy": 0.7422500000000001, "AUC": 0.74225, "CI_95.0": [0.7288276208131577, 0.7556723791868423]}