{"model": "boost_tfidf", "dataset": "h112_bayram", "congress": "112", "chamber": "House", "bayram": "style", "split": "train", "n": 4000, "TP": 1504, "FP": 455, "TN": 1545, "FN": 496, "precision": 0.7677386421643696, "recall": 0.752, "accuracy": 0.76225, "f1": 0.7597878252083861, "negative_accuracy": 0.7725, "balanced_accuracy": 0.76225, "AUC": 0.76225, "CI_95.0": [0.7490580270834815, 0.7754419729165185]}