{"model": "boost_tfidf", "dataset": "h097_bayram", "congress": "097", "chamber": "House", "bayram": "style", "split": "train", "n": 4000, "TP": 1397, "FP": 721, "TN": 1279, "FN": 603, "precision": 0.6595845136921624, "recall": 0.6985, "accuracy": 0.669, "f1": 0.6784847013113162, "negative_accuracy": 0.6395, "balanced_accuracy": 0.669, "AUC": 0.6689999999999999, "CI_95.0": [0.6544421014988897, 0.6835578985011102]}