{"model": "boost_tfidf", "dataset": "h109_bayram", "congress": "109", "chamber": "House", "bayram": "style", "split": "train", "n": 4000, "TP": 1395, "FP": 434, "TN": 1566, "FN": 605, "precision": 0.7627118644067796, "recall": 0.6975, "accuracy": 0.74025, "f1": 0.7286497780099244, "negative_accuracy": 0.783, "balanced_accuracy": 0.7402500000000001, "AUC": 0.74025, "CI_95.0": [0.7267224268035701, 0.7537775731964298]}