{"model": "boost_tfidf", "dataset": "h106_bayram", "congress": "106", "chamber": "House", "bayram": "style", "split": "train", "n": 4000, "TP": 1336, "FP": 548, "TN": 1452, "FN": 664, "precision": 0.7091295116772823, "recall": 0.668, "accuracy": 0.697, "f1": 0.6879505664263645, "negative_accuracy": 0.726, "balanced_accuracy": 0.6970000000000001, "AUC": 0.697, "CI_95.0": [0.6827833276530841, 0.7112166723469158]}