{"model": "boost_tfidf", "dataset": "h103_bayram", "congress": "103", "chamber": "House", "bayram": "style", "split": "train", "n": 4000, "TP": 1465, "FP": 639, "TN": 1361, "FN": 535, "precision": 0.6962927756653993, "recall": 0.7325, "accuracy": 0.7065, "f1": 0.7139376218323588, "negative_accuracy": 0.6805, "balanced_accuracy": 0.7065, "AUC": 0.7065, "CI_95.0": [0.6924078336484507, 0.7205921663515493]}