{"model": "boost_tfidf", "dataset": "h114_bayram", "congress": "114", "chamber": "House", "bayram": "style", "split": "train", "n": 4000, "TP": 1469, "FP": 478, "TN": 1522, "FN": 531, "precision": 0.7544940934771444, "recall": 0.7345, "accuracy": 0.74775, "f1": 0.7443628071953382, "negative_accuracy": 0.761, "balanced_accuracy": 0.74775, "AUC": 0.74775, "CI_95.0": [0.734293928523961, 0.761206071476039]}