{"model": "boost_tfidf", "dataset": "h100_bayram", "congress": "100", "chamber": "House", "bayram": "style", "split": "train", "n": 4000, "TP": 1368, "FP": 666, "TN": 1334, "FN": 632, "precision": 0.672566371681416, "recall": 0.684, "accuracy": 0.6755, "f1": 0.6782350024789291, "negative_accuracy": 0.667, "balanced_accuracy": 0.6755, "AUC": 0.6755000000000001, "CI_95.0": [0.6609897418793368, 0.6900102581206634]}