{"model": "nn20nd_reg", "dataset": "h100_bayram_1_1", "congress": "100", "chamber": "House", "bayram_1_1": "style", "split": "train", "n": 4000, "TP": 1845, "FP": 331, "TN": 1669, "FN": 155, "precision": 0.8478860294117647, "recall": 0.9225, "accuracy": 0.8785, "f1": 0.8836206896551724, "negative_accuracy": 0.8345, "balanced_accuracy": 0.8785000000000001, "AUC": 0.95429825, "CI_95.0": [0.9484179239429851, 0.960178576057015]}