{"model": "nn20nd_reg", "dataset": "h114_bayram_1_1", "congress": "114", "chamber": "House", "bayram_1_1": "style", "split": "train", "n": 4000, "TP": 1728, "FP": 169, "TN": 1831, "FN": 272, "precision": 0.9109119662625198, "recall": 0.864, "accuracy": 0.88975, "f1": 0.8868360277136259, "negative_accuracy": 0.9155, "balanced_accuracy": 0.88975, "AUC": 0.95845525, "CI_95.0": [0.952856177305408, 0.964054322694592]}