{"model": "nn20nd_reg", "dataset": "h106_bayram_1_1", "congress": "106", "chamber": "House", "bayram_1_1": "style", "split": "train", "n": 4000, "TP": 1623, "FP": 164, "TN": 1836, "FN": 377, "precision": 0.9082260772243984, "recall": 0.8115, "accuracy": 0.86475, "f1": 0.8571428571428571, "negative_accuracy": 0.918, "balanced_accuracy": 0.86475, "AUC": 0.9444535000000002, "CI_95.0": [0.9379370929679995, 0.9509699070320008]}