{"model": "nn20nd_reg", "dataset": "h109_bayram_1_1", "congress": "109", "chamber": "House", "bayram_1_1": "style", "split": "train", "n": 4000, "TP": 1701, "FP": 244, "TN": 1756, "FN": 299, "precision": 0.8745501285347044, "recall": 0.8505, "accuracy": 0.86425, "f1": 0.8623574144486692, "negative_accuracy": 0.878, "balanced_accuracy": 0.86425, "AUC": 0.9392655, "CI_95.0": [0.9323169609919898, 0.9462140390080102]}