{"model": "cnn3_a10-4_avg_drop_128_7_l64_s1_d4_10_e300_glove840_trainable", "dataset": "h097_max_balanced_0_1_1", "congress": "097", "chamber": "House", "style": "max_balanced_0_1_1", "split": "train", "n": 23038, "TP": 10605, "FP": 877, "TN": 10642, "FN": 914, "precision": 0.9236195784706497, "recall": 0.9206528344474346, "accuracy": 0.9222588766385971, "f1": 0.9221338202686838, "negative_accuracy": 0.9238649188297595, "balanced_accuracy": 0.9222588766385971, "AUC": 0.9798813618728917, "CI_95.0": [0.9785036621755901, 0.9812590615701932]}