{"model": "cnn3_a10-4_avg_drop_128_7_l64_s1_d4_10_e300_glove840_trainable", "dataset": "h103_max_balanced_0_1_1", "congress": "103", "chamber": "House", "style": "max_balanced_0_1_1", "split": "train", "n": 28186, "TP": 12295, "FP": 2428, "TN": 11665, "FN": 1798, "precision": 0.8350879576173335, "recall": 0.8724189313843752, "accuracy": 0.8500674093521606, "f1": 0.8533453636868406, "negative_accuracy": 0.827715887319946, "balanced_accuracy": 0.8500674093521606, "AUC": 0.9310859576723132, "CI_95.0": [0.9283027028367798, 0.9338692125078465]}