{"model": "cnn3_a10-4_avg_drop_128_7_l64_s1_d4_10_e300_glove840_trainable", "dataset": "h112_max_balanced_0_1_1", "congress": "112", "chamber": "House", "style": "max_balanced_0_1_1", "split": "train", "n": 26090, "TP": 11235, "FP": 1699, "TN": 11346, "FN": 1810, "precision": 0.8686407917117674, "recall": 0.8612495208892296, "accuracy": 0.8655040245304715, "f1": 0.8649293660264059, "negative_accuracy": 0.8697585281717133, "balanced_accuracy": 0.8655040245304715, "AUC": 0.9483118773488182, "CI_95.0": [0.945940973355385, 0.9506827813422514]}