{"model": "cnn3_a10-4_avg_drop_128_7_l64_s1_d4_10_e300_glove840_trainable", "dataset": "h109_max_balanced_0_1_1", "congress": "109", "chamber": "House", "style": "max_balanced_0_1_1", "split": "train", "n": 25802, "TP": 11299, "FP": 1346, "TN": 11555, "FN": 1602, "precision": 0.893554764729142, "recall": 0.8758235795674754, "accuracy": 0.8857452910627083, "f1": 0.8846003288186017, "negative_accuracy": 0.8956670025579413, "balanced_accuracy": 0.8857452910627084, "AUC": 0.9574255210872569, "CI_95.0": [0.9552728985074853, 0.9595781436670284]}