{"model": "cnn3_a10-4_avg_drop_128_7_l64_s1_d4_10_e300_glove840_trainable", "dataset": "h106_max_balanced_0_1_1", "congress": "106", "chamber": "House", "style": "max_balanced_0_1_1", "split": "train", "n": 27700, "TP": 11685, "FP": 1806, "TN": 12044, "FN": 2165, "precision": 0.8661329775405826, "recall": 0.8436823104693141, "accuracy": 0.8566425992779784, "f1": 0.8547602501737318, "negative_accuracy": 0.8696028880866425, "balanced_accuracy": 0.8566425992779783, "AUC": 0.9377747917997106, "CI_95.0": [0.9351561430973632, 0.940393440502058]}