{"model": "cnn3_a10-4_avg_drop_128_7_l64_s1_d4_10_e300_glove840_trainable", "dataset": "h114_max_balanced_0_1_1", "congress": "114", "chamber": "House", "style": "max_balanced_0_1_1", "split": "train", "n": 18990, "TP": 8587, "FP": 609, "TN": 8886, "FN": 908, "precision": 0.9337755545889517, "recall": 0.9043707214323328, "accuracy": 0.920115850447604, "f1": 0.9188379433952167, "negative_accuracy": 0.9358609794628752, "balanced_accuracy": 0.9201158504476039, "AUC": 0.9804168819208914, "CI_95.0": [0.978980714349679, 0.9818530494921037]}