{"model": "cnn3_a10-4_avg_drop_128_7_l64_s1_d4_10_e300_glove840_trainable", "dataset": "h100_max_balanced_0_1_1", "congress": "100", "chamber": "House", "style": "max_balanced_0_1_1", "split": "train", "n": 26218, "TP": 11059, "FP": 1621, "TN": 11488, "FN": 2050, "precision": 0.8721608832807571, "recall": 0.8436188877870165, "accuracy": 0.8599816919673506, "f1": 0.8576524874946684, "negative_accuracy": 0.8763444961476848, "balanced_accuracy": 0.8599816919673506, "AUC": 0.938668332120221, "CI_95.0": [0.9359763056634768, 0.9413603585769653]}