{"model": "cnn", "dataset": "h100_bayram_1_1", "congress": "100", "chamber": "House", "bayram_1_1": "style", "split": "train", "n": 4000, "TP": 1724, "FP": 870, "TN": 1130, "FN": 276, "precision": 0.6646106399383191, "recall": 0.862, "accuracy": 0.7135, "f1": 0.7505441880713974, "negative_accuracy": 0.565, "balanced_accuracy": 0.7135, "AUC": 0.8101410000000001, "CI_95.0": [0.797013013133798, 0.8232689868662022]}