{"model": "cnn", "dataset": "h112_bayram_1_1", "congress": "112", "chamber": "House", "bayram_1_1": "style", "split": "train", "n": 4000, "TP": 1904, "FP": 288, "TN": 1712, "FN": 96, "precision": 0.8686131386861314, "recall": 0.952, "accuracy": 0.904, "f1": 0.9083969465648856, "negative_accuracy": 0.856, "balanced_accuracy": 0.9039999999999999, "AUC": 0.9689182499999999, "CI_95.0": [0.9642501070679201, 0.9735863929320796]}