{"model": "cnn", "dataset": "h106_bayram", "congress": "106", "chamber": "House", "bayram": "style", "split": "train", "n": 4000, "TP": 2, "FP": 2, "TN": 1998, "FN": 1998, "precision": 0.5, "recall": 0.001, "accuracy": 0.5, "f1": 0.001996007984031936, "negative_accuracy": 0.999, "balanced_accuracy": 0.5, "AUC": 0.5821576250000001, "CI_95.0": [0.5645852467554359, 0.5997300032445644]}