{"model": "cnn", "dataset": "h097_bayram_1_1", "congress": "097", "chamber": "House", "bayram_1_1": "style", "split": "train", "n": 4000, "TP": 763, "FP": 353, "TN": 1647, "FN": 1237, "precision": 0.6836917562724014, "recall": 0.3815, "accuracy": 0.6025, "f1": 0.4897304236200257, "negative_accuracy": 0.8235, "balanced_accuracy": 0.6025, "AUC": 0.6857403750000001, "CI_95.0": [0.6692855081603806, 0.7021952418396196]}