{"model": "cnn", "dataset": "h106_bayram_1_1", "congress": "106", "chamber": "House", "bayram_1_1": "style", "split": "train", "n": 4000, "TP": 1404, "FP": 780, "TN": 1220, "FN": 596, "precision": 0.6428571428571429, "recall": 0.702, "accuracy": 0.656, "f1": 0.6711281070745698, "negative_accuracy": 0.61, "balanced_accuracy": 0.6559999999999999, "AUC": 0.7092366250000001, "CI_95.0": [0.6932942691481822, 0.725178980851818]}