{"model": "cnn", "dataset": "h114_bayram", "congress": "114", "chamber": "House", "bayram": "style", "split": "train", "n": 4000, "TP": 1718, "FP": 1491, "TN": 509, "FN": 282, "precision": 0.5353692739171081, "recall": 0.859, "accuracy": 0.55675, "f1": 0.659627567671338, "negative_accuracy": 0.2545, "balanced_accuracy": 0.55675, "AUC": 0.590992625, "CI_95.0": [0.5734797456250088, 0.6085055043749913]}