{"model": "cnn", "dataset": "h103_bayram_1_1", "congress": "103", "chamber": "House", "bayram_1_1": "style", "split": "train", "n": 4000, "TP": 1470, "FP": 585, "TN": 1415, "FN": 530, "precision": 0.7153284671532847, "recall": 0.735, "accuracy": 0.72125, "f1": 0.7250308261405671, "negative_accuracy": 0.7075, "balanced_accuracy": 0.72125, "AUC": 0.7918846249999999, "CI_95.0": [0.7780921864423653, 0.8056770635576345]}