{"model": "cnn", "dataset": "h112_bayram", "congress": "112", "chamber": "House", "bayram": "style", "split": "train", "n": 4000, "TP": 1301, "FP": 821, "TN": 1179, "FN": 699, "precision": 0.6131008482563619, "recall": 0.6505, "accuracy": 0.62, "f1": 0.6312469674915089, "negative_accuracy": 0.5895, "balanced_accuracy": 0.62, "AUC": 0.665857875, "CI_95.0": [0.649222195050896, 0.6824935549491041]}