{"model": "cnn", "dataset": "h109_bayram_1_1", "congress": "109", "chamber": "House", "bayram_1_1": "style", "split": "train", "n": 4000, "TP": 1441, "FP": 261, "TN": 1739, "FN": 559, "precision": 0.8466509988249119, "recall": 0.7205, "accuracy": 0.795, "f1": 0.7784981091301999, "negative_accuracy": 0.8695, "balanced_accuracy": 0.795, "AUC": 0.8758750000000001, "CI_95.0": [0.8651802523809877, 0.8865697476190124]}