{"model": "cnn", "dataset": "h109_bayram", "congress": "109", "chamber": "House", "bayram": "style", "split": "train", "n": 4000, "TP": 727, "FP": 370, "TN": 1630, "FN": 1273, "precision": 0.6627164995442115, "recall": 0.3635, "accuracy": 0.58925, "f1": 0.46948659993542136, "negative_accuracy": 0.815, "balanced_accuracy": 0.5892499999999999, "AUC": 0.6453115000000001, "CI_95.0": [0.6284120642338547, 0.6622109357661456]}