{"model": "cnn3_a10-4_avg_drop_128_7_l128_s1_d4_5_e300_glove840_trainable", "dataset": "h100_max_balanced_0_1_1", "congress": "100", "chamber": "House", "style": "max_balanced_0_1_1", "split": "train", "n": 26218, "TP": 11659, "FP": 1497, "TN": 11612, "FN": 1450, "precision": 0.8862116144724841, "recall": 0.8893889694103287, "accuracy": 0.8875963078800824, "f1": 0.887797449076718, "negative_accuracy": 0.885803646349836, "balanced_accuracy": 0.8875963078800824, "AUC": 0.9600955986835668, "CI_95.0": [0.9580559680631761, 0.9621352293039575]}