{"model": "cnn3_a10-4_avg_drop_128_7_l128_s1_d4_5_e300_glove840_trainable", "dataset": "h106_max_balanced_0_1_1", "congress": "106", "chamber": "House", "style": "max_balanced_0_1_1", "split": "train", "n": 27700, "TP": 12344, "FP": 814, "TN": 13036, "FN": 1506, "precision": 0.9381364949080407, "recall": 0.8912635379061372, "accuracy": 0.916245487364621, "f1": 0.9140995260663507, "negative_accuracy": 0.9412274368231047, "balanced_accuracy": 0.916245487364621, "AUC": 0.9787128986432769, "CI_95.0": [0.9774073903389326, 0.9800184069476212]}