{"model": "cnn3_a10-4_avg_drop_128_7_l128_s1_d4_5_e300_glove840_trainable", "dataset": "h103_max_balanced_0_1_1", "congress": "103", "chamber": "House", "style": "max_balanced_0_1_1", "split": "train", "n": 28186, "TP": 11181, "FP": 2040, "TN": 12053, "FN": 2912, "precision": 0.8457000226911732, "recall": 0.7933725963244164, "accuracy": 0.8243099411055134, "f1": 0.8187010324375779, "negative_accuracy": 0.8552472858866104, "balanced_accuracy": 0.8243099411055134, "AUC": 0.9106780958346719, "CI_95.0": [0.9074203789228148, 0.9139358127465289]}