{"model": "cnn3_a10-4_avg_drop_128_7_l128_s1_d4_5_e300_glove840_trainable", "dataset": "h097_max_balanced_0_1_1", "congress": "097", "chamber": "House", "style": "max_balanced_0_1_1", "split": "train", "n": 23038, "TP": 10152, "FP": 1335, "TN": 10184, "FN": 1367, "precision": 0.883781666231392, "recall": 0.8813265040368088, "accuracy": 0.8827155134994357, "f1": 0.8825523776406154, "negative_accuracy": 0.8841045229620627, "balanced_accuracy": 0.8827155134994358, "AUC": 0.9573328012756239, "CI_95.0": [0.9550843743257607, 0.9595812282254872]}