{"model": "cnn3_a10-4_avg_drop_128_7_l128_s1_d4_5_e300_glove840_trainable", "dataset": "h114_max_balanced_0_1_1", "congress": "114", "chamber": "House", "style": "max_balanced_0_1_1", "split": "train", "n": 18990, "TP": 8491, "FP": 521, "TN": 8974, "FN": 1004, "precision": 0.9421881935197515, "recall": 0.8942601369141654, "accuracy": 0.9196945760926803, "f1": 0.9175987464202734, "negative_accuracy": 0.9451290152711954, "balanced_accuracy": 0.9196945760926805, "AUC": 0.9821944533873737, "CI_95.0": [0.9808481429177216, 0.9835407638570257]}