{"model": "cnn3_a10-4_avg_drop_128_7_l128_s1_d4_5_e300_glove840_trainable", "dataset": "h112_max_balanced_0_1_1", "congress": "112", "chamber": "House", "style": "max_balanced_0_1_1", "split": "train", "n": 26090, "TP": 11911, "FP": 833, "TN": 12212, "FN": 1134, "precision": 0.9346359070935342, "recall": 0.913070141816788, "accuracy": 0.9246071291682637, "f1": 0.92372717049905, "negative_accuracy": 0.9361441165197394, "balanced_accuracy": 0.9246071291682637, "AUC": 0.9822503875122834, "CI_95.0": [0.9810986264171435, 0.9834021486074234]}