{"model": "cnn3_a10-4_avg_drop_128_7_l128_s1_d4_5_e300_glove840_trainable", "dataset": "h109_max_balanced_0_1_1", "congress": "109", "chamber": "House", "style": "max_balanced_0_1_1", "split": "train", "n": 25802, "TP": 10985, "FP": 1326, "TN": 11575, "FN": 1916, "precision": 0.8922914466737064, "recall": 0.8514843810557321, "accuracy": 0.8743508255174017, "f1": 0.8714104394732666, "negative_accuracy": 0.8972172699790714, "balanced_accuracy": 0.8743508255174017, "AUC": 0.9501409885965582, "CI_95.0": [0.9477698895738806, 0.9525120876192357]}