{"<100": "N/A", "<200": 0.9641025641025641, "<500": 0.9865509761388286, "<1000": 0.9959100204498977, "<2000": 1.0, "2k+": 1.0}