{"model": "nn20d_reg", "dataset": "h103_bayram_1_1", "congress": "103", "chamber": "House", "bayram_1_1": "style", "split": "train", "n": 4000, "TP": 1465, "FP": 795, "TN": 1205, "FN": 535, "precision": 0.6482300884955752, "recall": 0.7325, "accuracy": 0.6675, "f1": 0.687793427230047, "negative_accuracy": 0.6025, "balanced_accuracy": 0.6675, "AUC": 0.7266328750000001, "CI_95.0": [0.7111152256553801, 0.74215052434462]}