{"model": "nn20d_reg", "dataset": "h100_bayram_1_1", "congress": "100", "chamber": "House", "bayram_1_1": "style", "split": "train", "n": 4000, "TP": 1115, "FP": 677, "TN": 1323, "FN": 885, "precision": 0.6222098214285714, "recall": 0.5575, "accuracy": 0.6095, "f1": 0.5880801687763714, "negative_accuracy": 0.6615, "balanced_accuracy": 0.6094999999999999, "AUC": 0.6431052500000002, "CI_95.0": [0.6261364197462368, 0.6600740802537636]}