{"model": "nn20d_reg", "dataset": "h109_bayram_1_1", "congress": "109", "chamber": "House", "bayram_1_1": "style", "split": "train", "n": 4000, "TP": 1473, "FP": 600, "TN": 1400, "FN": 527, "precision": 0.7105643994211288, "recall": 0.7365, "accuracy": 0.71825, "f1": 0.7232997790326541, "negative_accuracy": 0.7, "balanced_accuracy": 0.71825, "AUC": 0.7916745000000002, "CI_95.0": [0.7778148222311025, 0.8055341777688978]}