{"model": "nn20d_reg", "dataset": "h114_bayram_1_1", "congress": "114", "chamber": "House", "bayram_1_1": "style", "split": "train", "n": 4000, "TP": 1595, "FP": 725, "TN": 1275, "FN": 405, "precision": 0.6875, "recall": 0.7975, "accuracy": 0.7175, "f1": 0.7384259259259259, "negative_accuracy": 0.6375, "balanced_accuracy": 0.7175, "AUC": 0.8107883750000001, "CI_95.0": [0.7977427214198299, 0.8238340285801703]}