{"model": "xg_boost_fullgird", "dataset": "h106_bayram", "congress": "106", "chamber": "House", "style": "bayram", "split": "train", "n": 4000, "TP": 1999, "FP": 0, "TN": 2000, "FN": 1, "precision": 1.0, "recall": 0.9995, "accuracy": 0.99975, "f1": 0.9997499374843711, "negative_accuracy": 1.0, "balanced_accuracy": 0.99975, "AUC": 0.99975, "CI_95.0": [0.999260009003865, 1.0]}