{"model": "xg_boost_fullgird", "dataset": "h100_bayram", "congress": "100", "chamber": "House", "style": "bayram", "split": "train", "n": 4000, "TP": 2000, "FP": 2, "TN": 1998, "FN": 0, "precision": 0.999000999000999, "recall": 1.0, "accuracy": 0.9995, "f1": 0.9995002498750626, "negative_accuracy": 0.999, "balanced_accuracy": 0.9995, "AUC": 0.9994999999999999, "CI_95.0": [0.9988072214341474, 1.0]}