{"model": "xg_boost_fullgird", "dataset": "h114_bayram", "congress": "114", "chamber": "House", "style": "bayram", "split": "train", "n": 4000, "TP": 1850, "FP": 73, "TN": 1927, "FN": 150, "precision": 0.9620384815392615, "recall": 0.925, "accuracy": 0.94425, "f1": 0.9431557481519246, "negative_accuracy": 0.9635, "balanced_accuracy": 0.94425, "AUC": 0.9442499999999999, "CI_95.0": [0.9371630615926985, 0.9513369384073014]}