{"model": "lstm_glove_300", "dataset": "h114_bayram_1_1", "congress": "114", "chamber": "House", "bayram_1_1": "style", "split": "train", "n": 4000, "TP": 2000, "FP": 1, "TN": 1999, "FN": 0, "precision": 0.9995002498750625, "recall": 1.0, "accuracy": 0.99975, "f1": 0.9997500624843789, "negative_accuracy": 0.9995, "balanced_accuracy": 0.99975, "AUC": 1.0, "CI_95.0": [NaN, NaN]}