{"model": "lstm_glove_300", "dataset": "h097_bayram_1_1", "congress": "097", "chamber": "House", "bayram_1_1": "style", "split": "train", "n": 4000, "TP": 1625, "FP": 626, "TN": 1374, "FN": 375, "precision": 0.7219013771657041, "recall": 0.8125, "accuracy": 0.74975, "f1": 0.764525993883792, "negative_accuracy": 0.687, "balanced_accuracy": 0.74975, "AUC": 0.8350750000000001, "CI_95.0": [0.8227738947155511, 0.8473761052844492]}