{"model": "lstm_glove_300", "dataset": "h103_bayram_1_1", "congress": "103", "chamber": "House", "bayram_1_1": "style", "split": "train", "n": 4000, "TP": 1294, "FP": 361, "TN": 1639, "FN": 706, "precision": 0.7818731117824773, "recall": 0.647, "accuracy": 0.73325, "f1": 0.7080711354309165, "negative_accuracy": 0.8195, "balanced_accuracy": 0.73325, "AUC": 0.824314375, "CI_95.0": [0.8116362933784051, 0.8369924566215949]}