{"model": "lstm_glove_300", "dataset": "h100_bayram_1_1", "congress": "100", "chamber": "House", "bayram_1_1": "style", "split": "train", "n": 4000, "TP": 1910, "FP": 1602, "TN": 398, "FN": 90, "precision": 0.5438496583143508, "recall": 0.955, "accuracy": 0.577, "f1": 0.6930333817126269, "negative_accuracy": 0.199, "balanced_accuracy": 0.577, "AUC": 0.7417507499999999, "CI_95.0": [0.7266260520700529, 0.7568754479299469]}