{"model": "cnn3_a10-4_avg_drop_128_7_l64_s1_d4_30_e300_glove840_trainable", "dataset": "h114_max_balanced_0_1_1", "congress": "114", "chamber": "House", "style": "max_balanced_0_1_1", "split": "train", "n": 18990, "TP": 8111, "FP": 686, "TN": 8809, "FN": 1384, "precision": 0.9220188700693418, "recall": 0.8542390731964191, "accuracy": 0.8909952606635071, "f1": 0.8868357752022742, "negative_accuracy": 0.9277514481305951, "balanced_accuracy": 0.8909952606635071, "AUC": 0.965451770436534, "CI_95.0": [0.9633233835778705, 0.9675801572951974]}