{"model": "cnn3_a10-4_avg_drop_128_7_l64_s1_d4_30_e300_glove840_trainable", "dataset": "h112_max_balanced_0_1_1", "congress": "112", "chamber": "House", "style": "max_balanced_0_1_1", "split": "train", "n": 26090, "TP": 11648, "FP": 1168, "TN": 11877, "FN": 1397, "precision": 0.9088639200998752, "recall": 0.8929091605979302, "accuracy": 0.9016864699118436, "f1": 0.9008159003905495, "negative_accuracy": 0.9104637792257569, "balanced_accuracy": 0.9016864699118436, "AUC": 0.9703573486887753, "CI_95.0": [0.9687246071342875, 0.9719900902432631]}