{"model": "cnn3_a10-4_avg_drop_128_7_l64_s1_d4_30_e300_glove840_trainable", "dataset": "h100_max_balanced_0_1_1", "congress": "100", "chamber": "House", "style": "max_balanced_0_1_1", "split": "train", "n": 26218, "TP": 10454, "FP": 2369, "TN": 10740, "FN": 2655, "precision": 0.8152538407548936, "recall": 0.7974673888168434, "accuracy": 0.8083759249370661, "f1": 0.8062625327780348, "negative_accuracy": 0.8192844610572889, "balanced_accuracy": 0.8083759249370661, "AUC": 0.8949869359976105, "CI_95.0": [0.8912847550748574, 0.8986891169203636]}