{"model": "cnn3_a10-4_avg_drop_128_7_l64_s1_d4_30_e300_glove840_trainable", "dataset": "h097_max_balanced_0_1_1", "congress": "097", "chamber": "House", "style": "max_balanced_0_1_1", "split": "train", "n": 23038, "TP": 9978, "FP": 1835, "TN": 9684, "FN": 1541, "precision": 0.8446626597815965, "recall": 0.8662210261307405, "accuracy": 0.8534595016928553, "f1": 0.8553060174867134, "negative_accuracy": 0.8406979772549701, "balanced_accuracy": 0.8534595016928552, "AUC": 0.9362046020344017, "CI_95.0": [0.9333055828417554, 0.939103621227048]}