{"model": "cnn3_a10-4_avg_drop_128_7_l64_s1_d4_30_e300_glove840_trainable", "dataset": "h103_max_balanced_0_1_1", "congress": "103", "chamber": "House", "style": "max_balanced_0_1_1", "split": "train", "n": 28186, "TP": 12395, "FP": 2569, "TN": 11524, "FN": 1698, "precision": 0.8283213044640471, "recall": 0.8795146526644433, "accuracy": 0.8486127864897467, "f1": 0.8531507037891042, "negative_accuracy": 0.81771092031505, "balanced_accuracy": 0.8486127864897466, "AUC": 0.9319891931958473, "CI_95.0": [0.9292405947320499, 0.9347377916596447]}