{"model": "cnn3_a10-4_avg_drop_128_7_l64_s1_d4_30_e300_glove840_trainable", "dataset": "h109_max_balanced_0_1_1", "congress": "109", "chamber": "House", "style": "max_balanced_0_1_1", "split": "train", "n": 25802, "TP": 11064, "FP": 876, "TN": 12025, "FN": 1837, "precision": 0.9266331658291457, "recall": 0.8576079373691962, "accuracy": 0.8948531121618479, "f1": 0.8907853951129181, "negative_accuracy": 0.9320982869544997, "balanced_accuracy": 0.8948531121618479, "AUC": 0.965076032529804, "CI_95.0": [0.9631936688596052, 0.9669583962000028]}