{"model": "cnn3_a10-4_avg_drop_128_7_l64_s1_d4_30_e300_glove840_trainable", "dataset": "h106_max_balanced_0_1_1", "congress": "106", "chamber": "House", "style": "max_balanced_0_1_1", "split": "train", "n": 27700, "TP": 12721, "FP": 1353, "TN": 12497, "FN": 1129, "precision": 0.9038652835014921, "recall": 0.9184837545126354, "accuracy": 0.9103971119133574, "f1": 0.9111158859762213, "negative_accuracy": 0.9023104693140794, "balanced_accuracy": 0.9103971119133574, "AUC": 0.9745455043073674, "CI_95.0": [0.9730926210477236, 0.9759983875670112]}