{"model": "cnn2_avg_128_7_l128_s1_e300_glove_trainable", "dataset": "h106_max_balanced_0_1_1", "congress": "106", "chamber": "House", "style": "max_balanced_0_1_1", "split": "train", "n": 27700, "TP": 11841, "FP": 953, "TN": 12897, "FN": 2009, "precision": 0.925511958730655, "recall": 0.8549458483754513, "accuracy": 0.8930685920577617, "f1": 0.8888305059300406, "negative_accuracy": 0.9311913357400722, "balanced_accuracy": 0.8930685920577617, "AUC": 0.9670354989638859, "CI_95.0": [0.9653026161986571, 0.9687683817291146]}