{"model": "cnn2_avg_128_7_l128_s1_e300_glove_trainable", "dataset": "h097_max_balanced_0_1_1", "congress": "097", "chamber": "House", "style": "max_balanced_0_1_1", "split": "train", "n": 23038, "TP": 9220, "FP": 1466, "TN": 10053, "FN": 2299, "precision": 0.8628111547819577, "recall": 0.8004167028387881, "accuracy": 0.8365743554127962, "f1": 0.8304435937851835, "negative_accuracy": 0.8727320079868044, "balanced_accuracy": 0.8365743554127962, "AUC": 0.9223080373118582, "CI_95.0": [0.9190171337711487, 0.9255989408525677]}