{"model": "cnn2_avg_128_7_l128_s1_e300_glove_trainable", "dataset": "h100_max_balanced_0_1_1", "congress": "100", "chamber": "House", "style": "max_balanced_0_1_1", "split": "train", "n": 26218, "TP": 10253, "FP": 1721, "TN": 11388, "FN": 2856, "precision": 0.8562719224987473, "recall": 0.7821344114730338, "accuracy": 0.8254252803417499, "f1": 0.8175258142965355, "negative_accuracy": 0.8687161492104661, "balanced_accuracy": 0.8254252803417499, "AUC": 0.9138595879408945, "CI_95.0": [0.9105827483919584, 0.9171364274898306]}