{"model": "cnn2_avg_128_7_l128_s1_e300_glove_trainable", "dataset": "h112_max_balanced_0_1_1", "congress": "112", "chamber": "House", "style": "max_balanced_0_1_1", "split": "train", "n": 26090, "TP": 11966, "FP": 1041, "TN": 12004, "FN": 1079, "precision": 0.9199661720611978, "recall": 0.917286316596397, "accuracy": 0.9187428133384439, "f1": 0.9186242898817749, "negative_accuracy": 0.9201993100804906, "balanced_accuracy": 0.9187428133384439, "AUC": 0.9777196016795358, "CI_95.0": [0.9763374087945923, 0.9791017945644792]}