{"model": "cnn2_avg_128_7_l128_s1_e300_glove_trainable", "dataset": "h103_max_balanced_0_1_1", "congress": "103", "chamber": "House", "style": "max_balanced_0_1_1", "split": "train", "n": 28186, "TP": 13241, "FP": 1668, "TN": 12425, "FN": 852, "precision": 0.8881212690321283, "recall": 0.9395444546938196, "accuracy": 0.9105939118711417, "f1": 0.9131094407282256, "negative_accuracy": 0.8816433690484637, "balanced_accuracy": 0.9105939118711417, "AUC": 0.9761298888873893, "CI_95.0": [0.974738895053528, 0.9775208827212506]}