{"model": "cnn2_avg_128_7_l128_s1_e300_glove_trainable", "dataset": "h114_max_balanced_0_1_1", "congress": "114", "chamber": "House", "style": "max_balanced_0_1_1", "split": "train", "n": 18990, "TP": 8261, "FP": 592, "TN": 8903, "FN": 1234, "precision": 0.9331300124251666, "recall": 0.8700368615060559, "accuracy": 0.9038441284886782, "f1": 0.9004796163069544, "negative_accuracy": 0.9376513954713007, "balanced_accuracy": 0.9038441284886782, "AUC": 0.9722888491240504, "CI_95.0": [0.9704473746595033, 0.9741303235885976]}