{"model": "cnn2_avg_128_7_l128_s1_e300_glove_trainable", "dataset": "h109_max_balanced_0_1_1", "congress": "109", "chamber": "House", "style": "max_balanced_0_1_1", "split": "train", "n": 25802, "TP": 11587, "FP": 1635, "TN": 11266, "FN": 1314, "precision": 0.8763424595371351, "recall": 0.8981474304317495, "accuracy": 0.88570653437718, "f1": 0.8871109750028711, "negative_accuracy": 0.8732656383226106, "balanced_accuracy": 0.88570653437718, "AUC": 0.959429537038128, "CI_95.0": [0.9573515715008614, 0.9615075025753947]}