{"model": "cnn3_avg_drop_128_7_l256_s1_d4_10_e300_glove840_trainable", "dataset": "h100_max_balanced_0_1_1", "congress": "100", "chamber": "House", "style": "max_balanced_0_1_1", "split": "train", "n": 26218, "TP": 11311, "FP": 1279, "TN": 11830, "FN": 1798, "precision": 0.8984114376489277, "recall": 0.8628423220688077, "accuracy": 0.8826378823708902, "f1": 0.88026771469707, "negative_accuracy": 0.9024334426729728, "balanced_accuracy": 0.8826378823708902, "AUC": 0.9592953612894569, "CI_95.0": [0.9572335040747177, 0.9613572185041961]}