{"model": "cnn3_avg_drop_128_7_l256_s1_d4_10_e300_glove840_trainable", "dataset": "h103_max_balanced_0_1_1", "congress": "103", "chamber": "House", "style": "max_balanced_0_1_1", "split": "train", "n": 28186, "TP": 12396, "FP": 3428, "TN": 10665, "FN": 1697, "precision": 0.7833670374115268, "recall": 0.879585609877244, "accuracy": 0.8181721421982544, "f1": 0.8286927165156934, "negative_accuracy": 0.7567586745192649, "balanced_accuracy": 0.8181721421982544, "AUC": 0.9084997527020549, "CI_95.0": [0.9052143575977523, 0.9117851478063574]}