{"model": "cnn3_avg_drop_128_7_l256_s1_d4_10_e300_glove840_trainable", "dataset": "h106_max_balanced_0_1_1", "congress": "106", "chamber": "House", "style": "max_balanced_0_1_1", "split": "train", "n": 27700, "TP": 12575, "FP": 1275, "TN": 12575, "FN": 1275, "precision": 0.907942238267148, "recall": 0.907942238267148, "accuracy": 0.907942238267148, "f1": 0.907942238267148, "negative_accuracy": 0.907942238267148, "balanced_accuracy": 0.907942238267148, "AUC": 0.9740726974155796, "CI_95.0": [0.9726060816288679, 0.9755393132022913]}