{"model": "cnn3_avg_drop_128_7_l256_s1_d4_10_e300_glove840_trainable", "dataset": "h112_max_balanced_0_1_1", "congress": "112", "chamber": "House", "style": "max_balanced_0_1_1", "split": "train", "n": 26090, "TP": 12061, "FP": 1449, "TN": 11596, "FN": 984, "precision": 0.8927461139896373, "recall": 0.9245688003066309, "accuracy": 0.9067458796473745, "f1": 0.9083788363773301, "negative_accuracy": 0.888922958988118, "balanced_accuracy": 0.9067458796473744, "AUC": 0.974253588390924, "CI_95.0": [0.9727358895894657, 0.9757712871923824]}