{"model": "cnn3_avg_drop_128_7_l256_s1_d4_10_e300_glove840_trainable", "dataset": "h114_max_balanced_0_1_1", "congress": "114", "chamber": "House", "style": "max_balanced_0_1_1", "split": "train", "n": 18990, "TP": 9142, "FP": 167, "TN": 9328, "FN": 353, "precision": 0.9820603716833172, "recall": 0.9628225381779885, "accuracy": 0.9726171669299631, "f1": 0.9723463092958945, "negative_accuracy": 0.9824117956819378, "balanced_accuracy": 0.9726171669299631, "AUC": 0.9980047091107789, "CI_95.0": [0.9977324375271923, 0.9982769806943654]}