{"model": "cnn3_avg_drop_128_7_l256_s1_d4_10_e300_glove840_trainable", "dataset": "h097_max_balanced_0_1_1", "congress": "097", "chamber": "House", "style": "max_balanced_0_1_1", "split": "train", "n": 23038, "TP": 9192, "FP": 1848, "TN": 9671, "FN": 2327, "precision": 0.8326086956521739, "recall": 0.7979859362791909, "accuracy": 0.8187776716728883, "f1": 0.8149297397934305, "negative_accuracy": 0.8395694070665857, "balanced_accuracy": 0.8187776716728883, "AUC": 0.90678531544538, "CI_95.0": [0.9031080506810338, 0.9104625802097261]}