{"model": "cnn3_avg_drop_128_7_l256_s1_d4_10_e300_glove840_trainable", "dataset": "h109_max_balanced_0_1_1", "congress": "109", "chamber": "House", "style": "max_balanced_0_1_1", "split": "train", "n": 25802, "TP": 11907, "FP": 758, "TN": 12143, "FN": 994, "precision": 0.9401500197394393, "recall": 0.9229517091698318, "accuracy": 0.9320982869544997, "f1": 0.9314714855667684, "negative_accuracy": 0.9412448647391675, "balanced_accuracy": 0.9320982869544996, "AUC": 0.9840032884511429, "CI_95.0": [0.9828638574787399, 0.9851427194235459]}