{"model": "lstm_glove_50", "dataset": "h106_bayram_1_1", "congress": "106", "chamber": "House", "bayram_1_1": "style", "split": "train", "n": 4000, "TP": 1489, "FP": 496, "TN": 1504, "FN": 511, "precision": 0.7501259445843829, "recall": 0.7445, "accuracy": 0.74825, "f1": 0.7473023839397741, "negative_accuracy": 0.752, "balanced_accuracy": 0.7482500000000001, "AUC": 0.83033575, "CI_95.0": [0.8179436164218139, 0.8427278835781862]}