{"model": "cnn2_256_7_nd_e64_s1", "dataset": "h097_bayram_1_1", "congress": "097", "chamber": "House", "style": "bayram_1_1", "split": "train", "n": 4000, "TP": 1965, "FP": 7, "TN": 1993, "FN": 35, "precision": 0.9964503042596349, "recall": 0.9825, "accuracy": 0.9895, "f1": 0.9894259818731118, "negative_accuracy": 0.9965, "balanced_accuracy": 0.9895, "AUC": 0.99951625, "CI_95.0": [0.9990679094741742, 0.9999645905258258]}