{"model": "cnn2_128_7_e128_s1", "dataset": "h112_max_balanced_0_1_1", "congress": "112", "chamber": "House", "style": "max_balanced_0_1_1", "split": "train", "n": 26090, "TP": 11973, "FP": 839, "TN": 12206, "FN": 1072, "precision": 0.9345145176397127, "recall": 0.9178229206592564, "accuracy": 0.926753545419701, "f1": 0.9260935143288085, "negative_accuracy": 0.9356841701801456, "balanced_accuracy": 0.926753545419701, "AUC": 0.9807414409036972, "CI_95.0": [0.9794446630942121, 0.9820382187131823]}