{"model": "cnn2_128_7_e128_s1", "dataset": "h109_max_balanced_0_1_1", "congress": "109", "chamber": "House", "style": "max_balanced_0_1_1", "split": "train", "n": 25802, "TP": 12604, "FP": 204, "TN": 12697, "FN": 297, "precision": 0.9840724547158026, "recall": 0.9769785287962174, "accuracy": 0.9805829005503449, "f1": 0.980512660935859, "negative_accuracy": 0.9841872723044726, "balanced_accuracy": 0.980582900550345, "AUC": 0.997643220403043, "CI_95.0": [0.9972077277691421, 0.9980787130369438]}