{"model": "cnn2_128_7_e128_s1", "dataset": "h100_max_balanced_0_1_1", "congress": "100", "chamber": "House", "style": "max_balanced_0_1_1", "split": "train", "n": 26218, "TP": 12471, "FP": 174, "TN": 12935, "FN": 638, "precision": 0.9862396204033215, "recall": 0.9513311465405446, "accuracy": 0.969028911434892, "f1": 0.9684709171390851, "negative_accuracy": 0.9867266763292395, "balanced_accuracy": 0.969028911434892, "AUC": 0.9962715050470136, "CI_95.0": [0.9957947736834993, 0.9967482364105278]}