{"model": "cnn2_128_7_e128_s1", "dataset": "h106_max_balanced_0_1_1", "congress": "106", "chamber": "House", "style": "max_balanced_0_1_1", "split": "train", "n": 27700, "TP": 13824, "FP": 194, "TN": 13656, "FN": 26, "precision": 0.9861606505920959, "recall": 0.9981227436823105, "accuracy": 0.992057761732852, "f1": 0.9921056408784268, "negative_accuracy": 0.9859927797833935, "balanced_accuracy": 0.992057761732852, "AUC": 0.9996777593869333, "CI_95.0": [0.9995313247518091, 0.9998241940220575]}