{"model": "cnn2_128_7_e128_s1", "dataset": "h114_max_balanced_0_1_1", "congress": "114", "chamber": "House", "style": "max_balanced_0_1_1", "split": "train", "n": 18990, "TP": 9367, "FP": 256, "TN": 9239, "FN": 128, "precision": 0.9733970695209394, "recall": 0.9865192206424434, "accuracy": 0.9797788309636651, "f1": 0.979914216968302, "negative_accuracy": 0.9730384412848868, "balanced_accuracy": 0.979778830963665, "AUC": 0.9989269538775016, "CI_95.0": [0.9987198215400409, 0.9991340862149624]}