{"model": "cnn2_128_7_e128_s1", "dataset": "h109_bayram_1_1", "congress": "109", "chamber": "House", "style": "bayram_1_1", "split": "train", "n": 4000, "TP": 1909, "FP": 19, "TN": 1981, "FN": 91, "precision": 0.9901452282157677, "recall": 0.9545, "accuracy": 0.9725, "f1": 0.9719959266802445, "negative_accuracy": 0.9905, "balanced_accuracy": 0.9725, "AUC": 0.9970815000000001, "CI_95.0": [0.9956750056642516, 0.9984879943357485]}