{"model": "cnn2_128_7_e128_s1", "dataset": "h097_max_balanced_0_1_1", "congress": "097", "chamber": "House", "style": "max_balanced_0_1_1", "split": "train", "n": 23038, "TP": 9596, "FP": 896, "TN": 10623, "FN": 1923, "precision": 0.9146016012199771, "recall": 0.8330584252105218, "accuracy": 0.8776369476517059, "f1": 0.8719276725273727, "negative_accuracy": 0.92221547009289, "balanced_accuracy": 0.8776369476517059, "AUC": 0.946528773000467, "CI_95.0": [0.9437759995381424, 0.9492815464627916]}