{"model": "cnn2_128_7_e128_s1", "dataset": "h103_max_balanced_0_1_1", "congress": "103", "chamber": "House", "style": "max_balanced_0_1_1", "split": "train", "n": 28186, "TP": 14080, "FP": 5, "TN": 14088, "FN": 13, "precision": 0.9996450124245652, "recall": 0.9990775562335912, "accuracy": 0.9993613850847939, "f1": 0.9993612037759955, "negative_accuracy": 0.9996452139359966, "balanced_accuracy": 0.9993613850847939, "AUC": 0.999998874694028, "CI_95.0": [0.9999980591484777, 0.9999996902395784]}