{"model": "transformer_e200_2_d3_10_l128_glove_not_trainable", "dataset": "h109_max_balanced_0_1_1", "congress": "109", "chamber": "House", "style": "max_balanced_0_1_1", "split": "train", "n": 25802, "TP": 9744, "FP": 2627, "TN": 10274, "FN": 3157, "precision": 0.787648532859106, "recall": 0.7552902875746066, "accuracy": 0.775831330904581, "f1": 0.7711301044634379, "negative_accuracy": 0.7963723742345554, "balanced_accuracy": 0.775831330904581, "AUC": 0.867219361055618, "CI_95.0": [0.8630022230048426, 0.8714364991063934]}