{"model": "transformer_e200_2_d3_10_l128_glove_not_trainable", "dataset": "h100_max_balanced_0_1_1", "congress": "100", "chamber": "House", "style": "max_balanced_0_1_1", "split": "train", "n": 26218, "TP": 9502, "FP": 5804, "TN": 7305, "FN": 3607, "precision": 0.6208022997517314, "recall": 0.7248455259745213, "accuracy": 0.6410481348691739, "f1": 0.6688016892486364, "negative_accuracy": 0.5572507437638263, "balanced_accuracy": 0.6410481348691739, "AUC": 0.7136163217086361, "CI_95.0": [0.7075038276488729, 0.7197288157683993]}