{"model": "transformer_e200_2_d3_10_l128_glove_not_trainable", "dataset": "h112_max_balanced_0_1_1", "congress": "112", "chamber": "House", "style": "max_balanced_0_1_1", "split": "train", "n": 26090, "TP": 8907, "FP": 1363, "TN": 11682, "FN": 4138, "precision": 0.8672833495618306, "recall": 0.6827903411268685, "accuracy": 0.7891529321579149, "f1": 0.7640574737293588, "negative_accuracy": 0.8955155231889613, "balanced_accuracy": 0.7891529321579149, "AUC": 0.8897090047556291, "CI_95.0": [0.8859806078047757, 0.8934374017064824]}