{"model": "transformer_e200_2_d3_10_l128_glove_not_trainable", "dataset": "h114_max_balanced_0_1_1", "congress": "114", "chamber": "House", "style": "max_balanced_0_1_1", "split": "train", "n": 18990, "TP": 6695, "FP": 1575, "TN": 7920, "FN": 2800, "precision": 0.8095525997581621, "recall": 0.7051079515534492, "accuracy": 0.7696155871511322, "f1": 0.7537292428933298, "negative_accuracy": 0.8341232227488151, "balanced_accuracy": 0.7696155871511321, "AUC": 0.8677665498955827, "CI_95.0": [0.8628922451680919, 0.8726408546230734]}