{"model": "transformer_e200_2_d3_10_l128_glove_not_trainable", "dataset": "h097_max_balanced_0_1_1", "congress": "097", "chamber": "House", "style": "max_balanced_0_1_1", "split": "train", "n": 23038, "TP": 6257, "FP": 2917, "TN": 8602, "FN": 5262, "precision": 0.6820361892304339, "recall": 0.5431895129785572, "accuracy": 0.6449778626616893, "f1": 0.6047455661334752, "negative_accuracy": 0.7467662123448215, "balanced_accuracy": 0.6449778626616893, "AUC": 0.7181404753388683, "CI_95.0": [0.7116755167498152, 0.7246054339279213]}