{"model": "transformer_e200_2_d3_10_l128_glove_not_trainable", "dataset": "h106_max_balanced_0_1_1", "congress": "106", "chamber": "House", "style": "max_balanced_0_1_1", "split": "train", "n": 27700, "TP": 9109, "FP": 3509, "TN": 10341, "FN": 4741, "precision": 0.7219052147725472, "recall": 0.6576895306859206, "accuracy": 0.7021660649819494, "f1": 0.6883028562792807, "negative_accuracy": 0.7466425992779784, "balanced_accuracy": 0.7021660649819494, "AUC": 0.7956731613861772, "CI_95.0": [0.7905945458499318, 0.8007517769224225]}