{"model": "transformer_e200_2_d3_10_l128_glove_not_trainable", "dataset": "h103_max_balanced_0_1_1", "congress": "103", "chamber": "House", "style": "max_balanced_0_1_1", "split": "train", "n": 28186, "TP": 9673, "FP": 3702, "TN": 10391, "FN": 4420, "precision": 0.723214953271028, "recall": 0.6863691194209891, "accuracy": 0.7118427588164337, "f1": 0.7043104703655163, "negative_accuracy": 0.7373163982118782, "balanced_accuracy": 0.7118427588164337, "AUC": 0.8026416887476286, "CI_95.0": [0.7976735570658229, 0.8076098204294344]}