{"model": "transformer_e512_2_d3_10_l128", "dataset": "h106_max_balanced_0_1_1", "congress": "106", "chamber": "House", "style": "max_balanced_0_1_1", "split": "train", "n": 27700, "TP": 2463, "FP": 1953, "TN": 11897, "FN": 11387, "precision": 0.5577445652173914, "recall": 0.17783393501805053, "accuracy": 0.5184115523465704, "f1": 0.2696813752326727, "negative_accuracy": 0.8589891696750902, "balanced_accuracy": 0.5184115523465703, "AUC": 0.5677538453518225, "CI_95.0": [0.5610259823361832, 0.5744817083674618]}