{"model": "transformer_e512_2_d3_10_l128", "dataset": "h103_max_balanced_0_1_1", "congress": "103", "chamber": "House", "style": "max_balanced_0_1_1", "split": "train", "n": 28186, "TP": 13633, "FP": 1353, "TN": 12740, "FN": 460, "precision": 0.9097157346857067, "recall": 0.9673596821116867, "accuracy": 0.9356772865961825, "f1": 0.9376526015337528, "negative_accuracy": 0.9039948910806783, "balanced_accuracy": 0.9356772865961824, "AUC": 0.9869793212415188, "CI_95.0": [0.9859973513174689, 0.9879612911655686]}