{"model": "transformer_e512_2_d3_10_l128", "dataset": "h114_max_balanced_0_1_1", "congress": "114", "chamber": "House", "style": "max_balanced_0_1_1", "split": "train", "n": 18990, "TP": 7881, "FP": 789, "TN": 8706, "FN": 1614, "precision": 0.9089965397923876, "recall": 0.8300157977883096, "accuracy": 0.8734597156398104, "f1": 0.8677126341866227, "negative_accuracy": 0.9169036334913112, "balanced_accuracy": 0.8734597156398104, "AUC": 0.9535837852632174, "CI_95.0": [0.9509735925664635, 0.9561939779599713]}