{"model": "transformer_e512_2_d3_10_l128", "dataset": "h109_max_balanced_0_1_1", "congress": "109", "chamber": "House", "style": "max_balanced_0_1_1", "split": "train", "n": 25802, "TP": 12901, "FP": 12901, "TN": 0, "FN": 0, "precision": 0.5, "recall": 1.0, "accuracy": 0.5, "f1": 0.6666666666666666, "negative_accuracy": 0.0, "balanced_accuracy": 0.5, "AUC": 0.5006167302910989, "CI_95.0": [0.498079072985692, 0.5031543875965058]}