{"model": "nn1000nd_reg", "dataset": "h103_bayram_1_1", "congress": "103", "chamber": "House", "bayram_1_1": "style", "split": "train", "n": 4000, "TP": 1653, "FP": 332, "TN": 1668, "FN": 347, "precision": 0.8327455919395466, "recall": 0.8265, "accuracy": 0.83025, "f1": 0.8296110414052696, "negative_accuracy": 0.834, "balanced_accuracy": 0.8302499999999999, "AUC": 0.91174525, "CI_95.0": [0.9030811064097322, 0.9204093935902677]}