{"model": "nn1000nd_reg", "dataset": "h097_bayram_1_1", "congress": "097", "chamber": "House", "bayram_1_1": "style", "split": "train", "n": 4000, "TP": 1594, "FP": 321, "TN": 1679, "FN": 406, "precision": 0.8323759791122716, "recall": 0.797, "accuracy": 0.81825, "f1": 0.8143039591315453, "negative_accuracy": 0.8395, "balanced_accuracy": 0.81825, "AUC": 0.90786625, "CI_95.0": [0.899115060497386, 0.916617439502614]}