{"model": "nn1000nd_reg", "dataset": "h100_bayram_1_1", "congress": "100", "chamber": "House", "bayram_1_1": "style", "split": "train", "n": 4000, "TP": 1821, "FP": 626, "TN": 1374, "FN": 179, "precision": 0.7441765427053535, "recall": 0.9105, "accuracy": 0.79875, "f1": 0.8189790870249607, "negative_accuracy": 0.687, "balanced_accuracy": 0.7987500000000001, "AUC": 0.8966921250000001, "CI_95.0": [0.8872291820611004, 0.9061550679388998]}