{"model": "nn1000nd_reg", "dataset": "h109_bayram_1_1", "congress": "109", "chamber": "House", "bayram_1_1": "style", "split": "train", "n": 4000, "TP": 1654, "FP": 274, "TN": 1726, "FN": 346, "precision": 0.8578838174273858, "recall": 0.827, "accuracy": 0.845, "f1": 0.8421588594704684, "negative_accuracy": 0.863, "balanced_accuracy": 0.845, "AUC": 0.9267980000000001, "CI_95.0": [0.9190392875632649, 0.9345567124367353]}