{"model": "nn1000nd_reg", "dataset": "h106_bayram_1_1", "congress": "106", "chamber": "House", "bayram_1_1": "style", "split": "train", "n": 4000, "TP": 1506, "FP": 288, "TN": 1712, "FN": 494, "precision": 0.8394648829431438, "recall": 0.753, "accuracy": 0.8045, "f1": 0.7938850817079599, "negative_accuracy": 0.856, "balanced_accuracy": 0.8045, "AUC": 0.8916704999999999, "CI_95.0": [0.8819109272673915, 0.9014300727326083]}