{"model": "nn1000nd_reg", "dataset": "h112_bayram_1_1", "congress": "112", "chamber": "House", "bayram_1_1": "style", "split": "train", "n": 4000, "TP": 1830, "FP": 176, "TN": 1824, "FN": 170, "precision": 0.9122632103688934, "recall": 0.915, "accuracy": 0.9135, "f1": 0.9136295556665004, "negative_accuracy": 0.912, "balanced_accuracy": 0.9135, "AUC": 0.9719369999999999, "CI_95.0": [0.9676806184374829, 0.976193381562517]}