{"model": "nn1000nd_reg", "dataset": "h114_bayram_1_1", "congress": "114", "chamber": "House", "bayram_1_1": "style", "split": "train", "n": 4000, "TP": 1581, "FP": 187, "TN": 1813, "FN": 419, "precision": 0.8942307692307693, "recall": 0.7905, "accuracy": 0.8485, "f1": 0.8391719745222929, "negative_accuracy": 0.9065, "balanced_accuracy": 0.8485, "AUC": 0.9343150000000001, "CI_95.0": [0.926957543123344, 0.9416724568766562]}