{"model": "transformer_e50_2_d3_10_l128", "dataset": "h100_max_balanced_0_1_1", "congress": "100", "chamber": "House", "style": "max_balanced_0_1_1", "split": "train", "n": 26218, "TP": 10090, "FP": 1111, "TN": 11998, "FN": 3019, "precision": 0.9008124274618338, "recall": 0.7697002059653673, "accuracy": 0.8424746357464338, "f1": 0.8301110654051831, "negative_accuracy": 0.9152490655275002, "balanced_accuracy": 0.8424746357464337, "AUC": 0.9322947926811233, "CI_95.0": [0.9294518604712867, 0.9351377248909598]}