{"model": "transformer_e50_2_d3_10_l128", "dataset": "h112_max_balanced_0_1_1", "congress": "112", "chamber": "House", "style": "max_balanced_0_1_1", "split": "train", "n": 26090, "TP": 11837, "FP": 1548, "TN": 11497, "FN": 1208, "precision": 0.8843481509152036, "recall": 0.9073974702951322, "accuracy": 0.894365657339977, "f1": 0.8957245554294362, "negative_accuracy": 0.8813338443848218, "balanced_accuracy": 0.894365657339977, "AUC": 0.9656039645764338, "CI_95.0": [0.9637416814089528, 0.9674662477439149]}