{"model": "transformer_e50_2_d3_10_l128", "dataset": "h114_max_balanced_0_1_1", "congress": "114", "chamber": "House", "style": "max_balanced_0_1_1", "split": "train", "n": 18990, "TP": 7880, "FP": 679, "TN": 8816, "FN": 1615, "precision": 0.9206683023717724, "recall": 0.8299104791995787, "accuracy": 0.879199578725645, "f1": 0.8729367453195968, "negative_accuracy": 0.9284886782517114, "balanced_accuracy": 0.879199578725645, "AUC": 0.958860119000577, "CI_95.0": [0.9564390836968425, 0.9612811543043115]}