{"model": "transformer_e50_2_d3_10_l128", "dataset": "h097_max_balanced_0_1_1", "congress": "097", "chamber": "House", "style": "max_balanced_0_1_1", "split": "train", "n": 23038, "TP": 7395, "FP": 813, "TN": 10706, "FN": 4124, "precision": 0.9009502923976608, "recall": 0.6419828110079, "accuracy": 0.7857018838440837, "f1": 0.7497338672884879, "negative_accuracy": 0.9294209566802674, "balanced_accuracy": 0.7857018838440837, "AUC": 0.8937070615188434, "CI_95.0": [0.8897463376022579, 0.8976677854354289]}