{"model": "transformer_e50_2_d3_10_l128", "dataset": "h103_max_balanced_0_1_1", "congress": "103", "chamber": "House", "style": "max_balanced_0_1_1", "split": "train", "n": 28186, "TP": 13325, "FP": 1259, "TN": 12834, "FN": 768, "precision": 0.9136725178277565, "recall": 0.9455048605690769, "accuracy": 0.9280848648265096, "f1": 0.9293161767269938, "negative_accuracy": 0.9106648690839424, "balanced_accuracy": 0.9280848648265096, "AUC": 0.9823559148037948, "CI_95.0": [0.9811525682324823, 0.9835592613751073]}