{"model": "transformer_e50_2_d3_10_l128", "dataset": "h109_max_balanced_0_1_1", "congress": "109", "chamber": "House", "style": "max_balanced_0_1_1", "split": "train", "n": 25802, "TP": 11190, "FP": 552, "TN": 12349, "FN": 1711, "precision": 0.9529892692897292, "recall": 0.8673746221223161, "accuracy": 0.9122936206495621, "f1": 0.9081686482976911, "negative_accuracy": 0.957212619176808, "balanced_accuracy": 0.912293620649562, "AUC": 0.975754996967269, "CI_95.0": [0.9741811154366348, 0.9773288784979032]}