{"model": "transformer_e50_2_d3_10_l128", "dataset": "h106_max_balanced_0_1_1", "congress": "106", "chamber": "House", "style": "max_balanced_0_1_1", "split": "train", "n": 27700, "TP": 12601, "FP": 987, "TN": 12863, "FN": 1249, "precision": 0.9273623785693259, "recall": 0.9098194945848376, "accuracy": 0.9192779783393502, "f1": 0.9185071798236024, "negative_accuracy": 0.9287364620938628, "balanced_accuracy": 0.9192779783393502, "AUC": 0.980010772980229, "CI_95.0": [0.9787417044027048, 0.9812798415577532]}