{"model": "nn1000hd", "dataset": "h097_2gram_max_balanced_0", "congress": "097", "chamber": "House", "2gram_max_balanced_0": "style", "split": "train", "n": 23038, "TP": 9876, "FP": 1508, "TN": 10011, "FN": 1643, "precision": 0.8675333801827125, "recall": 0.8573660908064936, "accuracy": 0.8632259744769512, "f1": 0.8624197703357639, "negative_accuracy": 0.8690858581474086, "balanced_accuracy": 0.863225974476951, "AUC": 0.9374002924061473, "CI_95.0": [0.9344267166131845, 0.9403738681991101]}