{"model": "nn1000hd", "dataset": "h114_bayram_1_1", "congress": "114", "chamber": "House", "bayram_1_1": "style", "split": "train", "n": 4000, "TP": 1978, "FP": 10, "TN": 1990, "FN": 22, "precision": 0.9949698189134809, "recall": 0.989, "accuracy": 0.992, "f1": 0.9919759277833501, "negative_accuracy": 0.995, "balanced_accuracy": 0.992, "AUC": 0.9993475000000002, "CI_95.0": [0.9988397504388479, 0.9998552495611525]}