{"model": "nn1000hd", "dataset": "h112_3gram_max_balanced_0", "congress": "112", "chamber": "House", "3gram_max_balanced_0": "style", "split": "train", "n": 26090, "TP": 12366, "FP": 1321, "TN": 11724, "FN": 679, "precision": 0.9034850588149339, "recall": 0.9479494059026446, "accuracy": 0.923342276734381, "f1": 0.9251833009127637, "negative_accuracy": 0.8987351475661173, "balanced_accuracy": 0.923342276734381, "AUC": 0.9801604435276599, "CI_95.0": [0.9788316338169719, 0.9814892532383478]}