{"model": "nn1000hd", "dataset": "h112_2gram_max_balanced_0", "congress": "112", "chamber": "House", "2gram_max_balanced_0": "style", "split": "train", "n": 26090, "TP": 11748, "FP": 1000, "TN": 12045, "FN": 1297, "precision": 0.9215563225604017, "recall": 0.9005749329244921, "accuracy": 0.9119586048294366, "f1": 0.9109448299926336, "negative_accuracy": 0.923342276734381, "balanced_accuracy": 0.9119586048294366, "AUC": 0.973595457302691, "CI_95.0": [0.9720181132079109, 0.9751728013974712]}