{"model": "nn1000hd", "dataset": "h114_bayram", "congress": "114", "chamber": "House", "bayram": "style", "split": "train", "n": 4000, "TP": 1812, "FP": 94, "TN": 1906, "FN": 188, "precision": 0.950682056663169, "recall": 0.906, "accuracy": 0.9295, "f1": 0.9278033794162827, "negative_accuracy": 0.953, "balanced_accuracy": 0.9295, "AUC": 0.9814760000000001, "CI_95.0": [0.9780129996183377, 0.9849390003816626]}