{"model": "nn1000hd", "dataset": "h114_3gram_max_balanced_0", "congress": "114", "chamber": "House", "3gram_max_balanced_0": "style", "split": "train", "n": 18990, "TP": 8840, "FP": 576, "TN": 8919, "FN": 655, "precision": 0.9388275276125744, "recall": 0.9310163243812533, "accuracy": 0.9351764086361243, "f1": 0.9349056104912484, "negative_accuracy": 0.9393364928909953, "balanced_accuracy": 0.9351764086361243, "AUC": 0.9830703613026561, "CI_95.0": [0.9816475341934835, 0.9844931884118288]}