{"model": "nn1000hd", "dataset": "h100_2gram_max_balanced_0", "congress": "100", "chamber": "House", "2gram_max_balanced_0": "style", "split": "train", "n": 26218, "TP": 11621, "FP": 1369, "TN": 11740, "FN": 1488, "precision": 0.8946112394149346, "recall": 0.8864901975741857, "accuracy": 0.8910290640018308, "f1": 0.8905322042990154, "negative_accuracy": 0.8955679304294759, "balanced_accuracy": 0.8910290640018308, "AUC": 0.9594247010203288, "CI_95.0": [0.9573077645544992, 0.9615416374861585]}