{"model": "nn1000hd", "dataset": "h100_3gram_max_balanced_0", "congress": "100", "chamber": "House", "3gram_max_balanced_0": "style", "split": "train", "n": 26218, "TP": 11546, "FP": 946, "TN": 12163, "FN": 1563, "precision": 0.9242715337816202, "recall": 0.8807689373712716, "accuracy": 0.9043023876725913, "f1": 0.9019960157806336, "negative_accuracy": 0.927835837973911, "balanced_accuracy": 0.9043023876725913, "AUC": 0.9676083333065167, "CI_95.0": [0.9657577146105303, 0.9694589520025032]}