{"model": "nn1000hd", "dataset": "h106_2gram_max_balanced_0", "congress": "106", "chamber": "House", "2gram_max_balanced_0": "style", "split": "train", "n": 27700, "TP": 12091, "FP": 682, "TN": 13168, "FN": 1759, "precision": 0.9466061222892038, "recall": 0.8729963898916967, "accuracy": 0.9118772563176896, "f1": 0.908312361491943, "negative_accuracy": 0.9507581227436823, "balanced_accuracy": 0.9118772563176896, "AUC": 0.9745298596358614, "CI_95.0": [0.9729948973383625, 0.9760648219333602]}