{"model": "nn1000hd", "dataset": "h097_3gram_max_balanced_0", "congress": "097", "chamber": "House", "3gram_max_balanced_0": "style", "split": "train", "n": 23038, "TP": 10421, "FP": 1653, "TN": 9866, "FN": 1098, "precision": 0.8630942521119761, "recall": 0.9046792256272246, "accuracy": 0.8805885927597882, "f1": 0.8833976179375238, "negative_accuracy": 0.8564979598923518, "balanced_accuracy": 0.8805885927597882, "AUC": 0.9509297724294932, "CI_95.0": [0.9483404975735663, 0.95351904728542]}