{"model": "nn1000hd", "dataset": "h112_bayram_1_1", "congress": "112", "chamber": "House", "bayram_1_1": "style", "split": "train", "n": 4000, "TP": 1990, "FP": 7, "TN": 1993, "FN": 10, "precision": 0.9964947421131698, "recall": 0.995, "accuracy": 0.99575, "f1": 0.9957468101075807, "negative_accuracy": 0.9965, "balanced_accuracy": 0.99575, "AUC": 0.9997445000000001, "CI_95.0": [0.9994424502519342, 1.0]}