{"model": "nn1000hd", "dataset": "h103_bayram_1_1", "congress": "103", "chamber": "House", "bayram_1_1": "style", "split": "train", "n": 4000, "TP": 1974, "FP": 22, "TN": 1978, "FN": 26, "precision": 0.9889779559118237, "recall": 0.987, "accuracy": 0.988, "f1": 0.987987987987988, "negative_accuracy": 0.989, "balanced_accuracy": 0.988, "AUC": 0.9993510000000002, "CI_95.0": [0.9990292036826585, 0.999672796317342]}