{"model": "nn1000hd", "dataset": "h112_bayram", "congress": "112", "chamber": "House", "bayram": "style", "split": "train", "n": 4000, "TP": 1793, "FP": 87, "TN": 1913, "FN": 207, "precision": 0.9537234042553191, "recall": 0.8965, "accuracy": 0.9265, "f1": 0.9242268041237113, "negative_accuracy": 0.9565, "balanced_accuracy": 0.9265, "AUC": 0.98113525, "CI_95.0": [0.9778431142185534, 0.9844273857814466]}