{"model": "nn1000hd", "dataset": "h100_bayram_3_7", "congress": "100", "chamber": "House", "bayram_3_7": "style", "split": "train", "n": 4000, "TP": 1915, "FP": 111, "TN": 1889, "FN": 85, "precision": 0.9452122408687068, "recall": 0.9575, "accuracy": 0.951, "f1": 0.9513164431197217, "negative_accuracy": 0.9445, "balanced_accuracy": 0.9510000000000001, "AUC": 0.99067425, "CI_95.0": [0.9886590656959259, 0.9926894343040741]}