{"model": "nn1000hd", "dataset": "h114_2gram_max_balanced_0", "congress": "114", "chamber": "House", "2gram_max_balanced_0": "style", "split": "train", "n": 18990, "TP": 8453, "FP": 459, "TN": 9036, "FN": 1042, "precision": 0.9484964093357271, "recall": 0.8902580305423907, "accuracy": 0.9209583991574513, "f1": 0.9184549356223176, "negative_accuracy": 0.9516587677725118, "balanced_accuracy": 0.9209583991574513, "AUC": 0.9782721151705076, "CI_95.0": [0.9766120637811685, 0.9799321665598467]}