{"model": "nn1000hd", "dataset": "h100_bayram_1_1", "congress": "100", "chamber": "House", "bayram_1_1": "style", "split": "train", "n": 4000, "TP": 1994, "FP": 9, "TN": 1991, "FN": 6, "precision": 0.9955067398901648, "recall": 0.997, "accuracy": 0.99625, "f1": 0.9962528103922059, "negative_accuracy": 0.9955, "balanced_accuracy": 0.9962500000000001, "AUC": 0.9999237499999999, "CI_95.0": [0.9998685192380642, 0.9999789807619356]}