{"model": "nn1000hd", "dataset": "h106_3gram_max_balanced_0", "congress": "106", "chamber": "House", "3gram_max_balanced_0": "style", "split": "train", "n": 27700, "TP": 1197, "FP": 0, "TN": 13850, "FN": 12653, "precision": 1.0, "recall": 0.0864259927797834, "accuracy": 0.5432129963898917, "f1": 0.15910148202299462, "negative_accuracy": 1.0, "balanced_accuracy": 0.5432129963898917, "AUC": 0.5432129963898917, "CI_95.0": [0.540873065969393, 0.5455529268103905]}