{"model": "nn1000hd", "dataset": "h097_bayram", "congress": "097", "chamber": "House", "bayram": "style", "split": "train", "n": 4000, "TP": 1736, "FP": 133, "TN": 1867, "FN": 264, "precision": 0.9288389513108615, "recall": 0.868, "accuracy": 0.90075, "f1": 0.8973895063323857, "negative_accuracy": 0.9335, "balanced_accuracy": 0.9007499999999999, "AUC": 0.9698617500000001, "CI_95.0": [0.9655900934091397, 0.9741334065908605]}