{"model": "nn1000hd", "dataset": "h109_2gram_max_balanced_0", "congress": "109", "chamber": "House", "2gram_max_balanced_0": "style", "split": "train", "n": 25802, "TP": 11861, "FP": 1607, "TN": 11294, "FN": 1040, "precision": 0.8806801306801307, "recall": 0.9193860941012325, "accuracy": 0.8974110534067127, "f1": 0.8996169744776064, "negative_accuracy": 0.8754360127121928, "balanced_accuracy": 0.8974110534067127, "AUC": 0.9647673219056998, "CI_95.0": [0.9628349415448216, 0.966699702266578]}