{"model": "nn1000hd", "dataset": "h103_3gram_max_balanced_0", "congress": "103", "chamber": "House", "3gram_max_balanced_0": "style", "split": "train", "n": 28186, "TP": 12222, "FP": 1309, "TN": 12784, "FN": 1871, "precision": 0.9032591826176927, "recall": 0.8672390548499255, "accuracy": 0.8871780316469169, "f1": 0.8848827106863597, "negative_accuracy": 0.9071170084439083, "balanced_accuracy": 0.8871780316469169, "AUC": 0.9570303928628432, "CI_95.0": [0.9549204178278331, 0.9591403678978533]}