{"model": "nn1000hd", "dataset": "h103_2gram_max_balanced_0", "congress": "103", "chamber": "House", "2gram_max_balanced_0": "style", "split": "train", "n": 28186, "TP": 13302, "FP": 1412, "TN": 12681, "FN": 791, "precision": 0.9040369715916814, "recall": 0.9438728446746611, "accuracy": 0.9218406301000497, "f1": 0.9235255319887528, "negative_accuracy": 0.8998084155254381, "balanced_accuracy": 0.9218406301000497, "AUC": 0.9777747690178584, "CI_95.0": [0.9763664289866291, 0.9791831090490878]}