{"model": "nn1000hd", "dataset": "h109_3gram_max_balanced_0", "congress": "109", "chamber": "House", "3gram_max_balanced_0": "style", "split": "train", "n": 25802, "TP": 12064, "FP": 785, "TN": 12116, "FN": 837, "precision": 0.938905751420344, "recall": 0.9351213084257034, "accuracy": 0.9371366560731726, "f1": 0.937009708737864, "negative_accuracy": 0.9391520037206418, "balanced_accuracy": 0.9371366560731726, "AUC": 0.9840348922285056, "CI_95.0": [0.9828596481037631, 0.9852101363532481]}