{"model": "nn1000hd", "dataset": "h097_bayram_1_1", "congress": "097", "chamber": "House", "bayram_1_1": "style", "split": "train", "n": 4000, "TP": 1887, "FP": 204, "TN": 1796, "FN": 113, "precision": 0.9024390243902439, "recall": 0.9435, "accuracy": 0.92075, "f1": 0.9225128330481545, "negative_accuracy": 0.898, "balanced_accuracy": 0.92075, "AUC": 0.980013125, "CI_95.0": [0.9767424094119306, 0.9832838405880695]}