{"model": "nn1000hd", "dataset": "h106_3gram_max_balanced_0", "congress": "106", "chamber": "House", "style": "3gram_max_balanced_0", "split": "train", "n": 27700, "TP": 12298, "FP": 1518, "TN": 12332, "FN": 1552, "precision": 0.8901273885350318, "recall": 0.887942238267148, "accuracy": 0.8891696750902527, "f1": 0.8890334706860407, "negative_accuracy": 0.8903971119133574, "balanced_accuracy": 0.8891696750902527, "AUC": 0.9572598339610838, "CI_95.0": [0.9551449984697437, 0.959374669452424]}