{"model": "nn1000hd", "dataset": "h112_max_balanced_0", "congress": "112", "chamber": "House", "max_balanced_0": "style", "split": "train", "n": 26090, "TP": 11213, "FP": 2279, "TN": 10766, "FN": 1832, "precision": 0.8310850874592352, "recall": 0.859563050977386, "accuracy": 0.8424300498275201, "f1": 0.845084222029619, "negative_accuracy": 0.8252970486776543, "balanced_accuracy": 0.8424300498275201, "AUC": 0.9255657532429318, "CI_95.0": [0.9225534693781191, 0.9285780371077444]}