{"model": "nn1000hd", "dataset": "h106_bayram", "congress": "106", "chamber": "House", "bayram": "style", "split": "train", "n": 4000, "TP": 1740, "FP": 189, "TN": 1811, "FN": 260, "precision": 0.9020217729393468, "recall": 0.87, "accuracy": 0.88775, "f1": 0.8857215576482566, "negative_accuracy": 0.9055, "balanced_accuracy": 0.88775, "AUC": 0.9566558749999999, "CI_95.0": [0.9510481824517766, 0.9622635675482233]}