{"model": "nn1000hd", "dataset": "h106_max_balanced_0", "congress": "106", "chamber": "House", "max_balanced_0": "style", "split": "train", "n": 27700, "TP": 10947, "FP": 2191, "TN": 11659, "FN": 2903, "precision": 0.8332318465519866, "recall": 0.7903971119133574, "accuracy": 0.816101083032491, "f1": 0.8112494441974211, "negative_accuracy": 0.8418050541516245, "balanced_accuracy": 0.816101083032491, "AUC": 0.9028916133404581, "CI_95.0": [0.8994572393181093, 0.9063259873628069]}