{"model": "nn1000hd", "dataset": "h106_3gram_max_balanced_0_10_50", "congress": "106", "chamber": "House", "style": "3gram_max_balanced_0_10_50", "split": "train", "n": 27700, "TP": 4159, "FP": 0, "TN": 13850, "FN": 9691, "precision": 1.0, "recall": 0.30028880866425994, "accuracy": 0.6501444043321299, "f1": 0.46188017102559836, "negative_accuracy": 1.0, "balanced_accuracy": 0.6501444043321299, "AUC": 0.6501444043321298, "CI_95.0": [0.6463272662431685, 0.6539615424210912]}