{"model": "nn1000hd", "dataset": "h100_max_balanced_0", "congress": "100", "chamber": "House", "max_balanced_0": "style", "split": "train", "n": 26218, "TP": 10207, "FP": 3668, "TN": 9441, "FN": 2902, "precision": 0.7356396396396396, "recall": 0.7786253718819132, "accuracy": 0.7494088031123656, "f1": 0.7565223836347464, "negative_accuracy": 0.7201922343428179, "balanced_accuracy": 0.7494088031123656, "AUC": 0.8330452389487298, "CI_95.0": [0.8282686847457766, 0.837821793151683]}