{"model": "cnn3_a10-4_avg_drop_128_7_l64_s1_d4_5_e300_glove840_trainable", "dataset": "h114_max_balanced_0_1_1", "congress": "114", "chamber": "House", "style": "max_balanced_0_1_1", "split": "train", "n": 18990, "TP": 8211, "FP": 460, "TN": 9035, "FN": 1284, "precision": 0.946949602122016, "recall": 0.8647709320695103, "accuracy": 0.9081621906266456, "f1": 0.9039964769349333, "negative_accuracy": 0.9515534491837809, "balanced_accuracy": 0.9081621906266456, "AUC": 0.977025723191802, "CI_95.0": [0.9754243551950103, 0.9786270911885938]}