{"model": "cnn3_a10-4_avg_drop_128_7_l64_s1_d4_5_e300_glove840_trainable", "dataset": "h109_max_balanced_0_1_1", "congress": "109", "chamber": "House", "style": "max_balanced_0_1_1", "split": "train", "n": 25802, "TP": 10549, "FP": 1536, "TN": 11365, "FN": 2352, "precision": 0.8729002896152255, "recall": 0.817688551275095, "accuracy": 0.8493140066661499, "f1": 0.844392860001601, "negative_accuracy": 0.8809394620572049, "balanced_accuracy": 0.84931400666615, "AUC": 0.9309617706589461, "CI_95.0": [0.9280524912916661, 0.9338710500262262]}