{"model": "cnn3_a10-4_avg_drop_128_7_l64_s1_d4_5_e300_glove840_trainable", "dataset": "h103_max_balanced_0_1_1", "congress": "103", "chamber": "House", "style": "max_balanced_0_1_1", "split": "train", "n": 28186, "TP": 12541, "FP": 2365, "TN": 11728, "FN": 1552, "precision": 0.8413390580974104, "recall": 0.8898744057333428, "accuracy": 0.8610302987298659, "f1": 0.8649263767716127, "negative_accuracy": 0.832186191726389, "balanced_accuracy": 0.8610302987298659, "AUC": 0.9407784898936624, "CI_95.0": [0.9382414269255377, 0.9433155528617871]}