{"model": "cnn3_a10-4_avg_drop_128_7_l64_s1_d4_5_e300_glove840_trainable", "dataset": "h112_max_balanced_0_1_1", "congress": "112", "chamber": "House", "style": "max_balanced_0_1_1", "split": "train", "n": 26090, "TP": 11546, "FP": 1346, "TN": 11699, "FN": 1499, "precision": 0.895594166925225, "recall": 0.8850900728248371, "accuracy": 0.8909543886546569, "f1": 0.8903111385279717, "negative_accuracy": 0.8968187044844768, "balanced_accuracy": 0.8909543886546569, "AUC": 0.9660283586564831, "CI_95.0": [0.9642329883320967, 0.9678237289808694]}