{"model": "cnn3_a10-4_avg_drop_128_7_l64_s1_d4_5_e300_glove840_trainable", "dataset": "h097_max_balanced_0_1_1", "congress": "097", "chamber": "House", "style": "max_balanced_0_1_1", "split": "train", "n": 23038, "TP": 10310, "FP": 1011, "TN": 10508, "FN": 1209, "precision": 0.9106969348997438, "recall": 0.89504297248025, "accuracy": 0.9036374685302544, "f1": 0.9028021015761821, "negative_accuracy": 0.9122319645802587, "balanced_accuracy": 0.9036374685302544, "AUC": 0.9696659804696848, "CI_95.0": [0.9678641936030268, 0.9714677673363428]}