{"model": "cnn3_a10-4_avg_drop_128_7_l64_s1_d4_5_e300_glove840_trainable", "dataset": "h100_max_balanced_0_1_1", "congress": "100", "chamber": "House", "style": "max_balanced_0_1_1", "split": "train", "n": 26218, "TP": 11193, "FP": 2160, "TN": 10949, "FN": 1916, "precision": 0.83823859806785, "recall": 0.8538408726828897, "accuracy": 0.8445342894194828, "f1": 0.845967802887159, "negative_accuracy": 0.835227706156076, "balanced_accuracy": 0.8445342894194828, "AUC": 0.927666884258925, "CI_95.0": [0.9246876929266352, 0.9306460755912147]}