{"model": "cnn3_a10-4_avg_drop_128_7_l64_s1_d4_5_e300_glove840_trainable", "dataset": "h106_max_balanced_0_1_1", "congress": "106", "chamber": "House", "style": "max_balanced_0_1_1", "split": "train", "n": 27700, "TP": 11039, "FP": 1530, "TN": 12320, "FN": 2811, "precision": 0.8782719388972869, "recall": 0.7970397111913358, "accuracy": 0.8432851985559566, "f1": 0.8356864377909837, "negative_accuracy": 0.8895306859205776, "balanced_accuracy": 0.8432851985559566, "AUC": 0.92964748921529, "CI_95.0": [0.9268189547136617, 0.9324760237169182]}