{"model": "mnnb", "dataset": "h109_bayram_1_1", "congress": "109", "chamber": "House", "bayram_1_1": "style", "split": "train", "n": 4000, "TP": 1940, "FP": 90, "TN": 1910, "FN": 60, "precision": 0.9556650246305419, "recall": 0.97, "accuracy": 0.9625, "f1": 0.9627791563275433, "negative_accuracy": 0.955, "balanced_accuracy": 0.9624999999999999, "AUC": 0.9625, "CI_95.0": [0.9566155751095934, 0.9683844248904067]}