{"model": "mnnb", "dataset": "h109_bayram", "congress": "109", "chamber": "House", "bayram": "style", "split": "train", "n": 4000, "TP": 1544, "FP": 490, "TN": 1510, "FN": 456, "precision": 0.7590953785644051, "recall": 0.772, "accuracy": 0.7635, "f1": 0.7654933068914229, "negative_accuracy": 0.755, "balanced_accuracy": 0.7635000000000001, "AUC": 0.7635, "CI_95.0": [0.7503307850745184, 0.7766692149254815]}