{"model": "mnnb", "dataset": "h103_bayram_3_7", "congress": "103", "chamber": "House", "bayram_3_7": "style", "split": "train", "n": 4000, "TP": 1507, "FP": 454, "TN": 1546, "FN": 493, "precision": 0.7684854665986741, "recall": 0.7535, "accuracy": 0.76325, "f1": 0.7609189598586215, "negative_accuracy": 0.773, "balanced_accuracy": 0.76325, "AUC": 0.7632500000000001, "CI_95.0": [0.750076813833897, 0.7764231861661032]}