{"model": "mnnb", "dataset": "h103_bayram_1_1", "congress": "103", "chamber": "House", "bayram_1_1": "style", "split": "train", "n": 4000, "TP": 1858, "FP": 97, "TN": 1903, "FN": 142, "precision": 0.950383631713555, "recall": 0.929, "accuracy": 0.94025, "f1": 0.9395701643489254, "negative_accuracy": 0.9515, "balanced_accuracy": 0.94025, "AUC": 0.9402499999999999, "CI_95.0": [0.9329111572940968, 0.947588842705903]}