{"model": "mnnb", "dataset": "h112_bayram", "congress": "112", "chamber": "House", "bayram": "style", "split": "train", "n": 4000, "TP": 1622, "FP": 482, "TN": 1518, "FN": 378, "precision": 0.7709125475285171, "recall": 0.811, "accuracy": 0.785, "f1": 0.7904483430799221, "negative_accuracy": 0.759, "balanced_accuracy": 0.785, "AUC": 0.785, "CI_95.0": [0.7722910619984387, 0.7977089380015614]}