{"model": "mnnb", "dataset": "h100_bayram_3_7", "congress": "100", "chamber": "House", "bayram_3_7": "style", "split": "train", "n": 4000, "TP": 1467, "FP": 489, "TN": 1511, "FN": 533, "precision": 0.75, "recall": 0.7335, "accuracy": 0.7445, "f1": 0.7416582406471183, "negative_accuracy": 0.7555, "balanced_accuracy": 0.7444999999999999, "AUC": 0.7445, "CI_95.0": [0.7309849913900704, 0.7580150086099297]}