{"model": "mnnb", "dataset": "h097_bayram_1_1", "congress": "097", "chamber": "House", "bayram_1_1": "style", "split": "train", "n": 4000, "TP": 1839, "FP": 72, "TN": 1928, "FN": 161, "precision": 0.9623233908948194, "recall": 0.9195, "accuracy": 0.94175, "f1": 0.9404244438762465, "negative_accuracy": 0.964, "balanced_accuracy": 0.94175, "AUC": 0.94175, "CI_95.0": [0.934522736152013, 0.948977263847987]}