{"model": "mnnb", "dataset": "h103_bayram", "congress": "103", "chamber": "House", "bayram": "style", "split": "train", "n": 4000, "TP": 1386, "FP": 603, "TN": 1397, "FN": 614, "precision": 0.6968325791855203, "recall": 0.693, "accuracy": 0.69575, "f1": 0.6949110052644774, "negative_accuracy": 0.6985, "balanced_accuracy": 0.69575, "AUC": 0.69575, "CI_95.0": [0.6814886434065476, 0.7100113565934524]}