{"model": "mnnb", "dataset": "h097_bayram", "congress": "097", "chamber": "House", "bayram": "style", "split": "train", "n": 4000, "TP": 1311, "FP": 543, "TN": 1457, "FN": 689, "precision": 0.7071197411003236, "recall": 0.6555, "accuracy": 0.692, "f1": 0.6803321224701608, "negative_accuracy": 0.7285, "balanced_accuracy": 0.692, "AUC": 0.6920000000000001, "CI_95.0": [0.6777342858144427, 0.7062657141855574]}