{"model": "mnnb", "dataset": "h106_bayram_3_7", "congress": "106", "chamber": "House", "bayram_3_7": "style", "split": "train", "n": 4000, "TP": 1715, "FP": 361, "TN": 1639, "FN": 285, "precision": 0.8261078998073218, "recall": 0.8575, "accuracy": 0.8385, "f1": 0.8415112855740923, "negative_accuracy": 0.8195, "balanced_accuracy": 0.8385, "AUC": 0.8385000000000001, "CI_95.0": [0.8271083969431188, 0.8498916030568815]}