{"model": "mnnb", "dataset": "h109_bayram_3_7", "congress": "109", "chamber": "House", "bayram_3_7": "style", "split": "train", "n": 4000, "TP": 1727, "FP": 322, "TN": 1678, "FN": 273, "precision": 0.8428501708150318, "recall": 0.8635, "accuracy": 0.85125, "f1": 0.8530501358360089, "negative_accuracy": 0.839, "balanced_accuracy": 0.8512500000000001, "AUC": 0.85125, "CI_95.0": [0.8402263288257833, 0.8622736711742166]}