{"model": "boost_fullgird", "dataset": "h100_bayram", "congress": "100", "chamber": "House", "style": "bayram", "split": "train", "n": 4000, "TP": 1684, "FP": 338, "TN": 1662, "FN": 316, "precision": 0.8328387734915925, "recall": 0.842, "accuracy": 0.8365, "f1": 0.8373943311785182, "negative_accuracy": 0.831, "balanced_accuracy": 0.8365, "AUC": 0.8365000000000001, "CI_95.0": [0.8250377331799513, 0.8479622668200489]}