{"model": "boost_fullgird", "dataset": "h109_bayram", "congress": "109", "chamber": "House", "style": "bayram", "split": "train", "n": 4000, "TP": 1622, "FP": 298, "TN": 1702, "FN": 378, "precision": 0.8447916666666667, "recall": 0.811, "accuracy": 0.831, "f1": 0.8275510204081634, "negative_accuracy": 0.851, "balanced_accuracy": 0.831, "AUC": 0.8310000000000001, "CI_95.0": [0.8194001814305906, 0.8425998185694096]}