{"model": "cnn2_avg_drop_128_7_l128_s1_d3_10_e300_glove840_trainable", "dataset": "h100_max_balanced_0_1_1", "congress": "100", "chamber": "House", "style": "max_balanced_0_1_1", "split": "train", "n": 26218, "TP": 10600, "FP": 1046, "TN": 12063, "FN": 2509, "precision": 0.9101837540786536, "recall": 0.8086047753451827, "accuracy": 0.8644061331909375, "f1": 0.8563926479499091, "negative_accuracy": 0.9202074910366923, "balanced_accuracy": 0.8644061331909375, "AUC": 0.9480023498497471, "CI_95.0": [0.9455963951203726, 0.9504083045791215]}