{"model": "cnn2_avg_drop_128_7_l128_s1_d3_10_e300_glove840_trainable", "dataset": "h106_max_balanced_0_1_1", "congress": "106", "chamber": "House", "style": "max_balanced_0_1_1", "split": "train", "n": 27700, "TP": 12594, "FP": 1893, "TN": 11957, "FN": 1256, "precision": 0.8693311244564091, "recall": 0.9093140794223826, "accuracy": 0.8863176895306859, "f1": 0.8888732046441049, "negative_accuracy": 0.8633212996389892, "balanced_accuracy": 0.8863176895306859, "AUC": 0.9611575883955219, "CI_95.0": [0.9592254654519313, 0.9630897113391125]}