{"model": "cnn2_avg_drop_128_7_l128_s1_d3_10_e300_glove840_trainable", "dataset": "h114_max_balanced_0_1_1", "congress": "114", "chamber": "House", "style": "max_balanced_0_1_1", "split": "train", "n": 18990, "TP": 8334, "FP": 924, "TN": 8571, "FN": 1161, "precision": 0.9001944264419961, "recall": 0.8777251184834123, "accuracy": 0.8902053712480252, "f1": 0.8888177891537354, "negative_accuracy": 0.9026856240126382, "balanced_accuracy": 0.8902053712480252, "AUC": 0.9644349330500435, "CI_95.0": [0.9622636881351352, 0.9666061779649517]}