{"model": "cnn2_avg_drop_128_7_l128_s1_d3_10_e300_glove840_trainable", "dataset": "h112_max_balanced_0_1_1", "congress": "112", "chamber": "House", "style": "max_balanced_0_1_1", "split": "train", "n": 26090, "TP": 12135, "FP": 836, "TN": 12209, "FN": 910, "precision": 0.9355485313391412, "recall": 0.9302414718282866, "accuracy": 0.9330778075891146, "f1": 0.9328874538745388, "negative_accuracy": 0.9359141433499425, "balanced_accuracy": 0.9330778075891146, "AUC": 0.9850242923300703, "CI_95.0": [0.9839680631724435, 0.9860805214876971]}