{"model": "cnn2_avg_drop_128_7_l128_s1_d3_10_e300_glove840_trainable", "dataset": "h097_max_balanced_0_1_1", "congress": "097", "chamber": "House", "style": "max_balanced_0_1_1", "split": "train", "n": 23038, "TP": 8754, "FP": 1654, "TN": 9865, "FN": 2765, "precision": 0.8410837817063798, "recall": 0.7599618022397777, "accuracy": 0.8081864745203576, "f1": 0.798467642632371, "negative_accuracy": 0.8564111468009376, "balanced_accuracy": 0.8081864745203576, "AUC": 0.8981833431746373, "CI_95.0": [0.8943195651674274, 0.9020471211818473]}