{"model": "cnn2_avg_drop_128_7_l128_s1_d3_10_e300_glove840_trainable", "dataset": "h097_max_balanced_0_1_1", "congress": "097", "chamber": "House", "style": "max_balanced_0_1_1", "split": "train", "n": 23038, "TP": 8568, "FP": 1617, "TN": 9902, "FN": 2951, "precision": 0.8412371134020619, "recall": 0.7438145672367393, "accuracy": 0.8017188992100008, "f1": 0.7895318835237743, "negative_accuracy": 0.8596232311832624, "balanced_accuracy": 0.8017188992100008, "AUC": 0.8940687123922828, "CI_95.0": [0.8901162487560406, 0.898021176028525]}