{"model": "cnn2_avg_drop_128_7_l128_s1_d3_10_e300_glove840_trainable", "dataset": "h109_max_balanced_0_1_1", "congress": "109", "chamber": "House", "style": "max_balanced_0_1_1", "split": "train", "n": 25802, "TP": 11690, "FP": 979, "TN": 11922, "FN": 1211, "precision": 0.9227247612281948, "recall": 0.9061313076505697, "accuracy": 0.9151228586931246, "f1": 0.9143527571372702, "negative_accuracy": 0.9241144097356794, "balanced_accuracy": 0.9151228586931246, "AUC": 0.9760564885916583, "CI_95.0": [0.9745695577791316, 0.977543419404185]}