{"model": "cnn2_avg_drop_128_7_l128_s1_d3_10_e300_glove840_trainable", "dataset": "h106_max_balanced_0_1_1", "congress": "106", "chamber": "House", "style": "max_balanced_0_1_1", "split": "train", "n": 27700, "TP": 12447, "FP": 1716, "TN": 12134, "FN": 1403, "precision": 0.8788392289769117, "recall": 0.8987003610108303, "accuracy": 0.8874007220216606, "f1": 0.8886588369685504, "negative_accuracy": 0.876101083032491, "balanced_accuracy": 0.8874007220216606, "AUC": 0.9610667387819467, "CI_95.0": [0.9591334272021614, 0.963000050361732]}