{"model": "cnn2_avg_drop_128_7_l128_s1_d3_10_e300_glove840_trainable", "dataset": "h103_max_balanced_0_1_1", "congress": "103", "chamber": "House", "style": "max_balanced_0_1_1", "split": "train", "n": 28186, "TP": 13330, "FP": 929, "TN": 13164, "FN": 763, "precision": 0.9348481660705519, "recall": 0.9458596466330802, "accuracy": 0.9399701979706238, "f1": 0.9403216704288939, "negative_accuracy": 0.9340807493081672, "balanced_accuracy": 0.9399701979706236, "AUC": 0.9880072718832726, "CI_95.0": [0.9871261879396316, 0.9888883558269137]}