{"model": "cnn2_avg_drop_128_7_l128_s1_d3_10_e300_glove840_trainable", "dataset": "h109_max_balanced_0_1_1", "congress": "109", "chamber": "House", "style": "max_balanced_0_1_1", "split": "train", "n": 25802, "TP": 11539, "FP": 873, "TN": 12028, "FN": 1362, "precision": 0.9296648404769577, "recall": 0.8944267886210371, "accuracy": 0.9133788078443531, "f1": 0.9117054477936238, "negative_accuracy": 0.9323308270676691, "balanced_accuracy": 0.9133788078443531, "AUC": 0.9749864934407952, "CI_95.0": [0.9734576876720804, 0.9765152992095101]}