{"model": "cnn2_avg_drop_128_7_l128_s1_d3_10_e300_glove840_trainable", "dataset": "h112_max_balanced_0_1_1", "congress": "112", "chamber": "House", "style": "max_balanced_0_1_1", "split": "train", "n": 26090, "TP": 12105, "FP": 818, "TN": 12227, "FN": 940, "precision": 0.9367020041785963, "recall": 0.9279417401303182, "accuracy": 0.9326178612495208, "f1": 0.9323012939001848, "negative_accuracy": 0.9372939823687236, "balanced_accuracy": 0.9326178612495208, "AUC": 0.9846421407984067, "CI_95.0": [0.9835675063348145, 0.985716775261999]}