{"model": "cnn2_avg_drop_128_7_l128_s1_d3_10_e300_glove840_trainable", "dataset": "h103_max_balanced_0_1_1", "congress": "103", "chamber": "House", "style": "max_balanced_0_1_1", "split": "train", "n": 28186, "TP": 13498, "FP": 1090, "TN": 13003, "FN": 595, "precision": 0.9252810529202083, "recall": 0.9577804583835947, "accuracy": 0.940218548215426, "f1": 0.9412503050800182, "negative_accuracy": 0.9226566380472575, "balanced_accuracy": 0.9402185482154262, "AUC": 0.9887935737667948, "CI_95.0": [0.9879518703524082, 0.9896352771811814]}