{"model": "cnn2_avg_drop_128_7_l128_s1_d3_10_e300_glove840_trainable", "dataset": "h100_max_balanced_0_1_1", "congress": "100", "chamber": "House", "style": "max_balanced_0_1_1", "split": "train", "n": 26218, "TP": 10520, "FP": 1074, "TN": 12035, "FN": 2589, "precision": 0.9073658789028808, "recall": 0.8025020977954077, "accuracy": 0.8602868258448394, "f1": 0.8517184147674371, "negative_accuracy": 0.9180715538942711, "balanced_accuracy": 0.8602868258448394, "AUC": 0.945364366923639, "CI_95.0": [0.9428794878436545, 0.9478492460036235]}