{"model": "cnn2_avg_drop_128_7_l128_s1_d3_10_e300_glove840_trainable", "dataset": "h114_max_balanced_0_1_1", "congress": "114", "chamber": "House", "style": "max_balanced_0_1_1", "split": "train", "n": 18990, "TP": 8144, "FP": 745, "TN": 8750, "FN": 1351, "precision": 0.9161885476431545, "recall": 0.8577145866245393, "accuracy": 0.8896261190100052, "f1": 0.885987815491732, "negative_accuracy": 0.9215376513954713, "balanced_accuracy": 0.8896261190100052, "AUC": 0.964301973184523, "CI_95.0": [0.9621234738510331, 0.966480472518013]}