{"model": "models.knn", "dataset": "h109", "split": "train", "n": 4000, "TP": 1384, "FP": 280, "TN": 1720, "FN": 616, "precision": 0.8317307692307693, "recall": 0.692, "accuracy": 0.776, "f1": 0.7554585152838427, "negative_accuracy": 0.86, "balanced_accuracy": 0.776, "AUC": 0.7760000000000001, "CI_95.0": [0.7633414763790358, 0.7886585236209644]}