{"model": "models.sk_logistic", "dataset": "h100", "split": "train", "n": 4000, "TP": 1498, "FP": 498, "TN": 1502, "FN": 502, "precision": 0.750501002004008, "recall": 0.749, "accuracy": 0.75, "f1": 0.7497497497497497, "negative_accuracy": 0.751, "balanced_accuracy": 0.75, "AUC": 0.7500000000000001, "CI_95.0": [0.7365777237174304, 0.7634222762825699]}