{"model": "models.sk_logistic", "dataset": "h103", "split": "train", "n": 4000, "TP": 1591, "FP": 494, "TN": 1506, "FN": 409, "precision": 0.7630695443645084, "recall": 0.7955, "accuracy": 0.77425, "f1": 0.7789473684210525, "negative_accuracy": 0.753, "balanced_accuracy": 0.77425, "AUC": 0.77425, "CI_95.0": [0.7613074617767216, 0.7871925382232784]}