{"model": "lstm2_drop_bidi_128_05", "dataset": "h106_bayram_1_1", "congress": "106", "chamber": "House", "bayram_1_1": "style", "split": "train", "n": 4000, "TP": 1925, "FP": 105, "TN": 1895, "FN": 75, "precision": 0.9482758620689655, "recall": 0.9625, "accuracy": 0.955, "f1": 0.955334987593052, "negative_accuracy": 0.9475, "balanced_accuracy": 0.9550000000000001, "AUC": 0.9905670000000001, "CI_95.0": [0.9882387798060159, 0.9928952201939842]}