{"model": "lstm2_drop_bidi_128_05", "dataset": "h112_bayram_1_1", "congress": "112", "chamber": "House", "bayram_1_1": "style", "split": "train", "n": 4000, "TP": 1919, "FP": 6, "TN": 1994, "FN": 81, "precision": 0.9968831168831169, "recall": 0.9595, "accuracy": 0.97825, "f1": 0.9778343949044587, "negative_accuracy": 0.997, "balanced_accuracy": 0.9782500000000001, "AUC": 0.9981062500000001, "CI_95.0": [0.9970879814266401, 0.99912451857336]}