{"model": "lstm2_drop_bidi_128_05", "dataset": "h097_bayram_1_1", "congress": "097", "chamber": "House", "bayram_1_1": "style", "split": "train", "n": 4000, "TP": 1774, "FP": 502, "TN": 1498, "FN": 226, "precision": 0.7794376098418277, "recall": 0.887, "accuracy": 0.818, "f1": 0.8297474275023387, "negative_accuracy": 0.749, "balanced_accuracy": 0.8180000000000001, "AUC": 0.9114886249999999, "CI_95.0": [0.9026462348449806, 0.9203310151550192]}