{"model": "lstm2_drop_bidi_128_05", "dataset": "h103_bayram_1_1", "congress": "103", "chamber": "House", "bayram_1_1": "style", "split": "train", "n": 4000, "TP": 1862, "FP": 32, "TN": 1968, "FN": 138, "precision": 0.9831045406546991, "recall": 0.931, "accuracy": 0.9575, "f1": 0.9563430919363123, "negative_accuracy": 0.984, "balanced_accuracy": 0.9575, "AUC": 0.9926292499999999, "CI_95.0": [0.990503313682378, 0.9947551863176218]}