{"model": "lstm2_drop_bidi_128_05", "dataset": "h109_bayram_1_1", "congress": "109", "chamber": "House", "bayram_1_1": "style", "split": "train", "n": 4000, "TP": 1996, "FP": 8, "TN": 1992, "FN": 4, "precision": 0.9960079840319361, "recall": 0.998, "accuracy": 0.997, "f1": 0.997002997002997, "negative_accuracy": 0.996, "balanced_accuracy": 0.997, "AUC": 0.9993060000000001, "CI_95.0": [0.9984392980072594, 1.0]}