{"model": "lstm2_drop_bidi_128_05", "dataset": "h100_bayram_1_1", "congress": "100", "chamber": "House", "bayram_1_1": "style", "split": "train", "n": 4000, "TP": 1998, "FP": 3, "TN": 1997, "FN": 2, "precision": 0.9985007496251874, "recall": 0.999, "accuracy": 0.99875, "f1": 0.9987503124218946, "negative_accuracy": 0.9985, "balanced_accuracy": 0.99875, "AUC": 0.999778, "CI_95.0": [0.999359532731626, 1.0]}