{"model": "lstm2_drop_bidi_128_05", "dataset": "h114_bayram_1_1", "congress": "114", "chamber": "House", "bayram_1_1": "style", "split": "train", "n": 4000, "TP": 1978, "FP": 6, "TN": 1994, "FN": 22, "precision": 0.9969758064516129, "recall": 0.989, "accuracy": 0.993, "f1": 0.9929718875502007, "negative_accuracy": 0.997, "balanced_accuracy": 0.993, "AUC": 0.99984, "CI_95.0": [0.9997173732397329, 0.999962626760267]}