{"model": "transformer_e64_2_d3_10_l64", "dataset": "h100_max_balanced_0_1_1", "congress": "100", "chamber": "House", "style": "max_balanced_0_1_1", "split": "train", "n": 26218, "TP": 8865, "FP": 1229, "TN": 11880, "FN": 4244, "precision": 0.8782445016841688, "recall": 0.6762529559844381, "accuracy": 0.7912502860630102, "f1": 0.7641253286212989, "negative_accuracy": 0.9062476161415821, "balanced_accuracy": 0.7912502860630102, "AUC": 0.8952707164392261, "CI_95.0": [0.8915884510910588, 0.8989529817873934]}