{"model": "transformer_e64_2_d3_10_l64", "dataset": "h106_max_balanced_0_1_1", "congress": "106", "chamber": "House", "style": "max_balanced_0_1_1", "split": "train", "n": 27700, "TP": 13038, "FP": 2889, "TN": 10961, "FN": 812, "precision": 0.8186099077038991, "recall": 0.9413718411552346, "accuracy": 0.866389891696751, "f1": 0.8757094401719449, "negative_accuracy": 0.7914079422382672, "balanced_accuracy": 0.866389891696751, "AUC": 0.9565523100783275, "CI_95.0": [0.9544831058709397, 0.9586215142857154]}