{"model": "transformer_e64_2_d3_10_l64", "dataset": "h097_max_balanced_0_1_1", "congress": "097", "chamber": "House", "style": "max_balanced_0_1_1", "split": "train", "n": 23038, "TP": 10058, "FP": 3628, "TN": 7891, "FN": 1461, "precision": 0.7349115884845828, "recall": 0.8731660734438753, "accuracy": 0.7791040888966057, "f1": 0.7980956159492165, "negative_accuracy": 0.6850421043493359, "balanced_accuracy": 0.7791040888966057, "AUC": 0.8823015140078037, "CI_95.0": [0.878100635663583, 0.8865023923520243]}