{"model": "transformer_e64_2_d3_10_l64", "dataset": "h109_max_balanced_0_1_1", "congress": "109", "chamber": "House", "style": "max_balanced_0_1_1", "split": "train", "n": 25802, "TP": 10600, "FP": 1403, "TN": 11498, "FN": 2301, "precision": 0.8831125551945347, "recall": 0.8216417331989768, "accuracy": 0.8564452368033486, "f1": 0.8512688724702858, "negative_accuracy": 0.8912487404077203, "balanced_accuracy": 0.8564452368033486, "AUC": 0.9386837420874372, "CI_95.0": [0.935975980837296, 0.9413915033375784]}