{"model": "transformer_e64_2_d3_10_l64", "dataset": "h112_max_balanced_0_1_1", "congress": "112", "chamber": "House", "style": "max_balanced_0_1_1", "split": "train", "n": 26090, "TP": 11876, "FP": 1512, "TN": 11533, "FN": 1169, "precision": 0.8870630415297281, "recall": 0.9103871215024913, "accuracy": 0.8972403219624377, "f1": 0.8985737525063369, "negative_accuracy": 0.884093522422384, "balanced_accuracy": 0.8972403219624376, "AUC": 0.9672673549016062, "CI_95.0": [0.965460527409831, 0.9690741823933814]}