{"model": "transformer_e64_2_d3_10_l64", "dataset": "h114_max_balanced_0_1_1", "congress": "114", "chamber": "House", "style": "max_balanced_0_1_1", "split": "train", "n": 18990, "TP": 8266, "FP": 847, "TN": 8648, "FN": 1229, "precision": 0.907055854274114, "recall": 0.8705634544497104, "accuracy": 0.8906793048973144, "f1": 0.8884350816852966, "negative_accuracy": 0.9107951553449184, "balanced_accuracy": 0.8906793048973144, "AUC": 0.9638271965428438, "CI_95.0": [0.9616045072345734, 0.9660498858511142]}