{"model": "transformer_e64_2_d3_10_l64", "dataset": "h103_max_balanced_0_1_1", "congress": "103", "chamber": "House", "style": "max_balanced_0_1_1", "split": "train", "n": 28186, "TP": 13036, "FP": 1656, "TN": 12437, "FN": 1057, "precision": 0.8872855976041383, "recall": 0.92499822606968, "accuracy": 0.903746540835876, "f1": 0.9057495223206531, "negative_accuracy": 0.882494855602072, "balanced_accuracy": 0.903746540835876, "AUC": 0.9713037385650096, "CI_95.0": [0.9696949419997758, 0.9729125351302434]}