{"model": "svm_cv_c", "dataset": "h100_max_balanced_0", "congress": "100", "chamber": "House", "max_balanced_0": "style", "split": "train", "n": 26218, "TP": 13109, "FP": 13109, "TN": 0, "FN": 0, "precision": 0.5, "recall": 1.0, "accuracy": 0.5, "f1": 0.6666666666666666, "negative_accuracy": 0.0, "balanced_accuracy": 0.5, "AUC": 0.9986650392859867, "CI_95.0": [0.9982231398116539, 0.9991069387603195]}