{"model": "cnn2_avg_drop_128_7_l128_s1_d3_10_e200_glove_trainable", "dataset": "h106_max_balanced_0_1_1", "congress": "106", "chamber": "House", "style": "max_balanced_0_1_1", "split": "train", "n": 27700, "TP": 12569, "FP": 1416, "TN": 12434, "FN": 1281, "precision": 0.8987486592777977, "recall": 0.9075090252707582, "accuracy": 0.9026353790613718, "f1": 0.9031075983474044, "negative_accuracy": 0.8977617328519856, "balanced_accuracy": 0.9026353790613719, "AUC": 0.9689357087932855, "CI_95.0": [0.9672534603353264, 0.9706179572512446]}