{"model": "cnn2_avg_drop_128_7_l128_s1_d3_10_e200_glove_trainable", "dataset": "h100_max_balanced_0_1_1", "congress": "100", "chamber": "House", "style": "max_balanced_0_1_1", "split": "train", "n": 26218, "TP": 12656, "FP": 477, "TN": 12632, "FN": 453, "precision": 0.9636792812000304, "recall": 0.9654435883743993, "accuracy": 0.964528186741933, "f1": 0.9645606280009145, "negative_accuracy": 0.9636127851094668, "balanced_accuracy": 0.9645281867419331, "AUC": 0.995592443091493, "CI_95.0": [0.9951386779462824, 0.9960462082367035]}