{"model": "cnn2_avg_drop_128_7_l128_s1_d3_10_e200_glove_trainable", "dataset": "h109_max_balanced_0_1_1", "congress": "109", "chamber": "House", "style": "max_balanced_0_1_1", "split": "train", "n": 25802, "TP": 10607, "FP": 894, "TN": 12007, "FN": 2294, "precision": 0.9222676289018347, "recall": 0.8221843267963723, "accuracy": 0.8764436865359274, "f1": 0.8693549709040242, "negative_accuracy": 0.9307030462754825, "balanced_accuracy": 0.8764436865359274, "AUC": 0.9555825311887076, "CI_95.0": [0.9533700099513988, 0.9577950524260165]}