{"model": "cnn2_avg_drop_128_7_l128_s1_d3_10_e200_glove_trainable", "dataset": "h103_max_balanced_0_1_1", "congress": "103", "chamber": "House", "style": "max_balanced_0_1_1", "split": "train", "n": 28186, "TP": 13158, "FP": 1442, "TN": 12651, "FN": 935, "precision": 0.9012328767123288, "recall": 0.9336550060313631, "accuracy": 0.9156673525863904, "f1": 0.9171574948593734, "negative_accuracy": 0.8976796991414178, "balanced_accuracy": 0.9156673525863904, "AUC": 0.9780609869414711, "CI_95.0": [0.9767398822701763, 0.979382091612766]}