{"model": "cnn2_avg_drop_128_7_l128_s1_d3_10_e200_glove_trainable", "dataset": "h097_max_balanced_0_1_1", "congress": "097", "chamber": "House", "style": "max_balanced_0_1_1", "split": "train", "n": 23038, "TP": 10388, "FP": 365, "TN": 11154, "FN": 1131, "precision": 0.9660559843764531, "recall": 0.9018143936105565, "accuracy": 0.9350638076221894, "f1": 0.9328304597701149, "negative_accuracy": 0.9683132216338224, "balanced_accuracy": 0.9350638076221894, "AUC": 0.9879581936971373, "CI_95.0": [0.9869994328126954, 0.9889169545815792]}