{"model": "cnn2_avg_drop_128_7_l128_s1_d3_10_e200_glove_trainable", "dataset": "h114_max_balanced_0_1_1", "congress": "114", "chamber": "House", "style": "max_balanced_0_1_1", "split": "train", "n": 18990, "TP": 8922, "FP": 850, "TN": 8645, "FN": 573, "precision": 0.9130167826442898, "recall": 0.939652448657188, "accuracy": 0.9250658241179568, "f1": 0.9261431463123475, "negative_accuracy": 0.9104791995787257, "balanced_accuracy": 0.9250658241179568, "AUC": 0.984122055315275, "CI_95.0": [0.9828672223180436, 0.9853768883125064]}