{"model": "cnn2_avg_drop_128_7_l128_s1_d3_10_e200_glove_trainable", "dataset": "h112_max_balanced_0_1_1", "congress": "112", "chamber": "House", "style": "max_balanced_0_1_1", "split": "train", "n": 26090, "TP": 12187, "FP": 453, "TN": 12592, "FN": 858, "precision": 0.9641613924050633, "recall": 0.9342276734380989, "accuracy": 0.9497508623993868, "f1": 0.9489585361105703, "negative_accuracy": 0.9652740513606746, "balanced_accuracy": 0.9497508623993867, "AUC": 0.9922214241735678, "CI_95.0": [0.9915757636193887, 0.992867084727747]}