{"model": "cnn2_128_7_e128_s1_d4_50", "dataset": "h097_max_balanced_0_1_1", "congress": "097", "chamber": "House", "style": "max_balanced_0_1_1", "split": "train", "n": 23038, "TP": 10647, "FP": 424, "TN": 11095, "FN": 872, "precision": 0.9617017432932887, "recall": 0.9242989842868304, "accuracy": 0.943745116763608, "f1": 0.9426294820717132, "negative_accuracy": 0.9631912492403855, "balanced_accuracy": 0.943745116763608, "AUC": 0.9890727308986123, "CI_95.0": [0.9881435280079025, 0.990001933789322]}