{"model": "cnn2_128_7_e128_s1_d4_50", "dataset": "h100_max_balanced_0_1_1", "congress": "100", "chamber": "House", "style": "max_balanced_0_1_1", "split": "train", "n": 26218, "TP": 11947, "FP": 861, "TN": 12248, "FN": 1162, "precision": 0.9327763897564022, "recall": 0.9113586085895187, "accuracy": 0.9228392707300328, "f1": 0.9219431261334259, "negative_accuracy": 0.9343199328705469, "balanced_accuracy": 0.9228392707300328, "AUC": 0.9779672053937679, "CI_95.0": [0.9765329313840357, 0.9794014794035001]}