{"model": "cnn2_128_7_e128_s1_d4_50", "dataset": "h112_max_balanced_0_1_1", "congress": "112", "chamber": "House", "style": "max_balanced_0_1_1", "split": "train", "n": 26090, "TP": 11791, "FP": 1178, "TN": 11867, "FN": 1254, "precision": 0.909168016038245, "recall": 0.9038712150249137, "accuracy": 0.9067842085090073, "f1": 0.9065118782194204, "negative_accuracy": 0.9096972019931008, "balanced_accuracy": 0.9067842085090072, "AUC": 0.9689461619793265, "CI_95.0": [0.9671486662556852, 0.9707436577029678]}