{"model": "cnn2_128_7_e128_s1_d4_50", "dataset": "h109_max_balanced_0_1_1", "congress": "109", "chamber": "House", "style": "max_balanced_0_1_1", "split": "train", "n": 25802, "TP": 11094, "FP": 388, "TN": 12513, "FN": 1807, "precision": 0.9662079777042327, "recall": 0.8599333385008914, "accuracy": 0.9149290752654833, "f1": 0.9099782635442727, "negative_accuracy": 0.9699248120300752, "balanced_accuracy": 0.9149290752654833, "AUC": 0.980240876781072, "CI_95.0": [0.9788881575995184, 0.9815935959626255]}