{"model": "cnn2_128_7_e128_s1_d4_50", "dataset": "h106_max_balanced_0_1_1", "congress": "106", "chamber": "House", "style": "max_balanced_0_1_1", "split": "train", "n": 27700, "TP": 13017, "FP": 1710, "TN": 12140, "FN": 833, "precision": 0.8838867386433082, "recall": 0.93985559566787, "accuracy": 0.9081949458483755, "f1": 0.9110123525912448, "negative_accuracy": 0.8765342960288809, "balanced_accuracy": 0.9081949458483755, "AUC": 0.9747365611437657, "CI_95.0": [0.9732658408222219, 0.9762072814653096]}