{"model": "cnn2_128_7_e128_s1_d4_50", "dataset": "h114_max_balanced_0_1_1", "congress": "114", "chamber": "House", "style": "max_balanced_0_1_1", "split": "train", "n": 18990, "TP": 8664, "FP": 366, "TN": 9129, "FN": 831, "precision": 0.959468438538206, "recall": 0.912480252764613, "accuracy": 0.9369668246445497, "f1": 0.9353846153846154, "negative_accuracy": 0.9614533965244866, "balanced_accuracy": 0.9369668246445497, "AUC": 0.9872436117676191, "CI_95.0": [0.9860884576525347, 0.9883987658827035]}