{"model": "cnn2_128_7_e128_s1_d4_50", "dataset": "h103_max_balanced_0_1_1", "congress": "103", "chamber": "House", "style": "max_balanced_0_1_1", "split": "train", "n": 28186, "TP": 12966, "FP": 1898, "TN": 12195, "FN": 1127, "precision": 0.8723089343379978, "recall": 0.9200312211736323, "accuracy": 0.8926772156389697, "f1": 0.8955347584349208, "negative_accuracy": 0.8653232101043071, "balanced_accuracy": 0.8926772156389697, "AUC": 0.9621378419860862, "CI_95.0": [0.9601968959634983, 0.9640787880086741]}