{"model": "cnn2_256_7_e128_s1_d95", "dataset": "h112_bayram_1_1", "congress": "112", "chamber": "House", "style": "bayram_1_1", "split": "train", "n": 4000, "TP": 1990, "FP": 6, "TN": 1994, "FN": 10, "precision": 0.996993987975952, "recall": 0.995, "accuracy": 0.996, "f1": 0.995995995995996, "negative_accuracy": 0.997, "balanced_accuracy": 0.996, "AUC": 0.9995650000000001, "CI_95.0": [0.9991613611033343, 0.999968638896666]}