{"model": "cnn2_256_7_e128_s1_d95", "dataset": "h100_bayram_1_1", "congress": "100", "chamber": "House", "style": "bayram_1_1", "split": "train", "n": 4000, "TP": 1257, "FP": 706, "TN": 1294, "FN": 743, "precision": 0.6403464085583291, "recall": 0.6285, "accuracy": 0.63775, "f1": 0.6343679031037093, "negative_accuracy": 0.647, "balanced_accuracy": 0.63775, "AUC": 0.6759432500000001, "CI_95.0": [0.6593764435086885, 0.6925100564913117]}