{"model": "cnn2_256_7_e128_s1_d95", "dataset": "h106_bayram_1_1", "congress": "106", "chamber": "House", "style": "bayram_1_1", "split": "train", "n": 4000, "TP": 1985, "FP": 21, "TN": 1979, "FN": 15, "precision": 0.9895314057826521, "recall": 0.9925, "accuracy": 0.991, "f1": 0.9910134797803296, "negative_accuracy": 0.9895, "balanced_accuracy": 0.9910000000000001, "AUC": 0.99910625, "CI_95.0": [0.9984743532874146, 0.9997381467125853]}