{"model": "cnn2_256_7_e128_s1_d95", "dataset": "h114_bayram_1_1", "congress": "114", "chamber": "House", "style": "bayram_1_1", "split": "train", "n": 4000, "TP": 1996, "FP": 3, "TN": 1997, "FN": 4, "precision": 0.9984992496248124, "recall": 0.998, "accuracy": 0.99825, "f1": 0.9982495623905977, "negative_accuracy": 0.9985, "balanced_accuracy": 0.9982500000000001, "AUC": 0.9999872499999999, "CI_95.0": [0.9999724213396669, 1.0]}