{"model": "cnn2_256_7_e128_s1_d95", "dataset": "h103_bayram_1_1", "congress": "103", "chamber": "House", "style": "bayram_1_1", "split": "train", "n": 4000, "TP": 1705, "FP": 233, "TN": 1767, "FN": 295, "precision": 0.8797729618163055, "recall": 0.8525, "accuracy": 0.868, "f1": 0.8659217877094972, "negative_accuracy": 0.8835, "balanced_accuracy": 0.868, "AUC": 0.9235632500000001, "CI_95.0": [0.9149033711895269, 0.9322231288104732]}