{"model": "nn20d_tfidf", "dataset": "h097_bayram", "congress": "097", "chamber": "House", "bayram": "style", "split": "train", "n": 4000, "TP": 1697, "FP": 226, "TN": 1774, "FN": 303, "precision": 0.8824752990119604, "recall": 0.8485, "accuracy": 0.86775, "f1": 0.8651542187101708, "negative_accuracy": 0.887, "balanced_accuracy": 0.86775, "AUC": 0.9442141249999999, "CI_95.0": [0.9377203642915515, 0.9507078857084483]}