{"model": "nn20d_tfidf", "dataset": "h106_bayram", "congress": "106", "chamber": "House", "bayram": "style", "split": "train", "n": 4000, "TP": 1682, "FP": 256, "TN": 1744, "FN": 318, "precision": 0.8679050567595459, "recall": 0.841, "accuracy": 0.8565, "f1": 0.8542407313357033, "negative_accuracy": 0.872, "balanced_accuracy": 0.8565, "AUC": 0.9306959999999999, "CI_95.0": [0.9232018223250713, 0.9381901776749284]}