{"model": "nn20d_tfidf", "dataset": "h114_bayram", "congress": "114", "chamber": "House", "bayram": "style", "split": "train", "n": 4000, "TP": 1812, "FP": 266, "TN": 1734, "FN": 188, "precision": 0.8719923002887392, "recall": 0.906, "accuracy": 0.8865, "f1": 0.8886709171162335, "negative_accuracy": 0.867, "balanced_accuracy": 0.8865000000000001, "AUC": 0.95598525, "CI_95.0": [0.950266566687856, 0.961703933312144]}