{"model": "nn20d_tfidf", "dataset": "h103_bayram", "congress": "103", "chamber": "House", "bayram": "style", "split": "train", "n": 4000, "TP": 1688, "FP": 515, "TN": 1485, "FN": 312, "precision": 0.7662278710848842, "recall": 0.844, "accuracy": 0.79325, "f1": 0.8032357839638353, "negative_accuracy": 0.7425, "balanced_accuracy": 0.79325, "AUC": 0.8811765000000001, "CI_95.0": [0.8709616625799684, 0.8913913374200318]}