{"model": "logistic", "dataset": "h114_3gram_bayram", "split": "train", "n": 4000, "TP": 1940, "FP": 36, "TN": 1964, "FN": 60, "precision": 0.9817813765182186, "recall": 0.97, "accuracy": 0.976, "f1": 0.9758551307847082, "negative_accuracy": 0.982, "balanced_accuracy": 0.976, "AUC": 0.9974345000000001, "CI_95.0": [0.9965481487549335, 0.9983208512450668]}