{"model": "logistic", "dataset": "h109_max_balanced_0", "split": "train", "n": 25802, "TP": 10764, "FP": 1759, "TN": 11142, "FN": 2137, "precision": 0.8595384492533737, "recall": 0.834353926052244, "accuracy": 0.8490039531819239, "f1": 0.8467589679043424, "negative_accuracy": 0.8636539803116038, "balanced_accuracy": 0.8490039531819239, "AUC": 0.9306701627253862, "CI_95.0": [0.9277612411174765, 0.9335790843332958]}