{"model": "logistic", "dataset": "h097_3gram_bayram", "split": "train", "n": 4000, "TP": 1878, "FP": 41, "TN": 1959, "FN": 122, "precision": 0.9786347055758208, "recall": 0.939, "accuracy": 0.95925, "f1": 0.958407757080888, "negative_accuracy": 0.9795, "balanced_accuracy": 0.9592499999999999, "AUC": 0.99474725, "CI_95.0": [0.9933926455206553, 0.9961018544793446]}