{"model": "logistic", "dataset": "h100_3gram_bayram", "split": "train", "n": 4000, "TP": 1769, "FP": 308, "TN": 1692, "FN": 231, "precision": 0.8517091959557054, "recall": 0.8845, "accuracy": 0.86525, "f1": 0.8677949472651458, "negative_accuracy": 0.846, "balanced_accuracy": 0.86525, "AUC": 0.9463858749999999, "CI_95.0": [0.9401292596013391, 0.9526424903986608]}