{"model": "logistic", "dataset": "h112_2gram_bayram", "split": "train", "n": 4000, "TP": 1846, "FP": 143, "TN": 1857, "FN": 154, "precision": 0.9281045751633987, "recall": 0.923, "accuracy": 0.92575, "f1": 0.9255452494359488, "negative_accuracy": 0.9285, "balanced_accuracy": 0.9257500000000001, "AUC": 0.980215, "CI_95.0": [0.9768901212427247, 0.9835398787572752]}