{"model": "models.logistic", "dataset": "h097", "split": "train", "n": 4000, "TP": 1763, "FP": 201, "TN": 1799, "FN": 237, "precision": 0.8976578411405295, "recall": 0.8815, "accuracy": 0.8905, "f1": 0.8895055499495459, "negative_accuracy": 0.8995, "balanced_accuracy": 0.8905, "AUC": 0.9620412500000001, "CI_95.0": [0.957090164823125, 0.9669923351768751]}