{"model": "logistic", "dataset": "h103_3gram_bayram", "split": "train", "n": 4000, "TP": 1836, "FP": 268, "TN": 1732, "FN": 164, "precision": 0.8726235741444867, "recall": 0.918, "accuracy": 0.892, "f1": 0.8947368421052632, "negative_accuracy": 0.866, "balanced_accuracy": 0.892, "AUC": 0.9618705, "CI_95.0": [0.9567562117416292, 0.9669847882583708]}