{"model": "lstm2_drop_bidi_128_05_l32", "dataset": "h112_bayram_1_1", "congress": "112", "chamber": "House", "style": "bayram_1_1", "split": "train", "n": 4000, "TP": 1968, "FP": 5, "TN": 1995, "FN": 32, "precision": 0.9974657881398885, "recall": 0.984, "accuracy": 0.99075, "f1": 0.9906871381827335, "negative_accuracy": 0.9975, "balanced_accuracy": 0.99075, "AUC": 0.99784475, "CI_95.0": [0.9963946195407943, 0.9992948804592056]}