{"model": "lstm2_drop_bidi_128_05_l32", "dataset": "h114_bayram_1_1", "congress": "114", "chamber": "House", "style": "bayram_1_1", "split": "train", "n": 4000, "TP": 1880, "FP": 89, "TN": 1911, "FN": 120, "precision": 0.9547993905535805, "recall": 0.94, "accuracy": 0.94775, "f1": 0.9473418997228521, "negative_accuracy": 0.9555, "balanced_accuracy": 0.94775, "AUC": 0.9854247499999998, "CI_95.0": [0.9822300574810953, 0.9886194425189044]}