{"model": "lstm2_drop_bidi_128_05_l32", "dataset": "h097_bayram_1_1", "congress": "097", "chamber": "House", "style": "bayram_1_1", "split": "train", "n": 4000, "TP": 1945, "FP": 29, "TN": 1971, "FN": 55, "precision": 0.9853090172239108, "recall": 0.9725, "accuracy": 0.979, "f1": 0.9788626069451435, "negative_accuracy": 0.9855, "balanced_accuracy": 0.9790000000000001, "AUC": 0.9963164999999999, "CI_95.0": [0.9946438102525117, 0.9979891897474882]}