{"model": "lstm2_drop_bidi_128_05_l32", "dataset": "h103_bayram_1_1", "congress": "103", "chamber": "House", "style": "bayram_1_1", "split": "train", "n": 4000, "TP": 1976, "FP": 13, "TN": 1987, "FN": 24, "precision": 0.9934640522875817, "recall": 0.988, "accuracy": 0.99075, "f1": 0.9907244923539734, "negative_accuracy": 0.9935, "balanced_accuracy": 0.99075, "AUC": 0.9971132500000001, "CI_95.0": [0.9953470118493463, 0.9988794881506539]}