{"model": "lstm2_drop_bidi_128_05_l32", "dataset": "h100_bayram_1_1", "congress": "100", "chamber": "House", "style": "bayram_1_1", "split": "train", "n": 4000, "TP": 1954, "FP": 34, "TN": 1966, "FN": 46, "precision": 0.9828973843058351, "recall": 0.977, "accuracy": 0.98, "f1": 0.9799398194583752, "negative_accuracy": 0.983, "balanced_accuracy": 0.98, "AUC": 0.9959405, "CI_95.0": [0.9942140474298715, 0.9976669525701285]}