{"model": "lstm2_drop_bidi_128_05_l32", "dataset": "h106_bayram_1_1", "congress": "106", "chamber": "House", "style": "bayram_1_1", "split": "train", "n": 4000, "TP": 1667, "FP": 258, "TN": 1742, "FN": 333, "precision": 0.865974025974026, "recall": 0.8335, "accuracy": 0.85225, "f1": 0.8494267515923567, "negative_accuracy": 0.871, "balanced_accuracy": 0.85225, "AUC": 0.9213240000000001, "CI_95.0": [0.913079995171601, 0.9295680048283993]}