{"model": "lstm2_bidi_128", "dataset": "h112_bayram_1_1", "congress": "112", "chamber": "House", "bayram_1_1": "style", "split": "train", "n": 4000, "TP": 1932, "FP": 721, "TN": 1279, "FN": 68, "precision": 0.7282321899736148, "recall": 0.966, "accuracy": 0.80275, "f1": 0.8304319793681497, "negative_accuracy": 0.6395, "balanced_accuracy": 0.80275, "AUC": 0.94133375, "CI_95.0": [0.9345640853035329, 0.9481034146964671]}