{"model": "lstm2_bidi_128", "dataset": "h097_bayram_1_1", "congress": "097", "chamber": "House", "bayram_1_1": "style", "split": "train", "n": 4000, "TP": 1921, "FP": 5, "TN": 1995, "FN": 79, "precision": 0.9974039460020768, "recall": 0.9605, "accuracy": 0.979, "f1": 0.978604177279674, "negative_accuracy": 0.9975, "balanced_accuracy": 0.9790000000000001, "AUC": 0.9986375000000002, "CI_95.0": [0.9977947980470235, 0.9994802019529768]}