{"model": "lstm2_bidi_128", "dataset": "h106_bayram_1_1", "congress": "106", "chamber": "House", "bayram_1_1": "style", "split": "train", "n": 4000, "TP": 1875, "FP": 75, "TN": 1925, "FN": 125, "precision": 0.9615384615384616, "recall": 0.9375, "accuracy": 0.95, "f1": 0.9493670886075949, "negative_accuracy": 0.9625, "balanced_accuracy": 0.95, "AUC": 0.9873922500000002, "CI_95.0": [0.9846200544675395, 0.9901644455324609]}