{"model": "lstm2_bidi_128", "dataset": "h114_bayram_1_1", "congress": "114", "chamber": "House", "bayram_1_1": "style", "split": "train", "n": 4000, "TP": 1935, "FP": 191, "TN": 1809, "FN": 65, "precision": 0.9101599247412983, "recall": 0.9675, "accuracy": 0.936, "f1": 0.937954435288415, "negative_accuracy": 0.9045, "balanced_accuracy": 0.9359999999999999, "AUC": 0.9882070000000002, "CI_95.0": [0.985319143452499, 0.9910948565475013]}