{"model": "lstm2_bidi_128", "dataset": "h100_bayram_1_1", "congress": "100", "chamber": "House", "bayram_1_1": "style", "split": "train", "n": 4000, "TP": 1788, "FP": 1378, "TN": 622, "FN": 212, "precision": 0.5647504737839545, "recall": 0.894, "accuracy": 0.6025, "f1": 0.6922183507549362, "negative_accuracy": 0.311, "balanced_accuracy": 0.6025, "AUC": 0.731442625, "CI_95.0": [0.7160344261273734, 0.7468508238726266]}