{"model": "lstm2_bidi_128", "dataset": "h103_bayram_1_1", "congress": "103", "chamber": "House", "bayram_1_1": "style", "split": "train", "n": 4000, "TP": 1749, "FP": 161, "TN": 1839, "FN": 251, "precision": 0.9157068062827225, "recall": 0.8745, "accuracy": 0.897, "f1": 0.8946291560102302, "negative_accuracy": 0.9195, "balanced_accuracy": 0.897, "AUC": 0.962154125, "CI_95.0": [0.9567734172042736, 0.9675348327957264]}