{"model": "lstm2_bidi_128", "dataset": "h109_bayram_1_1", "congress": "109", "chamber": "House", "bayram_1_1": "style", "split": "train", "n": 4000, "TP": 1805, "FP": 29, "TN": 1971, "FN": 195, "precision": 0.9841875681570338, "recall": 0.9025, "accuracy": 0.944, "f1": 0.9415753781950965, "negative_accuracy": 0.9855, "balanced_accuracy": 0.944, "AUC": 0.9891365000000002, "CI_95.0": [0.9863044690023693, 0.991968530997631]}