{"model": "nn20d", "dataset": "h097_2gram_max_balanced_0", "congress": "097", "chamber": "House", "2gram_max_balanced_0": "style", "split": "train", "n": 23038, "TP": 9413, "FP": 1687, "TN": 9832, "FN": 2106, "precision": 0.848018018018018, "recall": 0.8171716294817258, "accuracy": 0.8353589721329977, "f1": 0.8323091206507803, "negative_accuracy": 0.8535463147842695, "balanced_accuracy": 0.8353589721329977, "AUC": 0.9119369176390508, "CI_95.0": [0.9082812023756646, 0.9155926329024371]}