{"model": "nn20d", "dataset": "h114_bayram_3_7", "congress": "114", "chamber": "House", "bayram_3_7": "style", "split": "train", "n": 4000, "TP": 1920, "FP": 59, "TN": 1941, "FN": 80, "precision": 0.9701869631126832, "recall": 0.96, "accuracy": 0.96525, "f1": 0.9650665996481528, "negative_accuracy": 0.9705, "balanced_accuracy": 0.9652499999999999, "AUC": 0.9924395, "CI_95.0": [0.9902106028874513, 0.9946683971125487]}