{"model": "nn20d", "dataset": "h100_3gram_max_balanced_0", "congress": "100", "chamber": "House", "3gram_max_balanced_0": "style", "split": "train", "n": 26218, "TP": 11049, "FP": 2107, "TN": 11002, "FN": 2060, "precision": 0.8398449376710246, "recall": 0.8428560530932947, "accuracy": 0.8410633915630483, "f1": 0.8413478012564248, "negative_accuracy": 0.8392707300328018, "balanced_accuracy": 0.8410633915630483, "AUC": 0.9196543122264306, "CI_95.0": [0.9164315549533981, 0.922877069499463]}