{"model": "nn20d", "dataset": "h114_bayram", "congress": "114", "chamber": "House", "bayram": "style", "split": "train", "n": 4000, "TP": 1692, "FP": 118, "TN": 1882, "FN": 308, "precision": 0.9348066298342541, "recall": 0.846, "accuracy": 0.8935, "f1": 0.8881889763779527, "negative_accuracy": 0.941, "balanced_accuracy": 0.8935, "AUC": 0.9619615, "CI_95.0": [0.956633735597906, 0.9672892644020941]}