{"model": "nn20d", "dataset": "h100_bayram_1_1", "congress": "100", "chamber": "House", "bayram_1_1": "style", "split": "train", "n": 4000, "TP": 1968, "FP": 73, "TN": 1927, "FN": 32, "precision": 0.964233219010289, "recall": 0.984, "accuracy": 0.97375, "f1": 0.9740163325909428, "negative_accuracy": 0.9635, "balanced_accuracy": 0.97375, "AUC": 0.9972472499999999, "CI_95.0": [0.996384055572046, 0.9981104444279538]}