{"model": "nn20d", "dataset": "h103_3gram_max_balanced_0", "congress": "103", "chamber": "House", "3gram_max_balanced_0": "style", "split": "train", "n": 28186, "TP": 12425, "FP": 1700, "TN": 12393, "FN": 1668, "precision": 0.879646017699115, "recall": 0.8816433690484637, "accuracy": 0.8805080536436529, "f1": 0.8806435608476859, "negative_accuracy": 0.879372738238842, "balanced_accuracy": 0.8805080536436529, "AUC": 0.9495777104307188, "CI_95.0": [0.9472002667593904, 0.9519551541020472]}