{"model": "nn20d", "dataset": "h103_bayram_3_7", "congress": "103", "chamber": "House", "bayram_3_7": "style", "split": "train", "n": 4000, "TP": 1702, "FP": 229, "TN": 1771, "FN": 298, "precision": 0.8814085965820818, "recall": 0.851, "accuracy": 0.86825, "f1": 0.8659374205036886, "negative_accuracy": 0.8855, "balanced_accuracy": 0.86825, "AUC": 0.9430656249999999, "CI_95.0": [0.9364947541358775, 0.9496364958641224]}