{"model": "nn20d", "dataset": "h103_bayram_1_1", "congress": "103", "chamber": "House", "bayram_1_1": "style", "split": "train", "n": 4000, "TP": 1898, "FP": 150, "TN": 1850, "FN": 102, "precision": 0.9267578125, "recall": 0.949, "accuracy": 0.937, "f1": 0.9377470355731226, "negative_accuracy": 0.925, "balanced_accuracy": 0.937, "AUC": 0.98672075, "CI_95.0": [0.9842058268293287, 0.9892356731706714]}