{"model": "nn20d", "dataset": "h109_2gram_max_balanced_0", "congress": "109", "chamber": "House", "2gram_max_balanced_0": "style", "split": "train", "n": 25802, "TP": 11573, "FP": 1028, "TN": 11873, "FN": 1328, "precision": 0.9184191730815014, "recall": 0.8970622432369584, "accuracy": 0.9086892488954345, "f1": 0.9076150890126266, "negative_accuracy": 0.9203162545539105, "balanced_accuracy": 0.9086892488954345, "AUC": 0.9685470705909001, "CI_95.0": [0.9667091673281427, 0.9703849738536574]}