{"model": "nn20d", "dataset": "h112_bayram", "congress": "112", "chamber": "House", "bayram": "style", "split": "train", "n": 4000, "TP": 1609, "FP": 155, "TN": 1845, "FN": 391, "precision": 0.9121315192743764, "recall": 0.8045, "accuracy": 0.8635, "f1": 0.8549415515409139, "negative_accuracy": 0.9225, "balanced_accuracy": 0.8634999999999999, "AUC": 0.9499505, "CI_95.0": [0.9438725250079175, 0.9560284749920825]}