{"model": "nn20d", "dataset": "h106_bayram", "congress": "106", "chamber": "House", "bayram": "style", "split": "train", "n": 4000, "TP": 1729, "FP": 273, "TN": 1727, "FN": 271, "precision": 0.8636363636363636, "recall": 0.8645, "accuracy": 0.864, "f1": 0.8640679660169915, "negative_accuracy": 0.8635, "balanced_accuracy": 0.8640000000000001, "AUC": 0.9369836250000002, "CI_95.0": [0.9299114832930503, 0.9440557667069501]}