{"model": "nn20d", "dataset": "h112_bayram_1_1", "congress": "112", "chamber": "House", "bayram_1_1": "style", "split": "train", "n": 4000, "TP": 1817, "FP": 120, "TN": 1880, "FN": 183, "precision": 0.9380485286525555, "recall": 0.9085, "accuracy": 0.92425, "f1": 0.9230378460756922, "negative_accuracy": 0.94, "balanced_accuracy": 0.92425, "AUC": 0.9787562499999999, "CI_95.0": [0.9751745794097898, 0.98233792059021]}