{"model": "nn20d", "dataset": "h109_bayram", "congress": "109", "chamber": "House", "bayram": "style", "split": "train", "n": 4000, "TP": 1657, "FP": 329, "TN": 1671, "FN": 343, "precision": 0.8343403826787512, "recall": 0.8285, "accuracy": 0.832, "f1": 0.8314099347717009, "negative_accuracy": 0.8355, "balanced_accuracy": 0.8320000000000001, "AUC": 0.9152637500000002, "CI_95.0": [0.9068637034492602, 0.9236637965507402]}