{"model": "nn20d", "dataset": "h114_3gram_max_balanced_0", "congress": "114", "chamber": "House", "3gram_max_balanced_0": "style", "split": "train", "n": 18990, "TP": 8337, "FP": 1010, "TN": 8485, "FN": 1158, "precision": 0.8919439392318391, "recall": 0.8780410742496051, "accuracy": 0.8858346498156925, "f1": 0.8849379046810318, "negative_accuracy": 0.8936282253817799, "balanced_accuracy": 0.8858346498156925, "AUC": 0.9576524159357729, "CI_95.0": [0.9551405041683654, 0.9601643277031804]}