{"model": "nn20d", "dataset": "h106_bayram_3_7", "congress": "106", "chamber": "House", "bayram_3_7": "style", "split": "train", "n": 4000, "TP": 1717, "FP": 248, "TN": 1752, "FN": 283, "precision": 0.8737913486005089, "recall": 0.8585, "accuracy": 0.86725, "f1": 0.866078184110971, "negative_accuracy": 0.876, "balanced_accuracy": 0.8672500000000001, "AUC": 0.9417665000000001, "CI_95.0": [0.9350839395085044, 0.9484490604914957]}