{"model": "nn20d", "dataset": "h109_bayram_1_1", "congress": "109", "chamber": "House", "bayram_1_1": "style", "split": "train", "n": 4000, "TP": 1841, "FP": 162, "TN": 1838, "FN": 159, "precision": 0.9191213180229656, "recall": 0.9205, "accuracy": 0.91975, "f1": 0.9198101423932051, "negative_accuracy": 0.919, "balanced_accuracy": 0.9197500000000001, "AUC": 0.9765145000000001, "CI_95.0": [0.9727472438577877, 0.9802817561422125]}