{"model": "nn20d", "dataset": "h109_3gram_max_balanced_0", "congress": "109", "chamber": "House", "3gram_max_balanced_0": "style", "split": "train", "n": 25802, "TP": 11801, "FP": 923, "TN": 11978, "FN": 1100, "precision": 0.9274599182646966, "recall": 0.9147352918378421, "accuracy": 0.921595225176343, "f1": 0.9210536585365854, "negative_accuracy": 0.9284551585148438, "balanced_accuracy": 0.921595225176343, "AUC": 0.9752594395240723, "CI_95.0": [0.9736665439830592, 0.9768523350650855]}