{"model": "nn20d", "dataset": "h100_2gram_max_balanced_0", "congress": "100", "chamber": "House", "2gram_max_balanced_0": "style", "split": "train", "n": 26218, "TP": 11102, "FP": 2217, "TN": 10892, "FN": 2007, "precision": 0.8335460620166679, "recall": 0.8468990769700206, "accuracy": 0.8388893126859409, "f1": 0.8401695171787499, "negative_accuracy": 0.8308795484018613, "balanced_accuracy": 0.8388893126859409, "AUC": 0.9182433299055913, "CI_95.0": [0.9149908826694314, 0.9214957771417512]}