{"model": "nn20d", "dataset": "h112_bayram_3_7", "congress": "112", "chamber": "House", "bayram_3_7": "style", "split": "train", "n": 4000, "TP": 1800, "FP": 138, "TN": 1862, "FN": 200, "precision": 0.9287925696594427, "recall": 0.9, "accuracy": 0.9155, "f1": 0.9141696292534282, "negative_accuracy": 0.931, "balanced_accuracy": 0.9155, "AUC": 0.97454425, "CI_95.0": [0.9705478076756772, 0.9785406923243228]}