{"model": "nn20d", "dataset": "h097_bayram_3_7", "congress": "097", "chamber": "House", "bayram_3_7": "style", "split": "train", "n": 4000, "TP": 1876, "FP": 256, "TN": 1744, "FN": 124, "precision": 0.8799249530956847, "recall": 0.938, "accuracy": 0.905, "f1": 0.9080348499515972, "negative_accuracy": 0.872, "balanced_accuracy": 0.905, "AUC": 0.96960575, "CI_95.0": [0.9652401508329335, 0.9739713491670666]}