{"model": "nn20d", "dataset": "h103_2gram_max_balanced_0", "congress": "103", "chamber": "House", "2gram_max_balanced_0": "style", "split": "train", "n": 28186, "TP": 12451, "FP": 2496, "TN": 11597, "FN": 1642, "precision": 0.833009968555563, "recall": 0.8834882565812815, "accuracy": 0.8531895267153906, "f1": 0.8575068870523417, "negative_accuracy": 0.8228907968494997, "balanced_accuracy": 0.8531895267153906, "AUC": 0.9314172381840595, "CI_95.0": [0.9285994770278463, 0.9342349993402728]}