{"model": "nn20d", "dataset": "h106_2gram_max_balanced_0", "congress": "106", "chamber": "House", "2gram_max_balanced_0": "style", "split": "train", "n": 27700, "TP": 12028, "FP": 1807, "TN": 12043, "FN": 1822, "precision": 0.8693892302132273, "recall": 0.8684476534296028, "accuracy": 0.8689891696750902, "f1": 0.8689181867437241, "negative_accuracy": 0.8695306859205776, "balanced_accuracy": 0.8689891696750902, "AUC": 0.9431166182277886, "CI_95.0": [0.9405928902049355, 0.9456403462506416]}