{"model": "nn20d", "dataset": "h109_bayram_3_7", "congress": "109", "chamber": "House", "bayram_3_7": "style", "split": "train", "n": 4000, "TP": 1862, "FP": 55, "TN": 1945, "FN": 138, "precision": 0.9713093375065206, "recall": 0.931, "accuracy": 0.95175, "f1": 0.9507275976512637, "negative_accuracy": 0.9725, "balanced_accuracy": 0.9517500000000001, "AUC": 0.991016, "CI_95.0": [0.9889429792857782, 0.9930890207142218]}