{"model": "nn20d", "dataset": "h097_3gram_max_balanced_0", "congress": "097", "chamber": "House", "3gram_max_balanced_0": "style", "split": "train", "n": 23038, "TP": 9542, "FP": 2314, "TN": 9205, "FN": 1977, "precision": 0.8048245614035088, "recall": 0.8283705182741558, "accuracy": 0.8137425123708655, "f1": 0.816427807486631, "negative_accuracy": 0.7991145064675753, "balanced_accuracy": 0.8137425123708655, "AUC": 0.8939889195625799, "CI_95.0": [0.8899338426068375, 0.8980439965183222]}