{"model": "nn20d", "dataset": "h103_bayram", "congress": "103", "chamber": "House", "bayram": "style", "split": "train", "n": 4000, "TP": 1687, "FP": 440, "TN": 1560, "FN": 313, "precision": 0.7931358721203573, "recall": 0.8435, "accuracy": 0.81175, "f1": 0.8175430094499636, "negative_accuracy": 0.78, "balanced_accuracy": 0.81175, "AUC": 0.8917111250000002, "CI_95.0": [0.8820056822794858, 0.9014165677205145]}