{"model": "nn20d", "dataset": "h100_bayram_3_7", "congress": "100", "chamber": "House", "bayram_3_7": "style", "split": "train", "n": 4000, "TP": 1829, "FP": 209, "TN": 1791, "FN": 171, "precision": 0.8974484789008832, "recall": 0.9145, "accuracy": 0.905, "f1": 0.9058940069341258, "negative_accuracy": 0.8955, "balanced_accuracy": 0.905, "AUC": 0.9681095000000001, "CI_95.0": [0.9635466482287484, 0.9726723517712518]}