{"model": "nn20d", "dataset": "h097_bayram_1_1", "congress": "097", "chamber": "House", "bayram_1_1": "style", "split": "train", "n": 4000, "TP": 1841, "FP": 165, "TN": 1835, "FN": 159, "precision": 0.9177467597208375, "recall": 0.9205, "accuracy": 0.919, "f1": 0.9191213180229655, "negative_accuracy": 0.9175, "balanced_accuracy": 0.919, "AUC": 0.9780201250000001, "CI_95.0": [0.97448341964612, 0.9815568303538803]}