{"model": "nn20d", "dataset": "h097_bayram", "congress": "097", "chamber": "House", "bayram": "style", "split": "train", "n": 4000, "TP": 1650, "FP": 295, "TN": 1705, "FN": 350, "precision": 0.8483290488431876, "recall": 0.825, "accuracy": 0.83875, "f1": 0.8365019011406843, "negative_accuracy": 0.8525, "balanced_accuracy": 0.83875, "AUC": 0.9234146249999998, "CI_95.0": [0.9155810043746102, 0.9312482456253894]}