{"model": "nn20d", "dataset": "h097_max_balanced_0", "congress": "097", "chamber": "House", "max_balanced_0": "style", "split": "train", "n": 23038, "TP": 8144, "FP": 2880, "TN": 8639, "FN": 3375, "precision": 0.7387518142235123, "recall": 0.7070058164771248, "accuracy": 0.7284920566021356, "f1": 0.7225302754735395, "negative_accuracy": 0.7499782967271464, "balanced_accuracy": 0.7284920566021356, "AUC": 0.8085634320513768, "CI_95.0": [0.8030804615475952, 0.8140464025551585]}