{"model": "nn20d", "dataset": "h114_bayram_1_1", "congress": "114", "chamber": "House", "bayram_1_1": "style", "split": "train", "n": 4000, "TP": 1937, "FP": 50, "TN": 1950, "FN": 63, "precision": 0.9748364368394564, "recall": 0.9685, "accuracy": 0.97175, "f1": 0.9716578881364434, "negative_accuracy": 0.975, "balanced_accuracy": 0.97175, "AUC": 0.99444125, "CI_95.0": [0.9925970904387909, 0.9962854095612093]}