{"model": "nn20d", "dataset": "h112_2gram_max_balanced_0", "congress": "112", "chamber": "House", "2gram_max_balanced_0": "style", "split": "train", "n": 26090, "TP": 11540, "FP": 1570, "TN": 11475, "FN": 1505, "precision": 0.8802440884820748, "recall": 0.8846301264852434, "accuracy": 0.8821387504791107, "f1": 0.8824316574268782, "negative_accuracy": 0.8796473744729781, "balanced_accuracy": 0.8821387504791107, "AUC": 0.9556026820507071, "CI_95.0": [0.9534200752123312, 0.957785288889083]}