{"model": "nn20d", "dataset": "h103_max_balanced_0", "congress": "103", "chamber": "House", "max_balanced_0": "style", "split": "train", "n": 28186, "TP": 10846, "FP": 2939, "TN": 11154, "FN": 3247, "precision": 0.7867972433804861, "recall": 0.7696019300361882, "accuracy": 0.780529340807493, "f1": 0.7781045986082216, "negative_accuracy": 0.791456751578798, "balanced_accuracy": 0.7805293408074931, "AUC": 0.8656944200970806, "CI_95.0": [0.8615939484638239, 0.8697948917303374]}