{"model": "nn20d", "dataset": "h100_bayram", "congress": "100", "chamber": "House", "bayram": "style", "split": "train", "n": 4000, "TP": 1643, "FP": 249, "TN": 1751, "FN": 357, "precision": 0.8683932346723044, "recall": 0.8215, "accuracy": 0.8485, "f1": 0.8442959917780063, "negative_accuracy": 0.8755, "balanced_accuracy": 0.8485, "AUC": 0.927085, "CI_95.0": [0.9192936126546257, 0.9348763873453744]}