{"model": "nn20d", "dataset": "h106_3gram_max_balanced_0", "congress": "106", "chamber": "House", "3gram_max_balanced_0": "style", "split": "train", "n": 27700, "TP": 11963, "FP": 1594, "TN": 12256, "FN": 1887, "precision": 0.8824223648299772, "recall": 0.8637545126353791, "accuracy": 0.8743321299638989, "f1": 0.8729886525340241, "negative_accuracy": 0.8849097472924188, "balanced_accuracy": 0.8743321299638989, "AUC": 0.9475763792047334, "CI_95.0": [0.9451672243176221, 0.9499855340918446]}