{"model": "nn20d", "dataset": "h114_2gram_max_balanced_0", "congress": "114", "chamber": "House", "2gram_max_balanced_0": "style", "split": "train", "n": 18990, "TP": 8411, "FP": 972, "TN": 8523, "FN": 1084, "precision": 0.8964083981668975, "recall": 0.8858346498156925, "accuracy": 0.8917324907846235, "f1": 0.8910901578557049, "negative_accuracy": 0.8976303317535546, "balanced_accuracy": 0.8917324907846236, "AUC": 0.9617539565875557, "CI_95.0": [0.9594057703448294, 0.964102142830282]}