{"model": "nn20d", "dataset": "h106_max_balanced_0", "congress": "106", "chamber": "House", "max_balanced_0": "style", "split": "train", "n": 27700, "TP": 9964, "FP": 2344, "TN": 11506, "FN": 3886, "precision": 0.8095547611309717, "recall": 0.7194223826714802, "accuracy": 0.7750902527075813, "f1": 0.7618319443382522, "negative_accuracy": 0.8307581227436823, "balanced_accuracy": 0.7750902527075813, "AUC": 0.869306413481213, "CI_95.0": [0.8652473641659816, 0.8733654627964443]}