{"model": "nn20d", "dataset": "h106_bayram_1_1", "congress": "106", "chamber": "House", "bayram_1_1": "style", "split": "train", "n": 4000, "TP": 1835, "FP": 138, "TN": 1862, "FN": 165, "precision": 0.9300557526609224, "recall": 0.9175, "accuracy": 0.92425, "f1": 0.9237352126856281, "negative_accuracy": 0.931, "balanced_accuracy": 0.92425, "AUC": 0.9795519999999999, "CI_95.0": [0.9760799390760185, 0.9830240609239812]}