{"model": "nn20d", "dataset": "h112_3gram_max_balanced_0", "congress": "112", "chamber": "House", "3gram_max_balanced_0": "style", "split": "train", "n": 26090, "TP": 11436, "FP": 1310, "TN": 11735, "FN": 1609, "precision": 0.8972226580888122, "recall": 0.876657723265619, "accuracy": 0.8881180528938291, "f1": 0.8868209840642083, "negative_accuracy": 0.8995783825220391, "balanced_accuracy": 0.8881180528938291, "AUC": 0.9595832951979033, "CI_95.0": [0.9575196065152034, 0.9616469838806032]}