{"model": "nnmulti2_tanh_nd", "dataset": "h097_max_balanced_0_10_50", "congress": "097", "chamber": "House", "style": "max_balanced_0_10_50", "split": "train", "n": 23038, "TP": 8055, "FP": 2370, "TN": 9149, "FN": 3464, "precision": 0.7726618705035971, "recall": 0.6992794513412622, "accuracy": 0.7467662123448215, "f1": 0.7341414509660955, "negative_accuracy": 0.794252973348381, "balanced_accuracy": 0.7467662123448215, "AUC": 0.8296986553225669, "CI_95.0": [0.8245257677175898, 0.8348715429275441]}