{"model": "nnmulti2_tanh_nd", "dataset": "h100_max_balanced_0_10_50", "congress": "100", "chamber": "House", "style": "max_balanced_0_10_50", "split": "train", "n": 26218, "TP": 9971, "FP": 1840, "TN": 11269, "FN": 3138, "precision": 0.8442130217593768, "recall": 0.760622473110077, "accuracy": 0.8101304447326264, "f1": 0.8002407704654896, "negative_accuracy": 0.8596384163551758, "balanced_accuracy": 0.8101304447326264, "AUC": 0.8947630406107902, "CI_95.0": [0.891031778978735, 0.8984943022428453]}