{"model": "models.svm", "dataset": "h112", "split": "train", "n": 4000, "TP": 1982, "FP": 16, "TN": 1984, "FN": 18, "precision": 0.991991991991992, "recall": 0.991, "accuracy": 0.9915, "f1": 0.991495747873937, "negative_accuracy": 0.992, "balanced_accuracy": 0.9915, "AUC": 0.9993409999999999, "CI_95.0": [0.9985173842102651, 1.0]}