{"model": "models.svm", "dataset": "h103", "split": "train", "n": 4000, "TP": 1964, "FP": 46, "TN": 1954, "FN": 36, "precision": 0.9771144278606965, "recall": 0.982, "accuracy": 0.9795, "f1": 0.9795511221945137, "negative_accuracy": 0.977, "balanced_accuracy": 0.9795, "AUC": 0.99840425, "CI_95.0": [0.9978866472162184, 0.9989218527837815]}