{"model": "svm_cv_c", "dataset": "h097_max_balanced_0", "split": "train", "n": 23038, "TP": 11494, "FP": 19, "TN": 11500, "FN": 25, "precision": 0.9983496916529141, "recall": 0.9978296727146454, "accuracy": 0.998090111988888, "f1": 0.9980896144494618, "negative_accuracy": 0.9983505512631304, "balanced_accuracy": 0.9980901119888879, "AUC": 0.9990988252453072, "CI_95.0": [0.998686459460056, 0.9995111910305585]}