{"model": "lda", "dataset": "h103_bayram_1_1", "congress": "103", "chamber": "House", "bayram_1_1": "style", "split": "train", "n": 4000, "TP": 1749, "FP": 253, "TN": 1747, "FN": 251, "precision": 0.8736263736263736, "recall": 0.8745, "accuracy": 0.874, "f1": 0.8740629685157422, "negative_accuracy": 0.8735, "balanced_accuracy": 0.8740000000000001, "AUC": 0.874, "CI_95.0": [0.863713510383242, 0.884286489616758]}