{"model": "lda", "dataset": "h114_bayram", "congress": "114", "chamber": "House", "bayram": "style", "split": "train", "n": 4000, "TP": 1982, "FP": 11, "TN": 1989, "FN": 18, "precision": 0.9944806823883593, "recall": 0.991, "accuracy": 0.99275, "f1": 0.9927372902579514, "negative_accuracy": 0.9945, "balanced_accuracy": 0.99275, "AUC": 0.9927500000000001, "CI_95.0": [0.9901208023722312, 0.995379197627769]}