{"model": "lda", "dataset": "h106_bayram_1_1", "congress": "106", "chamber": "House", "bayram_1_1": "style", "split": "train", "n": 4000, "TP": 1739, "FP": 233, "TN": 1767, "FN": 261, "precision": 0.8818458417849898, "recall": 0.8695, "accuracy": 0.8765, "f1": 0.8756294058408862, "negative_accuracy": 0.8835, "balanced_accuracy": 0.8765000000000001, "AUC": 0.8765, "CI_95.0": [0.866303812390664, 0.8866961876093359]}