{"model": "lda", "dataset": "h100_bayram", "congress": "100", "chamber": "House", "bayram": "style", "split": "train", "n": 4000, "TP": 1998, "FP": 11, "TN": 1989, "FN": 2, "precision": 0.9945246391239423, "recall": 0.999, "accuracy": 0.99675, "f1": 0.9967572960838114, "negative_accuracy": 0.9945, "balanced_accuracy": 0.99675, "AUC": 0.9967500000000001, "CI_95.0": [0.9949871235267254, 0.9985128764732749]}