{"model": "lda", "dataset": "h112_bayram_3_7", "congress": "112", "chamber": "House", "bayram_3_7": "style", "split": "train", "n": 4000, "TP": 1825, "FP": 155, "TN": 1845, "FN": 175, "precision": 0.9217171717171717, "recall": 0.9125, "accuracy": 0.9175, "f1": 0.9170854271356783, "negative_accuracy": 0.9225, "balanced_accuracy": 0.9175, "AUC": 0.9175000000000001, "CI_95.0": [0.9089732216072259, 0.9260267783927743]}