{"model": "lda", "dataset": "h114_bayram_1_1", "congress": "114", "chamber": "House", "bayram_1_1": "style", "split": "train", "n": 4000, "TP": 1784, "FP": 232, "TN": 1768, "FN": 216, "precision": 0.8849206349206349, "recall": 0.892, "accuracy": 0.888, "f1": 0.8884462151394423, "negative_accuracy": 0.884, "balanced_accuracy": 0.888, "AUC": 0.888, "CI_95.0": [0.8782252140943033, 0.8977747859056967]}