{"model": "lda", "dataset": "h112_bayram_1_1", "congress": "112", "chamber": "House", "bayram_1_1": "style", "split": "train", "n": 4000, "TP": 1752, "FP": 232, "TN": 1768, "FN": 248, "precision": 0.8830645161290323, "recall": 0.876, "accuracy": 0.88, "f1": 0.8795180722891566, "negative_accuracy": 0.884, "balanced_accuracy": 0.88, "AUC": 0.88, "CI_95.0": [0.869927767279941, 0.890072232720059]}