{"model": "lda", "dataset": "h097_bayram_1_1", "congress": "097", "chamber": "House", "bayram_1_1": "style", "split": "train", "n": 4000, "TP": 1722, "FP": 277, "TN": 1723, "FN": 278, "precision": 0.8614307153576788, "recall": 0.861, "accuracy": 0.86125, "f1": 0.8612153038259565, "negative_accuracy": 0.8615, "balanced_accuracy": 0.8612500000000001, "AUC": 0.86125, "CI_95.0": [0.8505346170674452, 0.8719653829325548]}