{"model": "lda", "dataset": "h109_bayram_1_1", "congress": "109", "chamber": "House", "bayram_1_1": "style", "split": "train", "n": 4000, "TP": 1747, "FP": 261, "TN": 1739, "FN": 253, "precision": 0.8700199203187251, "recall": 0.8735, "accuracy": 0.8715, "f1": 0.8717564870259481, "negative_accuracy": 0.8695, "balanced_accuracy": 0.8715, "AUC": 0.8715, "CI_95.0": [0.8611270042623521, 0.881872995737648]}