{"model": "lda", "dataset": "h100_bayram_1_1", "congress": "100", "chamber": "House", "bayram_1_1": "style", "split": "train", "n": 4000, "TP": 1718, "FP": 299, "TN": 1701, "FN": 282, "precision": 0.8517600396628656, "recall": 0.859, "accuracy": 0.85475, "f1": 0.8553647000248942, "negative_accuracy": 0.8505, "balanced_accuracy": 0.85475, "AUC": 0.85475, "CI_95.0": [0.8438287404845651, 0.8656712595154349]}