{"model": "lda", "dataset": "h114_bayram_3_7", "congress": "114", "chamber": "House", "bayram_3_7": "style", "split": "train", "n": 4000, "TP": 1827, "FP": 159, "TN": 1841, "FN": 173, "precision": 0.9199395770392749, "recall": 0.9135, "accuracy": 0.917, "f1": 0.916708479678876, "negative_accuracy": 0.9205, "balanced_accuracy": 0.917, "AUC": 0.9169999999999999, "CI_95.0": [0.9084490285251086, 0.9255509714748913]}