{"model": "lda", "dataset": "h103_bayram", "congress": "103", "chamber": "House", "bayram": "style", "split": "train", "n": 4000, "TP": 1977, "FP": 29, "TN": 1971, "FN": 23, "precision": 0.985543369890329, "recall": 0.9885, "accuracy": 0.987, "f1": 0.9870194707938094, "negative_accuracy": 0.9855, "balanced_accuracy": 0.9870000000000001, "AUC": 0.987, "CI_95.0": [0.983489096707048, 0.990510903292952]}