{"model": "cnn2_a10-4_avg_drop_128_7_l64_s1_d3_30_e300_glove840_trainable", "dataset": "h112_max_balanced_0_1_1", "congress": "112", "chamber": "House", "style": "max_balanced_0_1_1", "split": "train", "n": 26090, "TP": 11268, "FP": 1318, "TN": 11727, "FN": 1777, "precision": 0.8952804703638964, "recall": 0.8637792257569951, "accuracy": 0.8813721732464546, "f1": 0.8792477858842808, "negative_accuracy": 0.8989651207359142, "balanced_accuracy": 0.8813721732464546, "AUC": 0.9568589137962014, "CI_95.0": [0.9547446098221808, 0.9589732177702219]}