{"model": "cnn2_a10-4_avg_drop_128_7_l64_s1_d3_30_e300_glove840_trainable", "dataset": "h100_max_balanced_0_1_1", "congress": "100", "chamber": "House", "style": "max_balanced_0_1_1", "split": "train", "n": 26218, "TP": 11041, "FP": 1461, "TN": 11648, "FN": 2068, "precision": 0.8831386978083506, "recall": 0.8422457853383172, "accuracy": 0.865397818292776, "f1": 0.8622076451524735, "negative_accuracy": 0.8885498512472347, "balanced_accuracy": 0.865397818292776, "AUC": 0.9445196856362242, "CI_95.0": [0.942012603395764, 0.9470267678766845]}