{"model": "cnn2_a10-4_avg_drop_128_7_l64_s1_d3_30_e300_glove840_trainable", "dataset": "h097_max_balanced_0_1_1", "congress": "097", "chamber": "House", "style": "max_balanced_0_1_1", "split": "train", "n": 23038, "TP": 10295, "FP": 1094, "TN": 10425, "FN": 1224, "precision": 0.9039424005619457, "recall": 0.8937407761090372, "accuracy": 0.8993836270509593, "f1": 0.8988126418718352, "negative_accuracy": 0.9050264779928813, "balanced_accuracy": 0.8993836270509592, "AUC": 0.9678476271752818, "CI_95.0": [0.965989114671051, 0.9697061396795127]}