{"model": "cnn2_a10-4_avg_drop_128_7_l64_s1_d3_30_e300_glove840_trainable", "dataset": "h109_max_balanced_0_1_1", "congress": "109", "chamber": "House", "style": "max_balanced_0_1_1", "split": "train", "n": 25802, "TP": 11408, "FP": 530, "TN": 12371, "FN": 1493, "precision": 0.955603953761099, "recall": 0.8842725370126346, "accuracy": 0.921595225176343, "f1": 0.9185554974032771, "negative_accuracy": 0.9589179133400512, "balanced_accuracy": 0.9215952251763428, "AUC": 0.9812711689355826, "CI_95.0": [0.9800258091634565, 0.9825165287077088]}