{"model": "cnn2_a10-4_avg_drop_128_7_l64_s1_d3_30_e300_glove840_trainable", "dataset": "h114_max_balanced_0_1_1", "congress": "114", "chamber": "House", "style": "max_balanced_0_1_1", "split": "train", "n": 18990, "TP": 8506, "FP": 862, "TN": 8633, "FN": 989, "precision": 0.9079846285226302, "recall": 0.895839915745129, "accuracy": 0.9025276461295418, "f1": 0.9018713884323808, "negative_accuracy": 0.9092153765139547, "balanced_accuracy": 0.9025276461295418, "AUC": 0.9722384969667526, "CI_95.0": [0.9704131612558619, 0.9740638326776433]}