{"model": "cnn2_a10-4_avg_drop_128_7_l64_s1_d3_30_e300_glove840_trainable", "dataset": "h106_max_balanced_0_1_1", "congress": "106", "chamber": "House", "style": "max_balanced_0_1_1", "split": "train", "n": 27700, "TP": 12162, "FP": 2088, "TN": 11762, "FN": 1688, "precision": 0.8534736842105263, "recall": 0.8781227436823105, "accuracy": 0.8636823104693141, "f1": 0.8656227758007117, "negative_accuracy": 0.8492418772563177, "balanced_accuracy": 0.8636823104693141, "AUC": 0.9443958477238072, "CI_95.0": [0.9419694891630876, 0.9468222062845268]}