{"model": "cnn2_a10-4_avg_drop_128_7_l64_s1_d3_30_e300_glove840_trainable", "dataset": "h103_max_balanced_0_1_1", "congress": "103", "chamber": "House", "style": "max_balanced_0_1_1", "split": "train", "n": 28186, "TP": 12400, "FP": 2444, "TN": 11649, "FN": 1693, "precision": 0.8353543519267044, "recall": 0.8798694387284467, "accuracy": 0.8532250053217909, "f1": 0.85703424681204, "negative_accuracy": 0.8265805719151351, "balanced_accuracy": 0.8532250053217909, "AUC": 0.9340263695893811, "CI_95.0": [0.9313176419989533, 0.936735097179809]}