{"model": "svm_npr", "dataset": "h114_max_balanced_0", "congress": "114", "chamber": "House", "max_balanced_0": "style", "split": "train", "n": 18990, "TP": 9292, "FP": 113, "TN": 9382, "FN": 203, "precision": 0.9879851143009037, "recall": 0.9786203264876251, "accuracy": 0.983359662980516, "f1": 0.9832804232804233, "negative_accuracy": 0.9880989994734071, "balanced_accuracy": 0.9833596629805161, "AUC": 0.9833596629805161, "CI_95.0": [0.9815414386671995, 0.9851778872938328]}