{"model": "svm_npr", "dataset": "h103_max_balanced_0", "congress": "103", "chamber": "House", "max_balanced_0": "style", "split": "train", "n": 28186, "TP": 14070, "FP": 21, "TN": 14072, "FN": 23, "precision": 0.9985096870342772, "recall": 0.9983679841055844, "accuracy": 0.9984389413183851, "f1": 0.9984388305421517, "negative_accuracy": 0.9985098985311857, "balanced_accuracy": 0.998438941318385, "AUC": 0.998438941318385, "CI_95.0": [0.9979780309854627, 0.9988998516513072]}