{"model": "svm_npr", "dataset": "h106_max_balanced_0", "congress": "106", "chamber": "House", "max_balanced_0": "style", "split": "train", "n": 27700, "TP": 13831, "FP": 34, "TN": 13816, "FN": 19, "precision": 0.9975477821853588, "recall": 0.9986281588447653, "accuracy": 0.9980866425992779, "f1": 0.9980876781526249, "negative_accuracy": 0.9975451263537907, "balanced_accuracy": 0.998086642599278, "AUC": 0.998086642599278, "CI_95.0": [0.997572039128091, 0.9986012460704651]}