{"model": "lstm_glove_200", "dataset": "h109_bayram_1_1", "congress": "109", "chamber": "House", "bayram_1_1": "style", "split": "train", "n": 4000, "TP": 1992, "FP": 7, "TN": 1993, "FN": 8, "precision": 0.9964982491245623, "recall": 0.996, "accuracy": 0.99625, "f1": 0.9962490622655664, "negative_accuracy": 0.9965, "balanced_accuracy": 0.9962500000000001, "AUC": 0.9999465, "CI_95.0": [0.9998951146770554, 0.9999978853229445]}