{"model": "lstm_glove_200", "dataset": "h114_bayram_1_1", "congress": "114", "chamber": "House", "bayram_1_1": "style", "split": "train", "n": 4000, "TP": 1986, "FP": 8, "TN": 1992, "FN": 14, "precision": 0.995987963891675, "recall": 0.993, "accuracy": 0.9945, "f1": 0.9944917376064095, "negative_accuracy": 0.996, "balanced_accuracy": 0.9944999999999999, "AUC": 0.9995575, "CI_95.0": [0.9992330925558718, 0.9998819074441282]}