{"model": "lstm_glove_200", "dataset": "h097_bayram_1_1", "congress": "097", "chamber": "House", "bayram_1_1": "style", "split": "train", "n": 4000, "TP": 1474, "FP": 255, "TN": 1745, "FN": 526, "precision": 0.8525159051474841, "recall": 0.737, "accuracy": 0.80475, "f1": 0.7905604719764011, "negative_accuracy": 0.8725, "balanced_accuracy": 0.8047500000000001, "AUC": 0.8850807500000001, "CI_95.0": [0.874974156953042, 0.8951873430469581]}