{"model": "transformer_max_2_d3_10", "dataset": "h103_max_balanced_0_1_1", "congress": "103", "chamber": "House", "style": "max_balanced_0_1_1", "split": "train", "n": 28186, "TP": 13967, "FP": 650, "TN": 13443, "FN": 126, "precision": 0.9555312307587056, "recall": 0.9910593911871142, "accuracy": 0.9724686014333357, "f1": 0.9729710902124695, "negative_accuracy": 0.9538778116795572, "balanced_accuracy": 0.9724686014333357, "AUC": 0.9978942051168151, "CI_95.0": [0.9975940071624098, 0.9981944030712205]}