{"model": "transformer_max_2_d3_10", "dataset": "h114_max_balanced_0_1_1", "congress": "114", "chamber": "House", "style": "max_balanced_0_1_1", "split": "train", "n": 18990, "TP": 8345, "FP": 762, "TN": 8733, "FN": 1150, "precision": 0.9163280992643021, "recall": 0.8788836229594523, "accuracy": 0.899315429173249, "f1": 0.8972153531878293, "negative_accuracy": 0.9197472353870458, "balanced_accuracy": 0.899315429173249, "AUC": 0.9660544989034165, "CI_95.0": [0.9638870590031665, 0.9682219388036666]}