{"model": "transformer_max_2_d3_10", "dataset": "h106_max_balanced_0_1_1", "congress": "106", "chamber": "House", "style": "max_balanced_0_1_1", "split": "train", "n": 27700, "TP": 13595, "FP": 216, "TN": 13634, "FN": 255, "precision": 0.9843602925204548, "recall": 0.9815884476534296, "accuracy": 0.9829963898916968, "f1": 0.9829724160370196, "negative_accuracy": 0.9844043321299639, "balanced_accuracy": 0.9829963898916967, "AUC": 0.9985239583469092, "CI_95.0": [0.9982615213684111, 0.9987863953254074]}