{"model": "transformer_max_2_d3_10", "dataset": "h109_max_balanced_0_1_1", "congress": "109", "chamber": "House", "style": "max_balanced_0_1_1", "split": "train", "n": 25802, "TP": 11904, "FP": 113, "TN": 12788, "FN": 997, "precision": 0.9905966547391196, "recall": 0.9227191690566623, "accuracy": 0.9569800790636385, "f1": 0.9554538887551168, "negative_accuracy": 0.9912409890706146, "balanced_accuracy": 0.9569800790636385, "AUC": 0.9954272308275789, "CI_95.0": [0.9948825608239693, 0.9959719008311885]}