{"model": "transformer_max_2_d3_10", "dataset": "h112_max_balanced_0_1_1", "congress": "112", "chamber": "House", "style": "max_balanced_0_1_1", "split": "train", "n": 26090, "TP": 12480, "FP": 807, "TN": 12238, "FN": 565, "precision": 0.939263942199142, "recall": 0.9566883863549253, "accuracy": 0.9474128018397854, "f1": 0.9478960960048609, "negative_accuracy": 0.9381372173246455, "balanced_accuracy": 0.9474128018397854, "AUC": 0.9904160628046825, "CI_95.0": [0.9896150973100583, 0.9912170282993068]}