{"model": "transformer_max_2_d3_10", "dataset": "h100_max_balanced_0_1_1", "congress": "100", "chamber": "House", "style": "max_balanced_0_1_1", "split": "train", "n": 26218, "TP": 13098, "FP": 29, "TN": 13080, "FN": 11, "precision": 0.9977908128285213, "recall": 0.999160881836906, "accuracy": 0.9984743306125563, "f1": 0.9984753773441073, "negative_accuracy": 0.9977877793882066, "balanced_accuracy": 0.9984743306125563, "AUC": 0.9999903896445445, "CI_95.0": [0.9999853555414829, 0.999995423747606]}