{"model": "transformer_max_2_d3_10", "dataset": "h097_max_balanced_0_1_1", "congress": "097", "chamber": "House", "style": "max_balanced_0_1_1", "split": "train", "n": 23038, "TP": 10789, "FP": 198, "TN": 11321, "FN": 730, "precision": 0.9819787021024847, "recall": 0.9366264432676448, "accuracy": 0.959718725583818, "f1": 0.9587665511419177, "negative_accuracy": 0.9828110078999913, "balanced_accuracy": 0.959718725583818, "AUC": 0.9941511836986494, "CI_95.0": [0.9934939114115163, 0.9948084559857825]}