{"model": "nn1000hd", "dataset": "h114_max_balanced_0", "congress": "114", "chamber": "House", "max_balanced_0": "style", "split": "train", "n": 18990, "TP": 7907, "FP": 1406, "TN": 8089, "FN": 1588, "precision": 0.8490282400944916, "recall": 0.8327540810953133, "accuracy": 0.8423380726698262, "f1": 0.8408124202467036, "negative_accuracy": 0.8519220642443391, "balanced_accuracy": 0.8423380726698262, "AUC": 0.9238480716965027, "CI_95.0": [0.9202654750402651, 0.9274306683527404]}