{"model": "nn1000hd", "dataset": "h103_bayram_3_7", "congress": "103", "chamber": "House", "bayram_3_7": "style", "split": "train", "n": 4000, "TP": 1968, "FP": 59, "TN": 1941, "FN": 32, "precision": 0.9708929452392698, "recall": 0.984, "accuracy": 0.97725, "f1": 0.9774025329029054, "negative_accuracy": 0.9705, "balanced_accuracy": 0.97725, "AUC": 0.9976332500000001, "CI_95.0": [0.996676512979392, 0.9985899870206083]}