{"model": "nn1000hd", "dataset": "h109_bayram_3_7", "congress": "109", "chamber": "House", "bayram_3_7": "style", "split": "train", "n": 4000, "TP": 1902, "FP": 88, "TN": 1912, "FN": 98, "precision": 0.9557788944723619, "recall": 0.951, "accuracy": 0.9535, "f1": 0.9533834586466166, "negative_accuracy": 0.956, "balanced_accuracy": 0.9535, "AUC": 0.99137825, "CI_95.0": [0.9894123707550362, 0.9933441292449638]}