{"model": "nn1000hd", "dataset": "h106_bayram_3_7", "congress": "106", "chamber": "House", "bayram_3_7": "style", "split": "train", "n": 4000, "TP": 1888, "FP": 107, "TN": 1893, "FN": 112, "precision": 0.9463659147869674, "recall": 0.944, "accuracy": 0.94525, "f1": 0.9451814768460575, "negative_accuracy": 0.9465, "balanced_accuracy": 0.9452499999999999, "AUC": 0.9880712500000001, "CI_95.0": [0.9856096949253024, 0.9905328050746978]}