{"model": "nn1000hd", "dataset": "h100_bayram", "congress": "100", "chamber": "House", "bayram": "style", "split": "train", "n": 4000, "TP": 1674, "FP": 370, "TN": 1630, "FN": 326, "precision": 0.8189823874755382, "recall": 0.837, "accuracy": 0.826, "f1": 0.8278931750741839, "negative_accuracy": 0.815, "balanced_accuracy": 0.826, "AUC": 0.9094242500000002, "CI_95.0": [0.9006995415622292, 0.9181489584377711]}