{"model": "nn1000hd", "dataset": "h103_max_balanced_0", "congress": "103", "chamber": "House", "max_balanced_0": "style", "split": "train", "n": 28186, "TP": 11620, "FP": 3134, "TN": 10959, "FN": 2473, "precision": 0.7875830283313, "recall": 0.8245228127439154, "accuracy": 0.8010714539132903, "f1": 0.8056297015287551, "negative_accuracy": 0.7776200950826652, "balanced_accuracy": 0.8010714539132903, "AUC": 0.8863652309476018, "CI_95.0": [0.8826316709095088, 0.8900987909856948]}