{"model": "nn1000hd", "dataset": "h103_bayram", "congress": "103", "chamber": "House", "bayram": "style", "split": "train", "n": 4000, "TP": 1670, "FP": 460, "TN": 1540, "FN": 330, "precision": 0.784037558685446, "recall": 0.835, "accuracy": 0.8025, "f1": 0.8087167070217918, "negative_accuracy": 0.77, "balanced_accuracy": 0.8025, "AUC": 0.8894907499999999, "CI_95.0": [0.8796981521193321, 0.8992833478806677]}