{"model": "nn1000hd", "dataset": "h109_bayram", "congress": "109", "chamber": "House", "bayram": "style", "split": "train", "n": 4000, "TP": 1681, "FP": 249, "TN": 1751, "FN": 319, "precision": 0.8709844559585492, "recall": 0.8405, "accuracy": 0.858, "f1": 0.855470737913486, "negative_accuracy": 0.8755, "balanced_accuracy": 0.858, "AUC": 0.93684275, "CI_95.0": [0.9298255089296275, 0.9438599910703724]}