{"model": "nn1000hd", "dataset": "h109_bayram_1_1", "congress": "109", "chamber": "House", "bayram_1_1": "style", "split": "train", "n": 4000, "TP": 1860, "FP": 131, "TN": 1869, "FN": 140, "precision": 0.934203917629332, "recall": 0.93, "accuracy": 0.93225, "f1": 0.93209721874217, "negative_accuracy": 0.9345, "balanced_accuracy": 0.93225, "AUC": 0.9843444999999998, "CI_95.0": [0.9814374582676084, 0.9872515417323913]}