{"model": "nn1000hd", "dataset": "h114_bayram_3_7", "congress": "114", "chamber": "House", "bayram_3_7": "style", "split": "train", "n": 4000, "TP": 1950, "FP": 22, "TN": 1978, "FN": 50, "precision": 0.9888438133874239, "recall": 0.975, "accuracy": 0.982, "f1": 0.9818731117824774, "negative_accuracy": 0.989, "balanced_accuracy": 0.982, "AUC": 0.9978032499999999, "CI_95.0": [0.9967429785728671, 0.9988635214271328]}