{"model": "nn1000hd", "dataset": "h097_max_balanced_0", "congress": "097", "chamber": "House", "max_balanced_0": "style", "split": "train", "n": 23038, "TP": 8645, "FP": 2048, "TN": 9471, "FN": 2874, "precision": 0.8084728326942859, "recall": 0.7504991752756316, "accuracy": 0.7863529820296901, "f1": 0.7784080677111471, "negative_accuracy": 0.8222067887837486, "balanced_accuracy": 0.7863529820296902, "AUC": 0.8697146256454673, "CI_95.0": [0.8652280058587879, 0.8742012454321467]}