{"model": "nn1000hd", "dataset": "h106_bayram_1_1", "congress": "106", "chamber": "House", "bayram_1_1": "style", "split": "train", "n": 4000, "TP": 1729, "FP": 153, "TN": 1847, "FN": 271, "precision": 0.9187035069075452, "recall": 0.8645, "accuracy": 0.894, "f1": 0.8907779495105617, "negative_accuracy": 0.9235, "balanced_accuracy": 0.894, "AUC": 0.96338625, "CI_95.0": [0.9584052187167478, 0.9683672812832522]}