{"model": "nn1000hd", "dataset": "h112_bayram_3_7", "congress": "112", "chamber": "House", "bayram_3_7": "style", "split": "train", "n": 4000, "TP": 1999, "FP": 1, "TN": 1999, "FN": 1, "precision": 0.9995, "recall": 0.9995, "accuracy": 0.9995, "f1": 0.9995, "negative_accuracy": 0.9995, "balanced_accuracy": 0.9995, "AUC": 0.9999984999999999, "CI_95.0": [0.9999953250627981, 1.0]}