{"model": "nn1000hd", "dataset": "h109_max_balanced_0", "congress": "109", "chamber": "House", "max_balanced_0": "style", "split": "train", "n": 25802, "TP": 10901, "FP": 1572, "TN": 11329, "FN": 2000, "precision": 0.8739677703840295, "recall": 0.8449732578869855, "accuracy": 0.8615611192930781, "f1": 0.8592259793489399, "negative_accuracy": 0.8781489806991706, "balanced_accuracy": 0.8615611192930781, "AUC": 0.9397134814762602, "CI_95.0": [0.9370221628600203, 0.9424048000925002]}