{"model": "nn1000hd", "dataset": "h097_bayram_3_7", "congress": "097", "chamber": "House", "bayram_3_7": "style", "split": "train", "n": 4000, "TP": 1832, "FP": 221, "TN": 1779, "FN": 168, "precision": 0.8923526546517292, "recall": 0.916, "accuracy": 0.90275, "f1": 0.9040217123118677, "negative_accuracy": 0.8895, "balanced_accuracy": 0.9027499999999999, "AUC": 0.9702725, "CI_95.0": [0.9660216036311716, 0.9745233963688283]}