{"model": "boost", "dataset": "h106_max_balanced_0", "split": "train", "n": 27700, "TP": 8763, "FP": 4340, "TN": 9510, "FN": 5087, "precision": 0.6687781424101351, "recall": 0.6327075812274369, "accuracy": 0.6596750902527075, "f1": 0.6502430156197826, "negative_accuracy": 0.6866425992779783, "balanced_accuracy": 0.6596750902527075, "AUC": 0.6596750902527075, "CI_95.0": [0.6541041148683945, 0.6652460656370206]}