{"model": "models.boost", "dataset": "h112", "split": "train", "n": 4000, "TP": 1648, "FP": 296, "TN": 1704, "FN": 352, "precision": 0.8477366255144033, "recall": 0.824, "accuracy": 0.838, "f1": 0.8356997971602435, "negative_accuracy": 0.852, "balanced_accuracy": 0.838, "AUC": 0.838, "CI_95.0": [0.8265871929168989, 0.8494128070831011]}