{"model": "lstm_glove_300", "dataset": "h109_bayram_1_1", "congress": "109", "chamber": "House", "bayram_1_1": "style", "split": "train", "n": 4000, "TP": 1933, "FP": 3, "TN": 1997, "FN": 67, "precision": 0.9984504132231405, "recall": 0.9665, "accuracy": 0.9825, "f1": 0.9822154471544715, "negative_accuracy": 0.9985, "balanced_accuracy": 0.9825, "AUC": 0.998924, "CI_95.0": [0.9982788814398985, 0.9995691185601016]}