{"model": "lstm_glove_300", "dataset": "h112_bayram_1_1", "congress": "112", "chamber": "House", "bayram_1_1": "style", "split": "train", "n": 4000, "TP": 1991, "FP": 119, "TN": 1881, "FN": 9, "precision": 0.9436018957345972, "recall": 0.9955, "accuracy": 0.968, "f1": 0.9688564476885646, "negative_accuracy": 0.9405, "balanced_accuracy": 0.968, "AUC": 0.99876475, "CI_95.0": [0.9981451486802329, 0.9993843513197671]}