{"model": "lstm_glove_300", "dataset": "h106_bayram_1_1", "congress": "106", "chamber": "House", "bayram_1_1": "style", "split": "train", "n": 4000, "TP": 1810, "FP": 118, "TN": 1882, "FN": 190, "precision": 0.9387966804979253, "recall": 0.905, "accuracy": 0.923, "f1": 0.9215885947046842, "negative_accuracy": 0.941, "balanced_accuracy": 0.923, "AUC": 0.97556225, "CI_95.0": [0.9716991324850113, 0.9794253675149887]}