{"model": "nn1000hd", "dataset": "h103_max_balanced_0", "split": "train", "n": 28186, "TP": 11994, "FP": 3353, "TN": 10740, "FN": 2099, "precision": 0.7815208184009904, "recall": 0.8510608103313702, "accuracy": 0.8065706379053431, "f1": 0.8148097826086957, "negative_accuracy": 0.762080465479316, "balanced_accuracy": 0.806570637905343, "AUC": 0.8948499372766534, "CI_95.0": [0.8912810168378344, 0.8984188577154724]}