{"model": "nn1000hd", "dataset": "h109_max_balanced_0", "split": "train", "n": 25802, "TP": 10437, "FP": 1365, "TN": 11536, "FN": 2464, "precision": 0.8843416370106761, "recall": 0.8090070537167662, "accuracy": 0.8516006511123169, "f1": 0.8449985831680363, "negative_accuracy": 0.8941942485078677, "balanced_accuracy": 0.8516006511123169, "AUC": 0.9349427500877652, "CI_95.0": [0.9321399239584681, 0.9377455762170622]}