{"model": "nn1000hd", "dataset": "h114_max_balanced_0", "split": "train", "n": 18990, "TP": 7716, "FP": 1208, "TN": 8287, "FN": 1779, "precision": 0.8646346929627969, "recall": 0.8126382306477093, "accuracy": 0.8427066877303844, "f1": 0.8378305011129813, "negative_accuracy": 0.8727751448130595, "balanced_accuracy": 0.8427066877303844, "AUC": 0.9242919071898654, "CI_95.0": [0.9207163290052495, 0.9278674853744814]}