{"model": "nn1000hd", "dataset": "h112_max_balanced_0", "split": "train", "n": 26090, "TP": 10894, "FP": 1644, "TN": 11401, "FN": 2151, "precision": 0.8688786090285532, "recall": 0.8351092372556536, "accuracy": 0.854541970103488, "f1": 0.8516593050072313, "negative_accuracy": 0.8739747029513223, "balanced_accuracy": 0.854541970103488, "AUC": 0.9343773425743744, "CI_95.0": [0.9315893370365737, 0.9371653481121752]}