{"model": "nn1000hd", "dataset": "h106_max_balanced_0", "split": "train", "n": 27700, "TP": 10893, "FP": 1815, "TN": 12035, "FN": 2957, "precision": 0.857176581680831, "recall": 0.7864981949458484, "accuracy": 0.8277256317689531, "f1": 0.8203177950146849, "negative_accuracy": 0.8689530685920578, "balanced_accuracy": 0.8277256317689531, "AUC": 0.9150293656896349, "CI_95.0": [0.9118566547636747, 0.918202076615595]}