{"model": "logistic_range", "dataset": "h101_3gram_max_balanced_0", "congress": "101", "chamber": "House", "style": "3gram_max_balanced_0", "split": "train", "n": 24920, "TP": 10671, "FP": 1856, "TN": 10604, "FN": 1789, "precision": 0.8518400255448232, "recall": 0.8564205457463885, "accuracy": 0.8537319422150883, "f1": 0.8541241445551687, "negative_accuracy": 0.8510433386837881, "balanced_accuracy": 0.8537319422150883, "AUC": 0.931830815270181, "CI_95.0": [0.9288567646777783, 0.9348048658625836]}