{"model": "xg_boost_6-3", "dataset": "h112_2gram_max_balanced_0", "congress": "112", "chamber": "House", "style": "2gram_max_balanced_0", "split": "train", "n": 26090, "TP": 11333, "FP": 946, "TN": 12099, "FN": 1712, "precision": 0.9229578955941038, "recall": 0.8687619777692602, "accuracy": 0.8981218857799923, "f1": 0.8950402779971569, "negative_accuracy": 0.9274817937907244, "balanced_accuracy": 0.8981218857799923, "AUC": 0.8981218857799924, "CI_95.0": [0.8944686276189286, 0.9017751439410562]}