{"model": "xg_boost_6-3", "dataset": "h112_max_balanced_0", "congress": "112", "chamber": "House", "style": "max_balanced_0", "split": "train", "n": 26090, "TP": 11228, "FP": 1037, "TN": 12008, "FN": 1817, "precision": 0.9154504688136975, "recall": 0.8607129168263703, "accuracy": 0.8906094288999616, "f1": 0.887238245752667, "negative_accuracy": 0.9205059409735531, "balanced_accuracy": 0.8906094288999618, "AUC": 0.8906094288999618, "CI_95.0": [0.8868392677455735, 0.89437959005435]}