{"model": "xg_boost_6-3", "dataset": "h106_max_balanced_0", "congress": "106", "chamber": "House", "style": "max_balanced_0", "split": "train", "n": 27700, "TP": 12268, "FP": 1574, "TN": 12276, "FN": 1582, "precision": 0.8862881086548187, "recall": 0.8857761732851985, "accuracy": 0.8860649819494585, "f1": 0.8860320670229669, "negative_accuracy": 0.8863537906137184, "balanced_accuracy": 0.8860649819494585, "AUC": 0.8860649819494584, "CI_95.0": [0.8823231428780168, 0.8898068210208999]}