{"model": "xg_boost_6-3", "dataset": "h106_3gram_max_balanced_0", "congress": "106", "chamber": "House", "style": "3gram_max_balanced_0", "split": "train", "n": 27700, "TP": 12203, "FP": 1550, "TN": 12300, "FN": 1647, "precision": 0.8872973169490294, "recall": 0.8810830324909747, "accuracy": 0.8845848375451264, "f1": 0.8841792558779843, "negative_accuracy": 0.8880866425992779, "balanced_accuracy": 0.8845848375451264, "AUC": 0.8845848375451264, "CI_95.0": [0.8808221428477666, 0.8883475322424862]}