{"model": "xg_boost_6-3", "dataset": "h100_bayram_3_7", "congress": "100", "chamber": "House", "style": "bayram_3_7", "split": "train", "n": 4000, "TP": 1999, "FP": 1, "TN": 1999, "FN": 1, "precision": 0.9995, "recall": 0.9995, "accuracy": 0.9995, "f1": 0.9995, "negative_accuracy": 0.9995, "balanced_accuracy": 0.9995, "AUC": 0.9994999999999999, "CI_95.0": [0.9988070480878251, 1.0]}