{"model": "xg_boost_6-3", "dataset": "h109_max_balanced_0", "congress": "109", "chamber": "House", "style": "max_balanced_0", "split": "train", "n": 25802, "TP": 11479, "FP": 942, "TN": 11959, "FN": 1422, "precision": 0.9241606955961678, "recall": 0.8897759863576467, "accuracy": 0.9083791954112085, "f1": 0.9066424453044784, "negative_accuracy": 0.9269824044647702, "balanced_accuracy": 0.9083791954112084, "AUC": 0.9083791954112084, "CI_95.0": [0.904866309583087, 0.9118920812393297]}