{"model": "xg_boost_6-3", "dataset": "h114_max_balanced_0", "congress": "114", "chamber": "House", "style": "max_balanced_0", "split": "train", "n": 18990, "TP": 8415, "FP": 678, "TN": 8817, "FN": 1080, "precision": 0.9254371494556252, "recall": 0.8862559241706162, "accuracy": 0.9074249605055292, "f1": 0.9054228534538412, "negative_accuracy": 0.9285939968404423, "balanced_accuracy": 0.9074249605055292, "AUC": 0.9074249605055291, "CI_95.0": [0.9033134698250652, 0.911536451185993]}