{"model": "xg_boost_6-3", "dataset": "h114_2gram_max_balanced_0", "congress": "114", "chamber": "House", "style": "2gram_max_balanced_0", "split": "train", "n": 18990, "TP": 8380, "FP": 597, "TN": 8898, "FN": 1115, "precision": 0.9334967138242174, "recall": 0.8825697735650342, "accuracy": 0.9098472880463402, "f1": 0.9073191857947163, "negative_accuracy": 0.9371248025276462, "balanced_accuracy": 0.9098472880463402, "AUC": 0.9098472880463402, "CI_95.0": [0.9057921712592547, 0.9139024048334257]}