{"model": "xg_boost_6-3", "dataset": "h097_2gram_max_balanced_0", "congress": "097", "chamber": "House", "style": "2gram_max_balanced_0", "split": "train", "n": 23038, "TP": 9951, "FP": 1134, "TN": 10385, "FN": 1568, "precision": 0.8976995940460081, "recall": 0.8638770726625575, "accuracy": 0.8827155134994357, "f1": 0.8804636347549106, "negative_accuracy": 0.9015539543363139, "balanced_accuracy": 0.8827155134994358, "AUC": 0.8827155134994358, "CI_95.0": [0.8785676010356532, 0.8868634259632183]}