{"model": "xg_boost_6-3", "dataset": "h100_3gram_max_balanced_0", "congress": "100", "chamber": "House", "style": "3gram_max_balanced_0", "split": "train", "n": 26218, "TP": 11244, "FP": 1442, "TN": 11667, "FN": 1865, "precision": 0.8863313889326817, "recall": 0.8577313296208712, "accuracy": 0.8738652833930887, "f1": 0.8717968598565613, "negative_accuracy": 0.8899992371653063, "balanced_accuracy": 0.8738652833930887, "AUC": 0.8738652833930888, "CI_95.0": [0.8698511572039432, 0.8778794095822343]}