{"model": "xg_boost_6-3", "dataset": "h112_3gram_max_balanced_0", "congress": "112", "chamber": "House", "style": "3gram_max_balanced_0", "split": "train", "n": 26090, "TP": 11371, "FP": 960, "TN": 12085, "FN": 1674, "precision": 0.9221474332981916, "recall": 0.8716749712533538, "accuracy": 0.8990417784591798, "f1": 0.8962011349306432, "negative_accuracy": 0.9264085856650057, "balanced_accuracy": 0.8990417784591798, "AUC": 0.8990417784591798, "CI_95.0": [0.8954010416661067, 0.9026825152522528]}