{"model": "xg_boost_6-3", "dataset": "h106_2gram_max_balanced_0", "congress": "106", "chamber": "House", "style": "2gram_max_balanced_0", "split": "train", "n": 27700, "TP": 12221, "FP": 1445, "TN": 12405, "FN": 1629, "precision": 0.8942631347870628, "recall": 0.8823826714801444, "accuracy": 0.8890252707581228, "f1": 0.8882831806948686, "negative_accuracy": 0.895667870036101, "balanced_accuracy": 0.8890252707581228, "AUC": 0.8890252707581228, "CI_95.0": [0.8853270243204018, 0.8927235171958438]}