{"model": "xg_boost_6-3", "dataset": "h109_2gram_max_balanced_0", "congress": "109", "chamber": "House", "style": "2gram_max_balanced_0", "split": "train", "n": 25802, "TP": 11477, "FP": 1032, "TN": 11869, "FN": 1424, "precision": 0.9174994004316892, "recall": 0.8896209596155337, "accuracy": 0.9048135803426091, "f1": 0.903345139708776, "negative_accuracy": 0.9200062010696846, "balanced_accuracy": 0.9048135803426092, "AUC": 0.9048135803426092, "CI_95.0": [0.9012373740925264, 0.908389786592692]}