{"model": "xg_boost_6-3", "dataset": "h114_bayram_3_7", "congress": "114", "chamber": "House", "style": "bayram_3_7", "split": "train", "n": 4000, "TP": 1998, "FP": 0, "TN": 2000, "FN": 2, "precision": 1.0, "recall": 0.999, "accuracy": 0.9995, "f1": 0.9994997498749374, "negative_accuracy": 1.0, "balanced_accuracy": 0.9995, "AUC": 0.9994999999999999, "CI_95.0": [0.9988072214341474, 1.0]}