{"model": "xg_boost_6-3", "dataset": "h097_3gram_max_balanced_0", "congress": "097", "chamber": "House", "style": "3gram_max_balanced_0", "split": "train", "n": 23038, "TP": 9883, "FP": 1137, "TN": 10382, "FN": 1636, "precision": 0.8968239564428312, "recall": 0.8579737824463929, "accuracy": 0.8796336487542321, "f1": 0.8769688096188828, "negative_accuracy": 0.9012935150620713, "balanced_accuracy": 0.8796336487542321, "AUC": 0.8796336487542322, "CI_95.0": [0.8754410461751473, 0.8838262513333172]}