{"model": "xg_boost_6-3", "dataset": "h103_3gram_max_balanced_0", "congress": "103", "chamber": "House", "style": "3gram_max_balanced_0", "split": "train", "n": 28186, "TP": 12610, "FP": 2002, "TN": 12091, "FN": 1483, "precision": 0.8629893238434164, "recall": 0.8947704534165898, "accuracy": 0.876357056694813, "f1": 0.8785925796899495, "negative_accuracy": 0.8579436599730362, "balanced_accuracy": 0.876357056694813, "AUC": 0.8763570566948131, "CI_95.0": [0.8725200597810644, 0.8801940536085618]}