{"model": "xg_boost_6-3", "dataset": "h114_3gram_max_balanced_0", "congress": "114", "chamber": "House", "style": "3gram_max_balanced_0", "split": "train", "n": 18990, "TP": 8457, "FP": 647, "TN": 8848, "FN": 1038, "precision": 0.9289323374340949, "recall": 0.8906793048973144, "accuracy": 0.9112690889942074, "f1": 0.9094037313834077, "negative_accuracy": 0.9318588730911006, "balanced_accuracy": 0.9112690889942074, "AUC": 0.9112690889942074, "CI_95.0": [0.9072351644952105, 0.9153030134932044]}