{"model": "xg_boost_6-3", "dataset": "h100_max_balanced_0", "congress": "100", "chamber": "House", "style": "max_balanced_0", "split": "train", "n": 26218, "TP": 11139, "FP": 1514, "TN": 11595, "FN": 1970, "precision": 0.880344582312495, "recall": 0.8497215653367916, "accuracy": 0.8671141963536502, "f1": 0.864762052635665, "negative_accuracy": 0.8845068273705088, "balanced_accuracy": 0.8671141963536502, "AUC": 0.8671141963536503, "CI_95.0": [0.8630105351662809, 0.8712178575410197]}