{"model": "xg_boost_6-3", "dataset": "h100_2gram_max_balanced_0", "congress": "100", "chamber": "House", "style": "2gram_max_balanced_0", "split": "train", "n": 26218, "TP": 11260, "FP": 1491, "TN": 11618, "FN": 1849, "precision": 0.883067994667085, "recall": 0.8589518651308261, "accuracy": 0.8726066061484476, "f1": 0.8708430007733953, "negative_accuracy": 0.8862613471660691, "balanced_accuracy": 0.8726066061484476, "AUC": 0.8726066061484475, "CI_95.0": [0.8685740255174396, 0.8766391867794555]}