{"model": "xg_boost_6-3", "dataset": "h103_2gram_max_balanced_0", "congress": "103", "chamber": "House", "style": "2gram_max_balanced_0", "split": "train", "n": 28186, "TP": 12655, "FP": 1970, "TN": 12123, "FN": 1438, "precision": 0.8652991452991453, "recall": 0.8979635279926205, "accuracy": 0.8790889093876393, "f1": 0.8813287833414583, "negative_accuracy": 0.8602142907826581, "balanced_accuracy": 0.8790889093876393, "AUC": 0.8790889093876393, "CI_95.0": [0.8752890526440885, 0.88288876613119]}