{"model": "xg_boost_6-3", "dataset": "h103_max_balanced_0", "congress": "103", "chamber": "House", "style": "max_balanced_0", "split": "train", "n": 28186, "TP": 12613, "FP": 1983, "TN": 12110, "FN": 1480, "precision": 0.8641408605097287, "recall": 0.8949833250549918, "accuracy": 0.8771375860356205, "f1": 0.8792917145944439, "negative_accuracy": 0.8592918470162492, "balanced_accuracy": 0.8771375860356205, "AUC": 0.8771375860356205, "CI_95.0": [0.8733106826182806, 0.8809644894529605]}