{"model": "xg_boost_6-3", "dataset": "h097_max_balanced_0", "congress": "097", "chamber": "House", "style": "max_balanced_0", "split": "train", "n": 23038, "TP": 9865, "FP": 1188, "TN": 10331, "FN": 1654, "precision": 0.892517868452004, "recall": 0.8564111468009376, "accuracy": 0.8766385971004428, "f1": 0.8740917951444267, "negative_accuracy": 0.8968660473999479, "balanced_accuracy": 0.8766385971004427, "AUC": 0.8766385971004427, "CI_95.0": [0.8724000073192124, 0.8808771868816729]}