{"model": "xg_boost_6-3", "dataset": "h109_3gram_max_balanced_0", "congress": "109", "chamber": "House", "style": "3gram_max_balanced_0", "split": "train", "n": 25802, "TP": 11457, "FP": 946, "TN": 11955, "FN": 1444, "precision": 0.9237281302910586, "recall": 0.8880706921944035, "accuracy": 0.9073715215874738, "f1": 0.9055485298766993, "negative_accuracy": 0.9266723509805441, "balanced_accuracy": 0.9073715215874738, "AUC": 0.9073715215874738, "CI_95.0": [0.9038418159412641, 0.9109012272336835]}