{"model": "cnn2_avg_drop_128_7_l128_s1_d3_10_e300_glove_trainable", "dataset": "h103_max_balanced_0_1_1", "congress": "103", "chamber": "House", "style": "max_balanced_0_1_1", "split": "train", "n": 28186, "TP": 13236, "FP": 872, "TN": 13221, "FN": 857, "precision": 0.9381910972497873, "recall": 0.9391896686298162, "accuracy": 0.9386574895338111, "f1": 0.9386901173717244, "negative_accuracy": 0.938125310437806, "balanced_accuracy": 0.9386574895338111, "AUC": 0.9869674035715621, "CI_95.0": [0.9860304887193605, 0.9879043184237637]}