{"model": "cnn2_avg_drop_128_7_l128_s1_d3_10_e300_glove_trainable", "dataset": "h114_max_balanced_0_1_1", "congress": "114", "chamber": "House", "style": "max_balanced_0_1_1", "split": "train", "n": 18990, "TP": 9103, "FP": 136, "TN": 9359, "FN": 392, "precision": 0.9852797921853015, "recall": 0.9587151132174829, "accuracy": 0.9721958925750395, "f1": 0.9718159496103342, "negative_accuracy": 0.9856766719325961, "balanced_accuracy": 0.9721958925750396, "AUC": 0.9977008990902059, "CI_95.0": [0.9973869430574048, 0.9980148551230069]}