{"model": "cnn2_avg_drop_128_7_l128_s1_d3_10_e300_glove_trainable", "dataset": "h112_max_balanced_0_1_1", "congress": "112", "chamber": "House", "style": "max_balanced_0_1_1", "split": "train", "n": 26090, "TP": 12202, "FP": 928, "TN": 12117, "FN": 843, "precision": 0.9293221629855293, "recall": 0.9353775392870832, "accuracy": 0.9321195860482944, "f1": 0.9323400191021969, "negative_accuracy": 0.9288616328095055, "balanced_accuracy": 0.9321195860482944, "AUC": 0.9846590354671987, "CI_95.0": [0.9835705790548476, 0.9857474918795498]}