{"model": "cnn2_avg_drop_128_7_l128_s1_d3_10_e300_glove_trainable", "dataset": "h109_max_balanced_0_1_1", "congress": "109", "chamber": "House", "style": "max_balanced_0_1_1", "split": "train", "n": 25802, "TP": 10817, "FP": 644, "TN": 12257, "FN": 2084, "precision": 0.9438094407119798, "recall": 0.8384621347182389, "accuracy": 0.8942717618789241, "f1": 0.8880223298579756, "negative_accuracy": 0.9500813890396094, "balanced_accuracy": 0.8942717618789242, "AUC": 0.9703157165086134, "CI_95.0": [0.9686168578616416, 0.9720145751555851]}