{"model": "cnn2_avg_drop_128_7_l128_s1_d3_10_e300_glove_trainable", "dataset": "h106_max_balanced_0_1_1", "congress": "106", "chamber": "House", "style": "max_balanced_0_1_1", "split": "train", "n": 27700, "TP": 12287, "FP": 1723, "TN": 12127, "FN": 1563, "precision": 0.8770164168451107, "recall": 0.8871480144404332, "accuracy": 0.8813718411552347, "f1": 0.8820531227566405, "negative_accuracy": 0.8755956678700361, "balanced_accuracy": 0.8813718411552347, "AUC": 0.9555069165504568, "CI_95.0": [0.9533959071050949, 0.9576179259958187]}