{"model": "cnn2_avg_drop_128_7_l128_s1_d3_10_e300_glove_trainable", "dataset": "h100_max_balanced_0_1_1", "congress": "100", "chamber": "House", "style": "max_balanced_0_1_1", "split": "train", "n": 26218, "TP": 10353, "FP": 1293, "TN": 11816, "FN": 2756, "precision": 0.8889747552807831, "recall": 0.7897627584102525, "accuracy": 0.8455641162560074, "f1": 0.8364370834174915, "negative_accuracy": 0.9013654741017622, "balanced_accuracy": 0.8455641162560072, "AUC": 0.9308013760306538, "CI_95.0": [0.9279140249336265, 0.9336887271276811]}