{"model": "cnn2_avg_drop_128_7_l128_s1_d3_10_e300_glove_trainable", "dataset": "h097_max_balanced_0_1_1", "congress": "097", "chamber": "House", "style": "max_balanced_0_1_1", "split": "train", "n": 23038, "TP": 9740, "FP": 1146, "TN": 10373, "FN": 1779, "precision": 0.8947271725151571, "recall": 0.8455595103741644, "accuracy": 0.8730358538067541, "f1": 0.8694487837536264, "negative_accuracy": 0.9005121972393437, "balanced_accuracy": 0.8730358538067541, "AUC": 0.9513685180610383, "CI_95.0": [0.9489055826324025, 0.953831453489674]}