{"model": "nn1000hd_tfidf", "dataset": "h114_bayram", "congress": "114", "chamber": "House", "bayram": "style", "split": "train", "n": 4000, "TP": 1854, "FP": 99, "TN": 1901, "FN": 146, "precision": 0.9493087557603687, "recall": 0.927, "accuracy": 0.93875, "f1": 0.9380217556286364, "negative_accuracy": 0.9505, "balanced_accuracy": 0.93875, "AUC": 0.9828605, "CI_95.0": [0.9795720105817349, 0.9861489894182651]}