{"model": "nn1000hd_tfidf", "dataset": "h109_bayram", "congress": "109", "chamber": "House", "bayram": "style", "split": "train", "n": 4000, "TP": 1806, "FP": 146, "TN": 1854, "FN": 194, "precision": 0.9252049180327869, "recall": 0.903, "accuracy": 0.915, "f1": 0.9139676113360323, "negative_accuracy": 0.927, "balanced_accuracy": 0.915, "AUC": 0.9728264999999999, "CI_95.0": [0.9686290592430999, 0.9770239407568999]}