{"model": "nn1000hd_tfidf", "dataset": "h097_bayram", "congress": "097", "chamber": "House", "bayram": "style", "split": "train", "n": 4000, "TP": 1716, "FP": 203, "TN": 1797, "FN": 284, "precision": 0.89421573736321, "recall": 0.858, "accuracy": 0.87825, "f1": 0.8757336055116101, "negative_accuracy": 0.8985, "balanced_accuracy": 0.87825, "AUC": 0.953649125, "CI_95.0": [0.9479735760174604, 0.9593246739825396]}