{"model": "nn1000hd_tfidf", "dataset": "h100_bayram", "congress": "100", "chamber": "House", "bayram": "style", "split": "train", "n": 4000, "TP": 1779, "FP": 294, "TN": 1706, "FN": 221, "precision": 0.8581765557163531, "recall": 0.8895, "accuracy": 0.87125, "f1": 0.87355757426958, "negative_accuracy": 0.853, "balanced_accuracy": 0.87125, "AUC": 0.9420797500000001, "CI_95.0": [0.9353007015564436, 0.9488587984435566]}