{"model": "nn1000hd_tfidf", "dataset": "h112_bayram", "congress": "112", "chamber": "House", "bayram": "style", "split": "train", "n": 4000, "TP": 1859, "FP": 200, "TN": 1800, "FN": 141, "precision": 0.9028654686741137, "recall": 0.9295, "accuracy": 0.91475, "f1": 0.915989159891599, "negative_accuracy": 0.9, "balanced_accuracy": 0.91475, "AUC": 0.9722542499999999, "CI_95.0": [0.968046881694123, 0.9764616183058767]}