{"model": "nn1000hd_tfidf", "dataset": "h106_bayram", "congress": "106", "chamber": "House", "bayram": "style", "split": "train", "n": 4000, "TP": 1824, "FP": 141, "TN": 1859, "FN": 176, "precision": 0.9282442748091603, "recall": 0.912, "accuracy": 0.92075, "f1": 0.9200504413619167, "negative_accuracy": 0.9295, "balanced_accuracy": 0.92075, "AUC": 0.977135, "CI_95.0": [0.9732986838493809, 0.980971316150619]}