{"model": "models.nn1000d", "dataset": "h100", "split": "train", "n": 4000, "TP": 1687, "FP": 219, "TN": 1781, "FN": 313, "precision": 0.885099685204617, "recall": 0.8435, "accuracy": 0.867, "f1": 0.8637992831541219, "negative_accuracy": 0.8905, "balanced_accuracy": 0.867, "AUC": 0.9406785000000001, "CI_95.0": [0.9338264982267946, 0.9475305017732055]}