{"model": "models.nn1000d", "dataset": "h114", "split": "train", "n": 4000, "TP": 1783, "FP": 129, "TN": 1871, "FN": 217, "precision": 0.9325313807531381, "recall": 0.8915, "accuracy": 0.9135, "f1": 0.9115541922290389, "negative_accuracy": 0.9355, "balanced_accuracy": 0.9135, "AUC": 0.9724200000000002, "CI_95.0": [0.9680676197993756, 0.9767723802006247]}