{"model": "cnn2_128_7_nd_e64", "dataset": "h097_bayram_1_1", "congress": "097", "chamber": "House", "style": "bayram_1_1", "split": "train", "n": 4000, "TP": 1547, "FP": 620, "TN": 1380, "FN": 453, "precision": 0.7138901707429626, "recall": 0.7735, "accuracy": 0.73175, "f1": 0.7425005999520039, "negative_accuracy": 0.69, "balanced_accuracy": 0.7317499999999999, "AUC": 0.8201089999999999, "CI_95.0": [0.8072880606599449, 0.8329299393400549]}