{"model": "cnn2_avg_drop_128_7_l64_s1_d3_10_e300_glove840_trainable", "dataset": "h103_max_balanced_0_1_1", "congress": "103", "chamber": "House", "style": "max_balanced_0_1_1", "split": "train", "n": 28186, "TP": 13193, "FP": 2595, "TN": 11498, "FN": 900, "precision": 0.8356346592348619, "recall": 0.936138508479387, "accuracy": 0.8760022706308096, "f1": 0.8830360429704495, "negative_accuracy": 0.8158660327822324, "balanced_accuracy": 0.8760022706308097, "AUC": 0.9570430305272251, "CI_95.0": [0.9549623027988787, 0.9591237582555714]}