{"model": "cnn2_avg_drop_128_7_l64_s1_d3_10_e300_glove840_trainable", "dataset": "h112_max_balanced_0_1_1", "congress": "112", "chamber": "House", "style": "max_balanced_0_1_1", "split": "train", "n": 26090, "TP": 12141, "FP": 1053, "TN": 11992, "FN": 904, "precision": 0.9201909959072305, "recall": 0.9307014181678804, "accuracy": 0.9249904177845918, "f1": 0.9254163649529326, "negative_accuracy": 0.9192794174013031, "balanced_accuracy": 0.9249904177845918, "AUC": 0.9815295727955284, "CI_95.0": [0.9803124303361335, 0.9827467152549234]}