{"model": "cnn2_avg_drop_128_7_l64_s1_d3_10_e300_glove840_trainable", "dataset": "h109_max_balanced_0_1_1", "congress": "109", "chamber": "House", "style": "max_balanced_0_1_1", "split": "train", "n": 25802, "TP": 11742, "FP": 1246, "TN": 11655, "FN": 1159, "precision": 0.9040652910378811, "recall": 0.9101620029455081, "accuracy": 0.9067901713045501, "f1": 0.9071034029896867, "negative_accuracy": 0.903418339663592, "balanced_accuracy": 0.9067901713045501, "AUC": 0.9705864575374623, "CI_95.0": [0.9688847030113601, 0.9722882120635645]}