{"model": "cnn2_avg_drop_128_7_l64_s1_d3_10_e300_glove840_trainable", "dataset": "h114_max_balanced_0_1_1", "congress": "114", "chamber": "House", "style": "max_balanced_0_1_1", "split": "train", "n": 18990, "TP": 8954, "FP": 676, "TN": 8819, "FN": 541, "precision": 0.9298026998961578, "recall": 0.9430226434965772, "accuracy": 0.9359136387572407, "f1": 0.9363660130718955, "negative_accuracy": 0.9288046340179041, "balanced_accuracy": 0.9359136387572407, "AUC": 0.9883071243117065, "CI_95.0": [0.9872958878684094, 0.9893183607550037]}