{"model": "cnn2_avg_drop_128_7_l64_s1_d3_10_e300_glove840_trainable", "dataset": "h106_max_balanced_0_1_1", "congress": "106", "chamber": "House", "style": "max_balanced_0_1_1", "split": "train", "n": 27700, "TP": 12324, "FP": 2069, "TN": 11781, "FN": 1526, "precision": 0.8562495657611339, "recall": 0.8898194945848376, "accuracy": 0.870216606498195, "f1": 0.8727118223984704, "negative_accuracy": 0.8506137184115523, "balanced_accuracy": 0.8702166064981949, "AUC": 0.9498152171929777, "CI_95.0": [0.9475388788572403, 0.952091555528715]}