{"model": "cnn2_avg_drop_128_7_l64_s1_d3_10_e300_glove840_trainable", "dataset": "h100_max_balanced_0_1_1", "congress": "100", "chamber": "House", "style": "max_balanced_0_1_1", "split": "train", "n": 26218, "TP": 10732, "FP": 1450, "TN": 11659, "FN": 2377, "precision": 0.8809719257921523, "recall": 0.8186741933023114, "accuracy": 0.8540315813563201, "f1": 0.8486813490965166, "negative_accuracy": 0.8893889694103287, "balanced_accuracy": 0.8540315813563201, "AUC": 0.9356129926675404, "CI_95.0": [0.9328545951892544, 0.9383713901458264]}