{"model": "cnn2_avg_drop_128_7_l64_s1_d3_10_e300_glove840_trainable", "dataset": "h097_max_balanced_0_1_1", "congress": "097", "chamber": "House", "style": "max_balanced_0_1_1", "split": "train", "n": 23038, "TP": 8682, "FP": 1789, "TN": 9730, "FN": 2837, "precision": 0.8291471683697832, "recall": 0.7537112596579564, "accuracy": 0.7992013195589895, "f1": 0.789631650750341, "negative_accuracy": 0.8446913794600226, "balanced_accuracy": 0.7992013195589895, "AUC": 0.8853578525840151, "CI_95.0": [0.8812061773933839, 0.8895095277746463]}