{"model": "transformer_e50_2_d3_10_l128_glove_not_trainable", "dataset": "h100_max_balanced_0_1_1", "congress": "100", "chamber": "House", "style": "max_balanced_0_1_1", "split": "train", "n": 26218, "TP": 7088, "FP": 3636, "TN": 9473, "FN": 6021, "precision": 0.6609474076837001, "recall": 0.5406972309100618, "accuracy": 0.6316652681363949, "f1": 0.5948055217555491, "negative_accuracy": 0.7226333053627279, "balanced_accuracy": 0.6316652681363948, "AUC": 0.6947488342766853, "CI_95.0": [0.688492778750942, 0.7010048898024287]}