{"model": "transformer_e50_2_d3_10_l128_glove_not_trainable", "dataset": "h114_max_balanced_0_1_1", "congress": "114", "chamber": "House", "style": "max_balanced_0_1_1", "split": "train", "n": 18990, "TP": 5994, "FP": 2951, "TN": 6544, "FN": 3501, "precision": 0.6700950251537171, "recall": 0.6312796208530805, "accuracy": 0.6602422327540811, "f1": 0.6501084598698481, "negative_accuracy": 0.6892048446550816, "balanced_accuracy": 0.6602422327540811, "AUC": 0.7341255631618979, "CI_95.0": [0.7271470936638822, 0.7411040326599136]}