{"model": "transformer_e50_2_d3_10_l128_glove_not_trainable", "dataset": "h112_max_balanced_0_1_1", "congress": "112", "chamber": "House", "style": "max_balanced_0_1_1", "split": "train", "n": 26090, "TP": 9326, "FP": 2673, "TN": 10372, "FN": 3719, "precision": 0.777231435952996, "recall": 0.7149099271751629, "accuracy": 0.7550019164430817, "f1": 0.7447692061970931, "negative_accuracy": 0.7950939057110004, "balanced_accuracy": 0.7550019164430817, "AUC": 0.8450303802872416, "CI_95.0": [0.8404780083151164, 0.8495827522593669]}