{"model": "transformer_e50_2_d3_10_l128_glove_not_trainable", "dataset": "h109_max_balanced_0_1_1", "congress": "109", "chamber": "House", "style": "max_balanced_0_1_1", "split": "train", "n": 25802, "TP": 8269, "FP": 2824, "TN": 10077, "FN": 4632, "precision": 0.7454250428197963, "recall": 0.6409580652662584, "accuracy": 0.711030152701341, "f1": 0.6892556472451445, "negative_accuracy": 0.7811022401364235, "balanced_accuracy": 0.711030152701341, "AUC": 0.7959980016559058, "CI_95.0": [0.7907195904923116, 0.8012764128195001]}