{"model": "transformer_e50_2_d3_10_l128_glove_not_trainable", "dataset": "h103_max_balanced_0_1_1", "congress": "103", "chamber": "House", "style": "max_balanced_0_1_1", "split": "train", "n": 28186, "TP": 9418, "FP": 5243, "TN": 8850, "FN": 4675, "precision": 0.6423845576700089, "recall": 0.6682750301568154, "accuracy": 0.648123181721422, "f1": 0.6550740766502052, "negative_accuracy": 0.6279713332860285, "balanced_accuracy": 0.6481231817214219, "AUC": 0.7122178054228561, "CI_95.0": [0.7063071550304677, 0.7181284558152444]}