{"model": "transformer_e50_2_d3_10_l128_glove_not_trainable", "dataset": "h097_max_balanced_0_1_1", "congress": "097", "chamber": "House", "style": "max_balanced_0_1_1", "split": "train", "n": 23038, "TP": 6716, "FP": 5283, "TN": 6236, "FN": 4803, "precision": 0.5597133094424536, "recall": 0.5830367219376682, "accuracy": 0.5622015799982637, "f1": 0.5711370014457011, "negative_accuracy": 0.5413664380588593, "balanced_accuracy": 0.5622015799982638, "AUC": 0.6012072091779714, "CI_95.0": [0.5939437396210904, 0.6084706787348525]}