{"model": "transformer_e50_2_d3_10_l128_glove_not_trainable", "dataset": "h106_max_balanced_0_1_1", "congress": "106", "chamber": "House", "style": "max_balanced_0_1_1", "split": "train", "n": 27700, "TP": 9441, "FP": 5216, "TN": 8634, "FN": 4409, "precision": 0.644129085078802, "recall": 0.6816606498194946, "accuracy": 0.6525270758122743, "f1": 0.6623636299856175, "negative_accuracy": 0.6233935018050542, "balanced_accuracy": 0.6525270758122743, "AUC": 0.7341864119172672, "CI_95.0": [0.7284414921240401, 0.7399313317104943]}