{"model": "models.mnnb", "dataset": "h112", "split": "train", "n": 4000, "TP": 1621, "FP": 486, "TN": 1514, "FN": 379, "precision": 0.7693402942572378, "recall": 0.8105, "accuracy": 0.78375, "f1": 0.7893839785731677, "negative_accuracy": 0.757, "balanced_accuracy": 0.78375, "AUC": 0.7837500000000001, "CI_95.0": [0.7710157080084851, 0.796484291991515]}