{"model": "mnnb", "dataset": "h103_max_balanced_0", "split": "train", "n": 28186, "TP": 9186, "FP": 4075, "TN": 10018, "FN": 4907, "precision": 0.6927079405776336, "recall": 0.6518129567870574, "accuracy": 0.6813311573121408, "f1": 0.6716385172186883, "negative_accuracy": 0.7108493578372241, "balanced_accuracy": 0.6813311573121408, "AUC": 0.6813311573121408, "CI_95.0": [0.6759021239355327, 0.6867601906887488]}