{"model": "mnnb", "dataset": "h114_max_balanced_0", "split": "train", "n": 18990, "TP": 6735, "FP": 2004, "TN": 7491, "FN": 2760, "precision": 0.7706831445245451, "recall": 0.7093206951026856, "accuracy": 0.74913112164297, "f1": 0.7387298453438631, "negative_accuracy": 0.7889415481832543, "balanced_accuracy": 0.7491311216429699, "AUC": 0.7491311216429699, "CI_95.0": [0.7429910732193407, 0.7552711700665992]}