{"model": "models.mnnb", "dataset": "h097", "split": "train", "n": 4000, "TP": 1308, "FP": 541, "TN": 1459, "FN": 692, "precision": 0.7074094104921579, "recall": 0.654, "accuracy": 0.69175, "f1": 0.6796570537802027, "negative_accuracy": 0.7295, "balanced_accuracy": 0.6917500000000001, "AUC": 0.69175, "CI_95.0": [0.6774841805750585, 0.7060158194249414]}