{"model": "mnnb", "dataset": "h097_max_balanced_0", "split": "train", "n": 23038, "TP": 6541, "FP": 3007, "TN": 8512, "FN": 4978, "precision": 0.685064935064935, "recall": 0.5678444309401858, "accuracy": 0.6533987325288654, "f1": 0.6209711871647601, "negative_accuracy": 0.7389530341175449, "balanced_accuracy": 0.6533987325288653, "AUC": 0.6533987325288653, "CI_95.0": [0.6473534780093226, 0.6594439870484079]}