{"model": "mnnb", "dataset": "h106_max_balanced_0", "split": "train", "n": 27700, "TP": 9282, "FP": 3421, "TN": 10429, "FN": 4568, "precision": 0.7306935369597732, "recall": 0.6701805054151625, "accuracy": 0.7115884476534297, "f1": 0.699130041803186, "negative_accuracy": 0.7529963898916967, "balanced_accuracy": 0.7115884476534295, "AUC": 0.7115884476534295, "CI_95.0": [0.7062756551251167, 0.7169012401817424]}