{"model": "lda", "dataset": "h114_max_balanced_0", "split": "train", "n": 18990, "TP": 8410, "FP": 934, "TN": 8561, "FN": 1085, "precision": 0.900042808219178, "recall": 0.8857293312269615, "accuracy": 0.8936808846761454, "f1": 0.8928287064069218, "negative_accuracy": 0.9016324381253291, "balanced_accuracy": 0.8936808846761453, "AUC": 0.8936808846761453, "CI_95.0": [0.8892979919215713, 0.8980637774307192]}