{"model": "models.lda", "dataset": "h109", "split": "train", "n": 4000, "TP": 1996, "FP": 1, "TN": 1999, "FN": 4, "precision": 0.99949924887331, "recall": 0.998, "accuracy": 0.99875, "f1": 0.9987490617963473, "negative_accuracy": 0.9995, "balanced_accuracy": 0.99875, "AUC": 0.9987500000000001, "CI_95.0": [0.9976550047425787, 0.9998449952574215]}