{"model": "lda", "dataset": "h103_max_balanced_0", "split": "train", "n": 28186, "TP": 12037, "FP": 2050, "TN": 12043, "FN": 2056, "precision": 0.854475757790871, "recall": 0.8541119704817994, "accuracy": 0.8543248421202015, "f1": 0.8542938254080908, "negative_accuracy": 0.8545377137586035, "balanced_accuracy": 0.8543248421202014, "AUC": 0.8543248421202017, "CI_95.0": [0.8502062293372086, 0.8584434549031947]}