{"model": "cnn2_avg_drop_128_7_l256_s1_d3_10_e300_glove840_trainable", "dataset": "h112_max_balanced_0_1_1", "congress": "112", "chamber": "House", "style": "max_balanced_0_1_1", "split": "train", "n": 26090, "TP": 12225, "FP": 717, "TN": 12328, "FN": 820, "precision": 0.944598980064905, "recall": 0.9371406669221924, "accuracy": 0.9410885396703718, "f1": 0.9408550429060685, "negative_accuracy": 0.9450364124185512, "balanced_accuracy": 0.9410885396703719, "AUC": 0.9880415303279138, "CI_95.0": [0.9871444591395535, 0.988938601516274]}