{"model": "cnn2_avg_drop_128_7_l256_s1_d3_10_e300_glove840_trainable", "dataset": "h100_max_balanced_0_1_1", "congress": "100", "chamber": "House", "style": "max_balanced_0_1_1", "split": "train", "n": 26218, "TP": 12548, "FP": 1031, "TN": 12078, "FN": 561, "precision": 0.9240739376979159, "recall": 0.957204973682203, "accuracy": 0.9392783583797392, "f1": 0.940347721822542, "negative_accuracy": 0.9213517430772752, "balanced_accuracy": 0.939278358379739, "AUC": 0.988769338032606, "CI_95.0": [0.9879023087463522, 0.9896363673188598]}