{"model": "cnn2_avg_drop_128_7_l256_s1_d3_10_e300_glove840_trainable", "dataset": "h097_max_balanced_0_1_1", "congress": "097", "chamber": "House", "style": "max_balanced_0_1_1", "split": "train", "n": 23038, "TP": 8177, "FP": 1327, "TN": 10192, "FN": 3342, "precision": 0.8603745791245792, "recall": 0.7098706484937929, "accuracy": 0.7973348380935845, "f1": 0.7779099081957855, "negative_accuracy": 0.8847990276933761, "balanced_accuracy": 0.7973348380935845, "AUC": 0.891251985937078, "CI_95.0": [0.8872369261487353, 0.8952670457254207]}