{"model": "cnn2_avg_drop_128_7_l256_s1_d3_10_e300_glove840_trainable", "dataset": "h114_max_balanced_0_1_1", "congress": "114", "chamber": "House", "style": "max_balanced_0_1_1", "split": "train", "n": 18990, "TP": 8602, "FP": 1158, "TN": 8337, "FN": 893, "precision": 0.8813524590163935, "recall": 0.9059505002632965, "accuracy": 0.8919957872564508, "f1": 0.8934822124123605, "negative_accuracy": 0.8780410742496051, "balanced_accuracy": 0.8919957872564508, "AUC": 0.9666343722937241, "CI_95.0": [0.9645429658463368, 0.9687257787411113]}