{"model": "cnn2_avg_drop_128_7_l256_s1_d3_10_e300_glove840_trainable", "dataset": "h106_max_balanced_0_1_1", "congress": "106", "chamber": "House", "style": "max_balanced_0_1_1", "split": "train", "n": 27700, "TP": 12809, "FP": 1635, "TN": 12215, "FN": 1041, "precision": 0.886804209360288, "recall": 0.9248375451263537, "accuracy": 0.9033935018050542, "f1": 0.9054216441648405, "negative_accuracy": 0.8819494584837545, "balanced_accuracy": 0.9033935018050541, "AUC": 0.9707475869619047, "CI_95.0": [0.9691449668752163, 0.972350207048593]}