{"model": "cnn2_avg_drop_128_7_l256_s1_d3_10_e300_glove840_trainable", "dataset": "h103_max_balanced_0_1_1", "congress": "103", "chamber": "House", "style": "max_balanced_0_1_1", "split": "train", "n": 28186, "TP": 13438, "FP": 798, "TN": 13295, "FN": 655, "precision": 0.9439449283506604, "recall": 0.9535230256155538, "accuracy": 0.9484495849003051, "f1": 0.9487098026757034, "negative_accuracy": 0.9433761441850564, "balanced_accuracy": 0.9484495849003052, "AUC": 0.9911009444317922, "CI_95.0": [0.9903729295861016, 0.9918289592774828]}