{"model": "cnn2_avg_drop_128_7_l256_s1_d3_10_e300_glove840_trainable", "dataset": "h109_max_balanced_0_1_1", "congress": "109", "chamber": "House", "style": "max_balanced_0_1_1", "split": "train", "n": 25802, "TP": 11377, "FP": 558, "TN": 12343, "FN": 1524, "precision": 0.9532467532467532, "recall": 0.881869622509883, "accuracy": 0.919308580730176, "f1": 0.9161700756965696, "negative_accuracy": 0.9567475389504689, "balanced_accuracy": 0.919308580730176, "AUC": 0.9800131072761202, "CI_95.0": [0.9786909243892051, 0.9813352901630353]}