{"model": "models.sk_logistic", "dataset": "h097", "split": "train", "n": 4000, "TP": 1590, "FP": 402, "TN": 1598, "FN": 410, "precision": 0.7981927710843374, "recall": 0.795, "accuracy": 0.797, "f1": 0.7965931863727456, "negative_accuracy": 0.799, "balanced_accuracy": 0.797, "AUC": 0.797, "CI_95.0": [0.7845319508069125, 0.8094680491930876]}