{"model": "cnn2_avg_128_7_e128_s1_d3_50_e512", "dataset": "h112_max_balanced_0_1_1", "congress": "112", "chamber": "House", "style": "max_balanced_0_1_1", "split": "train", "n": 26090, "TP": 12102, "FP": 541, "TN": 12504, "FN": 943, "precision": 0.9572095230562366, "recall": 0.9277117669605213, "accuracy": 0.9431199693369107, "f1": 0.9422298349423854, "negative_accuracy": 0.9585281717133001, "balanced_accuracy": 0.9431199693369107, "AUC": 0.9897113435654303, "CI_95.0": [0.9889184408683512, 0.9905042462625094]}