{"model": "cnn2_avg_128_7_e128_s1_d3_50_e512", "dataset": "h109_max_balanced_0_1_1", "congress": "109", "chamber": "House", "style": "max_balanced_0_1_1", "split": "train", "n": 25802, "TP": 12212, "FP": 714, "TN": 12187, "FN": 689, "precision": 0.9447624941977409, "recall": 0.9465932873420665, "accuracy": 0.9456243702038601, "f1": 0.9456770046850195, "negative_accuracy": 0.9446554530656538, "balanced_accuracy": 0.9456243702038601, "AUC": 0.9897305147706772, "CI_95.0": [0.9888910791014508, 0.9905699504399036]}