{"model": "cnn2_avg_128_7_e128_s1_d3_50_e512", "dataset": "h114_max_balanced_0_1_1", "congress": "114", "chamber": "House", "style": "max_balanced_0_1_1", "split": "train", "n": 18990, "TP": 8539, "FP": 508, "TN": 8987, "FN": 956, "precision": 0.943848789654029, "recall": 0.899315429173249, "accuracy": 0.9229067930489732, "f1": 0.9210441160608349, "negative_accuracy": 0.9464981569246972, "balanced_accuracy": 0.9229067930489732, "AUC": 0.9819743436375288, "CI_95.0": [0.9806359022136222, 0.9833127850614354]}