{"model": "cnn2_avg_128_7_e128_s1_d3_50_e512", "dataset": "h100_max_balanced_0_1_1", "congress": "100", "chamber": "House", "style": "max_balanced_0_1_1", "split": "train", "n": 26218, "TP": 11821, "FP": 960, "TN": 12149, "FN": 1288, "precision": 0.9248885063766529, "recall": 0.9017468914486231, "accuracy": 0.9142573804256617, "f1": 0.9131711085361144, "negative_accuracy": 0.9267678694027004, "balanced_accuracy": 0.9142573804256617, "AUC": 0.9754893310477427, "CI_95.0": [0.9740083717764028, 0.9769702903190827]}