{"model": "cnn2_avg_128_7_e128_s1_d3_50_e512", "dataset": "h097_max_balanced_0_1_1", "congress": "097", "chamber": "House", "style": "max_balanced_0_1_1", "split": "train", "n": 23038, "TP": 9412, "FP": 923, "TN": 10596, "FN": 2107, "precision": 0.9106918238993711, "recall": 0.8170848163903116, "accuracy": 0.8684781665075093, "f1": 0.8613526127939966, "negative_accuracy": 0.919871516624707, "balanced_accuracy": 0.8684781665075093, "AUC": 0.9501483905464063, "CI_95.0": [0.9476658590931837, 0.952630921999629]}