{"model": "cnn2_avg_128_7_e128_s1_d3_50_e512", "dataset": "h103_max_balanced_0_1_1", "congress": "103", "chamber": "House", "style": "max_balanced_0_1_1", "split": "train", "n": 28186, "TP": 12954, "FP": 2560, "TN": 11533, "FN": 1139, "precision": 0.8349877529972928, "recall": 0.9191797346200241, "accuracy": 0.8687646349251401, "f1": 0.8750633296179956, "negative_accuracy": 0.8183495352302561, "balanced_accuracy": 0.8687646349251401, "AUC": 0.9498047050366869, "CI_95.0": [0.9475202081423212, 0.9520892019310526]}