{"model": "cnn2_avg_128_7_e128_s1_d3_50_e512", "dataset": "h106_max_balanced_0_1_1", "congress": "106", "chamber": "House", "style": "max_balanced_0_1_1", "split": "train", "n": 27700, "TP": 11981, "FP": 1769, "TN": 12081, "FN": 1869, "precision": 0.8713454545454545, "recall": 0.8650541516245487, "accuracy": 0.8686642599277978, "f1": 0.8681884057971015, "negative_accuracy": 0.872274368231047, "balanced_accuracy": 0.8686642599277978, "AUC": 0.9475803542337315, "CI_95.0": [0.9452595829959709, 0.9499011254714922]}