{"model": "nnmulti", "dataset": "h100_bayram", "congress": "100", "chamber": "House", "bayram": "style", "split": "train", "n": 4000, "TP": 1169, "FP": 188, "TN": 1812, "FN": 831, "precision": 0.8614591009579956, "recall": 0.5845, "accuracy": 0.74525, "f1": 0.6964551683050343, "negative_accuracy": 0.906, "balanced_accuracy": 0.74525, "AUC": 0.8590907500000001, "CI_95.0": [0.8478935785881426, 0.8702879214118576]}