{"model": "nnmulti", "dataset": "h100_max_balanced_0", "congress": "100", "chamber": "House", "max_balanced_0": "style", "split": "train", "n": 26218, "TP": 10232, "FP": 1924, "TN": 11185, "FN": 2877, "precision": 0.8417242513984864, "recall": 0.7805324586162179, "accuracy": 0.816881531772065, "f1": 0.8099742727092817, "negative_accuracy": 0.8532306049279121, "balanced_accuracy": 0.816881531772065, "AUC": 0.8976399207380478, "CI_95.0": [0.8939204311435388, 0.9013594103325567]}