{"model": "nnmulti", "dataset": "h097_bayram", "congress": "097", "chamber": "House", "bayram": "style", "split": "train", "n": 4000, "TP": 1833, "FP": 153, "TN": 1847, "FN": 167, "precision": 0.9229607250755287, "recall": 0.9165, "accuracy": 0.92, "f1": 0.9197190165579527, "negative_accuracy": 0.9235, "balanced_accuracy": 0.9199999999999999, "AUC": 0.9588472500000002, "CI_95.0": [0.9524245708725083, 0.965269929127492]}