{"model": "nnmulti", "dataset": "h114_bayram", "congress": "114", "chamber": "House", "bayram": "style", "split": "train", "n": 4000, "TP": 1836, "FP": 134, "TN": 1866, "FN": 164, "precision": 0.9319796954314721, "recall": 0.918, "accuracy": 0.9255, "f1": 0.9249370277078085, "negative_accuracy": 0.933, "balanced_accuracy": 0.9255, "AUC": 0.9718717500000001, "CI_95.0": [0.9669115274789462, 0.9768319725210541]}