{"model": "nnmulti", "dataset": "h103_bayram", "congress": "103", "chamber": "House", "bayram": "style", "split": "train", "n": 4000, "TP": 1967, "FP": 49, "TN": 1951, "FN": 33, "precision": 0.9756944444444444, "recall": 0.9835, "accuracy": 0.9795, "f1": 0.9795816733067729, "negative_accuracy": 0.9755, "balanced_accuracy": 0.9795, "AUC": 0.98183225, "CI_95.0": [0.9767852050648478, 0.9868792949351521]}