{"model": "nnmulti", "dataset": "h114_max_balanced_0", "congress": "114", "chamber": "House", "max_balanced_0": "style", "split": "train", "n": 18990, "TP": 8337, "FP": 1182, "TN": 8313, "FN": 1158, "precision": 0.8758272927828553, "recall": 0.8780410742496051, "accuracy": 0.8767772511848341, "f1": 0.8769327863679394, "negative_accuracy": 0.8755134281200632, "balanced_accuracy": 0.8767772511848342, "AUC": 0.9606634128269611, "CI_95.0": [0.9582889079992983, 0.9630379176546239]}