{"model": "nnmulti", "dataset": "h106_bayram", "congress": "106", "chamber": "House", "bayram": "style", "split": "train", "n": 4000, "TP": 1488, "FP": 214, "TN": 1786, "FN": 512, "precision": 0.8742655699177438, "recall": 0.744, "accuracy": 0.8185, "f1": 0.8038897893030794, "negative_accuracy": 0.893, "balanced_accuracy": 0.8185, "AUC": 0.90571725, "CI_95.0": [0.896680120361057, 0.914754379638943]}