{"model": "nnmulti", "dataset": "h112_max_balanced_0", "congress": "112", "chamber": "House", "max_balanced_0": "style", "split": "train", "n": 26090, "TP": 10966, "FP": 2088, "TN": 10957, "FN": 2079, "precision": 0.8400490271181247, "recall": 0.8406285933307781, "accuracy": 0.8402836335760828, "f1": 0.8403387102954137, "negative_accuracy": 0.8399386738213875, "balanced_accuracy": 0.8402836335760828, "AUC": 0.9244494739955054, "CI_95.0": [0.9214227555529517, 0.927476192438059]}