{"model": "nnmulti", "dataset": "h109_bayram", "congress": "109", "chamber": "House", "bayram": "style", "split": "train", "n": 4000, "TP": 1702, "FP": 219, "TN": 1781, "FN": 298, "precision": 0.8859968766267569, "recall": 0.851, "accuracy": 0.87075, "f1": 0.8681458811527671, "negative_accuracy": 0.8905, "balanced_accuracy": 0.8707499999999999, "AUC": 0.9425427500000002, "CI_95.0": [0.9358118101300006, 0.9492736898699998]}