{"model": "nnmulti", "dataset": "h109_max_balanced_0", "congress": "109", "chamber": "House", "max_balanced_0": "style", "split": "train", "n": 25802, "TP": 11162, "FP": 1695, "TN": 11206, "FN": 1739, "precision": 0.868165201835576, "recall": 0.8652042477327339, "accuracy": 0.866909541895977, "f1": 0.866682195822657, "negative_accuracy": 0.8686148360592202, "balanced_accuracy": 0.866909541895977, "AUC": 0.9451411268180216, "CI_95.0": [0.9425816203449119, 0.9477006332911314]}