{"model": "lda_6-3", "dataset": "h109_max_balanced_0", "congress": "109", "chamber": "House", "style": "max_balanced_0", "split": "train", "n": 25802, "TP": 11450, "FP": 1218, "TN": 11683, "FN": 1451, "precision": 0.9038522260814651, "recall": 0.887528098597008, "accuracy": 0.8965584063250911, "f1": 0.8956157847393328, "negative_accuracy": 0.9055887140531742, "balanced_accuracy": 0.8965584063250911, "AUC": 0.8965584063250911, "CI_95.0": [0.8928440452973233, 0.9002727673528589]}