{"model": "lda_6-3", "dataset": "h100_bayram_1_1", "congress": "100", "chamber": "House", "style": "bayram_1_1", "split": "train", "n": 4000, "TP": 1734, "FP": 258, "TN": 1742, "FN": 266, "precision": 0.8704819277108434, "recall": 0.867, "accuracy": 0.869, "f1": 0.8687374749498998, "negative_accuracy": 0.871, "balanced_accuracy": 0.869, "AUC": 0.8690000000000001, "CI_95.0": [0.8585416155589888, 0.8794583844410114]}