{"model": "lda_6-3", "dataset": "h109_bayram_1_1", "congress": "109", "chamber": "House", "style": "bayram_1_1", "split": "train", "n": 4000, "TP": 1761, "FP": 222, "TN": 1778, "FN": 239, "precision": 0.8880484114977307, "recall": 0.8805, "accuracy": 0.88475, "f1": 0.8842580969118755, "negative_accuracy": 0.889, "balanced_accuracy": 0.8847499999999999, "AUC": 0.88475, "CI_95.0": [0.8748526488268515, 0.8946473511731485]}