{"model": "lda_6-3", "dataset": "h097_3gram_max_balanced_0", "congress": "097", "chamber": "House", "style": "3gram_max_balanced_0", "split": "train", "n": 23038, "TP": 11486, "FP": 15, "TN": 11504, "FN": 33, "precision": 0.9986957655856012, "recall": 0.9971351679833319, "accuracy": 0.9979164858060595, "f1": 0.9979148566463945, "negative_accuracy": 0.9986978036287872, "balanced_accuracy": 0.9979164858060596, "AUC": 0.9979164858060596, "CI_95.0": [0.9973277423114214, 0.9985052293006978]}