{"model": "lda_6-3", "dataset": "h100_max_balanced_0", "congress": "100", "chamber": "House", "style": "max_balanced_0", "split": "train", "n": 26218, "TP": 10850, "FP": 1951, "TN": 11158, "FN": 2259, "precision": 0.8475900320287477, "recall": 0.8276756426882295, "accuracy": 0.8394232969715463, "f1": 0.8375144731763798, "negative_accuracy": 0.8511709512548631, "balanced_accuracy": 0.8394232969715463, "AUC": 0.8394232969715464, "CI_95.0": [0.834981341373848, 0.8438652525692447]}