{"model": "lda_6-3", "dataset": "h106_bayram_3_7", "congress": "106", "chamber": "House", "style": "bayram_3_7", "split": "train", "n": 4000, "TP": 1784, "FP": 227, "TN": 1773, "FN": 216, "precision": 0.887120835405271, "recall": 0.892, "accuracy": 0.88925, "f1": 0.8895537272500623, "negative_accuracy": 0.8865, "balanced_accuracy": 0.88925, "AUC": 0.88925, "CI_95.0": [0.8795226660621445, 0.8989773339378555]}