{"model": "lda_6-3", "dataset": "h097_max_balanced_0", "congress": "097", "chamber": "House", "style": "max_balanced_0", "split": "train", "n": 23038, "TP": 9390, "FP": 1957, "TN": 9562, "FN": 2129, "precision": 0.827531506124967, "recall": 0.8151749283791996, "accuracy": 0.8226408542408196, "f1": 0.8213067436368408, "negative_accuracy": 0.8301067801024394, "balanced_accuracy": 0.8226408542408195, "AUC": 0.8226408542408195, "CI_95.0": [0.8177091898609533, 0.8275725186206856]}