{"model": "lda_6-3", "dataset": "h114_bayram_1_1", "congress": "114", "chamber": "House", "style": "bayram_1_1", "split": "train", "n": 4000, "TP": 1772, "FP": 221, "TN": 1779, "FN": 228, "precision": 0.8891118916206724, "recall": 0.886, "accuracy": 0.88775, "f1": 0.8875532181317306, "negative_accuracy": 0.8895, "balanced_accuracy": 0.88775, "AUC": 0.8877499999999999, "CI_95.0": [0.8779650516435696, 0.8975349483564302]}