{"model": "lda_6-3", "dataset": "h100_3gram_max_balanced_0", "congress": "100", "chamber": "House", "style": "3gram_max_balanced_0", "split": "train", "n": 26218, "TP": 13092, "FP": 15, "TN": 13094, "FN": 17, "precision": 0.9988555733577478, "recall": 0.9987031810206728, "accuracy": 0.998779464490045, "f1": 0.9987793713762587, "negative_accuracy": 0.9988557479594172, "balanced_accuracy": 0.998779464490045, "AUC": 0.9987794644900451, "CI_95.0": [0.9983568213229733, 0.9992021076571168]}