{"model": "lda_6-3", "dataset": "h097_bayram_3_7", "congress": "097", "chamber": "House", "style": "bayram_3_7", "split": "train", "n": 4000, "TP": 1737, "FP": 284, "TN": 1716, "FN": 263, "precision": 0.859475507174666, "recall": 0.8685, "accuracy": 0.86325, "f1": 0.8639641880129321, "negative_accuracy": 0.858, "balanced_accuracy": 0.8632500000000001, "AUC": 0.86325, "CI_95.0": [0.8526010214780861, 0.8738989785219138]}