{"model": "lda_6-3", "dataset": "h106_bayram_1_1", "congress": "106", "chamber": "House", "style": "bayram_1_1", "split": "train", "n": 4000, "TP": 1792, "FP": 205, "TN": 1795, "FN": 208, "precision": 0.8973460190285428, "recall": 0.896, "accuracy": 0.89675, "f1": 0.8966725043782837, "negative_accuracy": 0.8975, "balanced_accuracy": 0.8967499999999999, "AUC": 0.89675, "CI_95.0": [0.8873179498821074, 0.9061820501178927]}