{"model": "lda_6-3", "dataset": "h097_bayram_1_1", "congress": "097", "chamber": "House", "style": "bayram_1_1", "split": "train", "n": 4000, "TP": 1763, "FP": 225, "TN": 1775, "FN": 237, "precision": 0.8868209255533199, "recall": 0.8815, "accuracy": 0.8845, "f1": 0.8841524573721163, "negative_accuracy": 0.8875, "balanced_accuracy": 0.8845, "AUC": 0.8845, "CI_95.0": [0.8745928788019818, 0.8944071211980181]}