{"model": "lda_6-3", "dataset": "h112_bayram", "congress": "112", "chamber": "House", "style": "bayram", "split": "train", "n": 4000, "TP": 1997, "FP": 5, "TN": 1995, "FN": 3, "precision": 0.9975024975024975, "recall": 0.9985, "accuracy": 0.998, "f1": 0.9980009995002498, "negative_accuracy": 0.9975, "balanced_accuracy": 0.998, "AUC": 0.9980000000000001, "CI_95.0": [0.9966152232440998, 0.9993847767559004]}