{"model": "lda_6-3", "dataset": "h103_bayram_1_1", "congress": "103", "chamber": "House", "style": "bayram_1_1", "split": "train", "n": 4000, "TP": 1796, "FP": 198, "TN": 1802, "FN": 204, "precision": 0.9007021063189569, "recall": 0.898, "accuracy": 0.8995, "f1": 0.8993490235353031, "negative_accuracy": 0.901, "balanced_accuracy": 0.8995, "AUC": 0.8995000000000001, "CI_95.0": [0.8901802361921216, 0.9088197638078785]}