{"model": "lda_6-3", "dataset": "h103_3gram_max_balanced_0", "congress": "103", "chamber": "House", "style": "3gram_max_balanced_0", "split": "train", "n": 28186, "TP": 14076, "FP": 23, "TN": 14070, "FN": 17, "precision": 0.99836867862969, "recall": 0.9987937273823885, "accuracy": 0.9985808557439864, "f1": 0.9985811577752554, "negative_accuracy": 0.9983679841055844, "balanced_accuracy": 0.9985808557439864, "AUC": 0.9985808557439864, "CI_95.0": [0.9981413700708229, 0.9990203414171498]}