{"model": "lda_6-3", "dataset": "h112_bayram_1_1", "congress": "112", "chamber": "House", "style": "bayram_1_1", "split": "train", "n": 4000, "TP": 1749, "FP": 229, "TN": 1771, "FN": 251, "precision": 0.8842264914054601, "recall": 0.8745, "accuracy": 0.88, "f1": 0.8793363499245852, "negative_accuracy": 0.8855, "balanced_accuracy": 0.88, "AUC": 0.88, "CI_95.0": [0.8699284469954254, 0.8900715530045746]}