{"model": "lda_6-3", "dataset": "h112_max_balanced_0", "congress": "112", "chamber": "House", "style": "max_balanced_0", "split": "train", "n": 26090, "TP": 11465, "FP": 1455, "TN": 11590, "FN": 1580, "precision": 0.8873839009287926, "recall": 0.878880797240322, "accuracy": 0.8836719049444232, "f1": 0.8831118813787792, "negative_accuracy": 0.8884630126485243, "balanced_accuracy": 0.8836719049444232, "AUC": 0.8836719049444233, "CI_95.0": [0.879781748788904, 0.8875620610999425]}