{"model": "lda_6-3", "dataset": "h103_bayram_3_7", "congress": "103", "chamber": "House", "style": "bayram_3_7", "split": "train", "n": 4000, "TP": 1764, "FP": 235, "TN": 1765, "FN": 236, "precision": 0.8824412206103052, "recall": 0.882, "accuracy": 0.88225, "f1": 0.8822205551387846, "negative_accuracy": 0.8825, "balanced_accuracy": 0.88225, "AUC": 0.8822500000000001, "CI_95.0": [0.8722591403778576, 0.8922408596221426]}