{"model": "lda_6-3", "dataset": "h109_bayram_3_7", "congress": "109", "chamber": "House", "style": "bayram_3_7", "split": "train", "n": 4000, "TP": 1787, "FP": 190, "TN": 1810, "FN": 213, "precision": 0.9038947900859888, "recall": 0.8935, "accuracy": 0.89925, "f1": 0.8986673371888357, "negative_accuracy": 0.905, "balanced_accuracy": 0.89925, "AUC": 0.89925, "CI_95.0": [0.8899215349517947, 0.9085784650482053]}