{"model": "lstm", "dataset": "h112_max_balanced_0", "congress": "112", "chamber": "House", "max_balanced_0": "style", "split": "train", "n": 26090, "TP": 11128, "FP": 1381, "TN": 11664, "FN": 1917, "precision": 0.8895994883683748, "recall": 0.8530471444998083, "accuracy": 0.8735914143349942, "f1": 0.8709399702590592, "negative_accuracy": 0.8941356841701802, "balanced_accuracy": 0.8735914143349943, "AUC": 0.9490089425685568, "CI_95.0": [0.9466117912680134, 0.9514060938691002]}