{"model": "lstm", "dataset": "h112_bayram", "congress": "112", "chamber": "House", "bayram": "style", "split": "train", "n": 4000, "TP": 1846, "FP": 262, "TN": 1738, "FN": 154, "precision": 0.8757115749525617, "recall": 0.923, "accuracy": 0.896, "f1": 0.8987341772151899, "negative_accuracy": 0.869, "balanced_accuracy": 0.896, "AUC": 0.9590175, "CI_95.0": [0.9533411441400643, 0.9646938558599356]}