{"model": "lstm", "dataset": "h106_bayram", "congress": "106", "chamber": "House", "bayram": "style", "split": "train", "n": 4000, "TP": 1747, "FP": 175, "TN": 1825, "FN": 253, "precision": 0.9089490114464099, "recall": 0.8735, "accuracy": 0.893, "f1": 0.8908720040795512, "negative_accuracy": 0.9125, "balanced_accuracy": 0.893, "AUC": 0.9634857500000001, "CI_95.0": [0.9585524848361735, 0.9684190151638268]}