{"model": "lstm", "dataset": "h097_max_balanced_0", "congress": "097", "chamber": "House", "max_balanced_0": "style", "split": "train", "n": 23038, "TP": 9791, "FP": 2446, "TN": 9073, "FN": 1728, "precision": 0.8001144071259295, "recall": 0.8499869780362879, "accuracy": 0.8188210782185954, "f1": 0.8242970197002862, "negative_accuracy": 0.7876551784009028, "balanced_accuracy": 0.8188210782185954, "AUC": 0.9020884400587332, "CI_95.0": [0.8982379713429696, 0.9059389087744969]}