{"model": "lstm", "dataset": "h100_max_balanced_0", "congress": "100", "chamber": "House", "max_balanced_0": "style", "split": "train", "n": 26218, "TP": 10207, "FP": 2314, "TN": 10795, "FN": 2902, "precision": 0.8151904799936107, "recall": 0.7786253718819132, "accuracy": 0.8010527118773362, "f1": 0.7964884900507219, "negative_accuracy": 0.8234800518727592, "balanced_accuracy": 0.8010527118773362, "AUC": 0.8836275627694562, "CI_95.0": [0.8796757072668544, 0.887579418272058]}