{"model": "lstm", "dataset": "h106_max_balanced_0", "congress": "106", "chamber": "House", "max_balanced_0": "style", "split": "train", "n": 27700, "TP": 11988, "FP": 3464, "TN": 10386, "FN": 1862, "precision": 0.7758219000776598, "recall": 0.8655595667870036, "accuracy": 0.8077256317689531, "f1": 0.8182376629581598, "negative_accuracy": 0.7498916967509025, "balanced_accuracy": 0.8077256317689531, "AUC": 0.8937300759817017, "CI_95.0": [0.8900870590904738, 0.8973730928729297]}