{"model": "lstm", "dataset": "h109_bayram", "congress": "109", "chamber": "House", "bayram": "style", "split": "train", "n": 4000, "TP": 1611, "FP": 322, "TN": 1678, "FN": 389, "precision": 0.8334195550957062, "recall": 0.8055, "accuracy": 0.82225, "f1": 0.8192219679633868, "negative_accuracy": 0.839, "balanced_accuracy": 0.8222499999999999, "AUC": 0.9017242500000001, "CI_95.0": [0.8923906922601338, 0.9110578077398664]}