{"model": "lstm", "dataset": "h100_bayram", "congress": "100", "chamber": "House", "bayram": "style", "split": "train", "n": 4000, "TP": 1518, "FP": 819, "TN": 1181, "FN": 482, "precision": 0.6495507060333762, "recall": 0.759, "accuracy": 0.67475, "f1": 0.7000230574129582, "negative_accuracy": 0.5905, "balanced_accuracy": 0.67475, "AUC": 0.7405732499999998, "CI_95.0": [0.7254220393151387, 0.755724460684861]}