{"model": "nn20d_reg", "dataset": "h097_bayram_1_1", "congress": "097", "chamber": "House", "bayram_1_1": "style", "split": "train", "n": 4000, "TP": 785, "FP": 421, "TN": 1579, "FN": 1215, "precision": 0.6509121061359867, "recall": 0.3925, "accuracy": 0.591, "f1": 0.4897067997504679, "negative_accuracy": 0.7895, "balanced_accuracy": 0.591, "AUC": 0.6556382500000001, "CI_95.0": [0.6388773647767871, 0.672399135223213]}