{"model": "nn20d_reg", "dataset": "h106_bayram_1_1", "congress": "106", "chamber": "House", "bayram_1_1": "style", "split": "train", "n": 4000, "TP": 1146, "FP": 553, "TN": 1447, "FN": 854, "precision": 0.6745144202472042, "recall": 0.573, "accuracy": 0.64825, "f1": 0.6196269261962692, "negative_accuracy": 0.7235, "balanced_accuracy": 0.64825, "AUC": 0.7232937500000002, "CI_95.0": [0.7078319326394228, 0.7387555673605776]}