{"model": "nn20d_reg", "dataset": "h112_bayram_1_1", "congress": "112", "chamber": "House", "bayram_1_1": "style", "split": "train", "n": 4000, "TP": 1360, "FP": 427, "TN": 1573, "FN": 640, "precision": 0.7610520425293789, "recall": 0.68, "accuracy": 0.73325, "f1": 0.7182466332189068, "negative_accuracy": 0.7865, "balanced_accuracy": 0.73325, "AUC": 0.81838325, "CI_95.0": [0.8056972337208992, 0.8310692662791008]}