{"model": "cnn2_avg_128_7_e128_s1", "dataset": "h103_max_balanced_0_1_1", "congress": "103", "chamber": "House", "style": "max_balanced_0_1_1", "split": "train", "n": 28186, "TP": 13265, "FP": 2582, "TN": 11511, "FN": 828, "precision": 0.8370669527355336, "recall": 0.941247427801036, "accuracy": 0.8790179521748386, "f1": 0.8861055444221777, "negative_accuracy": 0.8167884765486412, "balanced_accuracy": 0.8790179521748386, "AUC": 0.9585989561017336, "CI_95.0": [0.9565683758781934, 0.9606295363252738]}