{"model": "cnn2_avg_128_7_e128_s1", "dataset": "h097_max_balanced_0_1_1", "congress": "097", "chamber": "House", "style": "max_balanced_0_1_1", "split": "train", "n": 23038, "TP": 10900, "FP": 1283, "TN": 10236, "FN": 619, "precision": 0.8946893211852581, "recall": 0.9462626964146194, "accuracy": 0.9174407500651098, "f1": 0.919753607290524, "negative_accuracy": 0.8886188037156003, "balanced_accuracy": 0.9174407500651098, "AUC": 0.9812987915254414, "CI_95.0": [0.9800152470088795, 0.9825823360420033]}