{"model": "cnn2_avg_128_7_e128_s1", "dataset": "h112_max_balanced_0_1_1", "congress": "112", "chamber": "House", "style": "max_balanced_0_1_1", "split": "train", "n": 26090, "TP": 11397, "FP": 1501, "TN": 11544, "FN": 1648, "precision": 0.8836253682741511, "recall": 0.8736680720582599, "accuracy": 0.8793024147182829, "f1": 0.878618509809968, "negative_accuracy": 0.8849367573783059, "balanced_accuracy": 0.8793024147182829, "AUC": 0.9568845672489352, "CI_95.0": [0.9547796656090473, 0.9589894688888232]}