{"model": "cnn2_avg_128_7_e128_s1", "dataset": "h114_max_balanced_0_1_1", "congress": "114", "chamber": "House", "style": "max_balanced_0_1_1", "split": "train", "n": 18990, "TP": 9070, "FP": 172, "TN": 9323, "FN": 425, "precision": 0.9813893096732309, "recall": 0.9552395997893628, "accuracy": 0.9685624012638231, "f1": 0.9681379089502055, "negative_accuracy": 0.9818852027382833, "balanced_accuracy": 0.968562401263823, "AUC": 0.997423077637658, "CI_95.0": [0.9970985247410681, 0.997747630534248]}