{"model": "cnn2_avg_128_7_e128_s1", "dataset": "h100_max_balanced_0_1_1", "congress": "100", "chamber": "House", "style": "max_balanced_0_1_1", "split": "train", "n": 26218, "TP": 10609, "FP": 1273, "TN": 11836, "FN": 2500, "precision": 0.8928631543511193, "recall": 0.8092913265695324, "accuracy": 0.8560912350293691, "f1": 0.8490256492337241, "negative_accuracy": 0.9028911434892058, "balanced_accuracy": 0.8560912350293691, "AUC": 0.9398014520929948, "CI_95.0": [0.9371409402704376, 0.942461963915552]}