{"model": "cnn2_avg_128_7_e128_s1", "dataset": "h109_max_balanced_0_1_1", "congress": "109", "chamber": "House", "style": "max_balanced_0_1_1", "split": "train", "n": 25802, "TP": 12052, "FP": 592, "TN": 12309, "FN": 849, "precision": 0.9531793736159443, "recall": 0.9341911479730254, "accuracy": 0.9441516161537865, "f1": 0.9435897435897437, "negative_accuracy": 0.9541120843345477, "balanced_accuracy": 0.9441516161537866, "AUC": 0.9893179172430575, "CI_95.0": [0.9884524302121743, 0.9901834042739407]}