{"model": "cnn2_avg_128_7_e128_s1", "dataset": "h106_max_balanced_0_1_1", "congress": "106", "chamber": "House", "style": "max_balanced_0_1_1", "split": "train", "n": 27700, "TP": 12553, "FP": 850, "TN": 13000, "FN": 1297, "precision": 0.9365813623815563, "recall": 0.9063537906137185, "accuracy": 0.9224909747292419, "f1": 0.9212196822368179, "negative_accuracy": 0.9386281588447654, "balanced_accuracy": 0.9224909747292419, "AUC": 0.9811898343520702, "CI_95.0": [0.98000187852849, 0.9823777901756504]}