{"model": "transformer_e32_2_d3_10_l16", "dataset": "h103_max_balanced_0_1_1", "congress": "103", "chamber": "House", "style": "max_balanced_0_1_1", "split": "train", "n": 28186, "TP": 12077, "FP": 1385, "TN": 12708, "FN": 2016, "precision": 0.8971178131035508, "recall": 0.8569502589938267, "accuracy": 0.8793372596324417, "f1": 0.8765741244783161, "negative_accuracy": 0.9017242602710566, "balanced_accuracy": 0.8793372596324416, "AUC": 0.9566757729513995, "CI_95.0": [0.9545814628699892, 0.9587700830328098]}