{"model": "transformer_e32_2_d3_10_l16", "dataset": "h106_max_balanced_0_1_1", "congress": "106", "chamber": "House", "style": "max_balanced_0_1_1", "split": "train", "n": 27700, "TP": 12870, "FP": 4098, "TN": 9752, "FN": 980, "precision": 0.7584865629420084, "recall": 0.9292418772563177, "accuracy": 0.8166787003610109, "f1": 0.8352261665260561, "negative_accuracy": 0.7041155234657039, "balanced_accuracy": 0.8166787003610108, "AUC": 0.9207064186943659, "CI_95.0": [0.9176661677002931, 0.9237466696884387]}