{"model": "transformer_e32_2_d3_10_l16", "dataset": "h100_max_balanced_0_1_1", "congress": "100", "chamber": "House", "style": "max_balanced_0_1_1", "split": "train", "n": 26218, "TP": 10874, "FP": 1531, "TN": 11578, "FN": 2235, "precision": 0.8765820233776703, "recall": 0.8295064459531619, "accuracy": 0.8563582271721718, "f1": 0.8523947636591676, "negative_accuracy": 0.8832100083911816, "balanced_accuracy": 0.8563582271721717, "AUC": 0.9389849152101585, "CI_95.0": [0.9363212590716266, 0.9416485713486904]}