{"model": "transformer_e32_2_d3_10_l16", "dataset": "h097_max_balanced_0_1_1", "congress": "097", "chamber": "House", "style": "max_balanced_0_1_1", "split": "train", "n": 23038, "TP": 9516, "FP": 2968, "TN": 8551, "FN": 2003, "precision": 0.762255687279718, "recall": 0.8261133778973869, "accuracy": 0.7842260612900426, "f1": 0.7929008873890764, "negative_accuracy": 0.7423387446826981, "balanced_accuracy": 0.7842260612900425, "AUC": 0.8818545761868004, "CI_95.0": [0.8776791832373484, 0.8860299691362524]}