{"model": "transformer_e32_2_d3_10_l16", "dataset": "h112_max_balanced_0_1_1", "congress": "112", "chamber": "House", "style": "max_balanced_0_1_1", "split": "train", "n": 26090, "TP": 10712, "FP": 1531, "TN": 11514, "FN": 2333, "precision": 0.8749489504206486, "recall": 0.8211575316213109, "accuracy": 0.8518972786508241, "f1": 0.8472002530844669, "negative_accuracy": 0.8826370256803373, "balanced_accuracy": 0.8518972786508241, "AUC": 0.934657326901998, "CI_95.0": [0.9318776225431658, 0.9374370312608302]}