{"model": "transformer_e32_2_d3_10_l16", "dataset": "h109_max_balanced_0_1_1", "congress": "109", "chamber": "House", "style": "max_balanced_0_1_1", "split": "train", "n": 25802, "TP": 9956, "FP": 552, "TN": 12349, "FN": 2945, "precision": 0.9474685953559193, "recall": 0.7717231222385862, "accuracy": 0.864467870707697, "f1": 0.8506130120893675, "negative_accuracy": 0.957212619176808, "balanced_accuracy": 0.8644678707076972, "AUC": 0.9545736947545318, "CI_95.0": [0.952278193568746, 0.9568691959403176]}