{"model": "transformer_e32_2_d3_10_l16", "dataset": "h114_max_balanced_0_1_1", "congress": "114", "chamber": "House", "style": "max_balanced_0_1_1", "split": "train", "n": 18990, "TP": 8622, "FP": 1095, "TN": 8400, "FN": 873, "precision": 0.88731089842544, "recall": 0.9080568720379147, "accuracy": 0.8963665086887835, "f1": 0.8975640224859464, "negative_accuracy": 0.8846761453396524, "balanced_accuracy": 0.8963665086887835, "AUC": 0.9693369892582249, "CI_95.0": [0.9673486851265666, 0.9713252933898832]}