{"model": "models.nn1000d", "dataset": "h097", "split": "train", "n": 4000, "TP": 1847, "FP": 342, "TN": 1658, "FN": 153, "precision": 0.84376427592508, "recall": 0.9235, "accuracy": 0.87625, "f1": 0.8818333731200764, "negative_accuracy": 0.829, "balanced_accuracy": 0.87625, "AUC": 0.95607225, "CI_95.0": [0.9505497621911733, 0.9615947378088266]}