{"model": "models.nn1000d", "dataset": "h109", "split": "train", "n": 4000, "TP": 1693, "FP": 201, "TN": 1799, "FN": 307, "precision": 0.8938753959873285, "recall": 0.8465, "accuracy": 0.873, "f1": 0.8695428864920391, "negative_accuracy": 0.8995, "balanced_accuracy": 0.873, "AUC": 0.949847, "CI_95.0": [0.943762008941529, 0.955931991058471]}