{"model": "models.nn1000d", "dataset": "h103", "split": "train", "n": 4000, "TP": 1821, "FP": 251, "TN": 1749, "FN": 179, "precision": 0.8788610038610039, "recall": 0.9105, "accuracy": 0.8925, "f1": 0.8944007858546168, "negative_accuracy": 0.8745, "balanced_accuracy": 0.8925000000000001, "AUC": 0.9617592500000002, "CI_95.0": [0.9566327369068965, 0.9668857630931038]}