{"model": "models.nn1000d", "dataset": "h106", "split": "train", "n": 4000, "TP": 1759, "FP": 95, "TN": 1905, "FN": 241, "precision": 0.9487594390507011, "recall": 0.8795, "accuracy": 0.916, "f1": 0.9128178515827711, "negative_accuracy": 0.9525, "balanced_accuracy": 0.9159999999999999, "AUC": 0.9770119999999999, "CI_95.0": [0.9731940810300479, 0.9808299189699519]}