{"model": "transformer_2_d3_20", "dataset": "h109_max_balanced_0_1_1", "congress": "109", "chamber": "House", "style": "max_balanced_0_1_1", "split": "train", "n": 25802, "TP": 10656, "FP": 1427, "TN": 11474, "FN": 2245, "precision": 0.8819001903500786, "recall": 0.8259824819781413, "accuracy": 0.8576854507402527, "f1": 0.8530259365994237, "negative_accuracy": 0.8893884195023641, "balanced_accuracy": 0.8576854507402527, "AUC": 0.9415446560082348, "CI_95.0": [0.9389186086597876, 0.944170703356682]}