{"model": "transformer_2_d3_20", "dataset": "h112_max_balanced_0_1_1", "congress": "112", "chamber": "House", "style": "max_balanced_0_1_1", "split": "train", "n": 26090, "TP": 11766, "FP": 1397, "TN": 11648, "FN": 1279, "precision": 0.8938691787586417, "recall": 0.9019547719432733, "accuracy": 0.8974319662706017, "f1": 0.8978937728937729, "negative_accuracy": 0.8929091605979302, "balanced_accuracy": 0.8974319662706018, "AUC": 0.9664381939393387, "CI_95.0": [0.9646087925913077, 0.9682675952873697]}