{"model": "transformer_2_d3_20", "dataset": "h114_max_balanced_0_1_1", "congress": "114", "chamber": "House", "style": "max_balanced_0_1_1", "split": "train", "n": 18990, "TP": 8926, "FP": 234, "TN": 9261, "FN": 569, "precision": 0.9744541484716157, "recall": 0.9400737230121117, "accuracy": 0.9577145866245392, "f1": 0.9569552398820691, "negative_accuracy": 0.9753554502369668, "balanced_accuracy": 0.9577145866245392, "AUC": 0.9950161180699579, "CI_95.0": [0.9944318151924194, 0.9956004209474965]}