{"model": "transformer_2_d3_20", "dataset": "h106_max_balanced_0_1_1", "congress": "106", "chamber": "House", "style": "max_balanced_0_1_1", "split": "train", "n": 27700, "TP": 12010, "FP": 1853, "TN": 11997, "FN": 1840, "precision": 0.8663348481569646, "recall": 0.8671480144404332, "accuracy": 0.8666787003610108, "f1": 0.8667412405730162, "negative_accuracy": 0.8662093862815885, "balanced_accuracy": 0.8666787003610108, "AUC": 0.9472962895385055, "CI_95.0": [0.9449480935497679, 0.9496444855272431]}