{"model": "transformer_2_d3_20", "dataset": "h103_max_balanced_0_1_1", "congress": "103", "chamber": "House", "style": "max_balanced_0_1_1", "split": "train", "n": 28186, "TP": 12393, "FP": 712, "TN": 13381, "FN": 1700, "precision": 0.9456695917588707, "recall": 0.879372738238842, "accuracy": 0.9144256013623785, "f1": 0.9113170086035738, "negative_accuracy": 0.949478464485915, "balanced_accuracy": 0.9144256013623785, "AUC": 0.9776405504767223, "CI_95.0": [0.9762512478953626, 0.979029853058082]}