{"model": "transformer_2_d3_20", "dataset": "h100_max_balanced_0_1_1", "congress": "100", "chamber": "House", "style": "max_balanced_0_1_1", "split": "train", "n": 26218, "TP": 9516, "FP": 1337, "TN": 11772, "FN": 3593, "precision": 0.8768082557818114, "recall": 0.725913494545732, "accuracy": 0.811961247997559, "f1": 0.7942575744929471, "negative_accuracy": 0.8980090014493859, "balanced_accuracy": 0.8119612479975589, "AUC": 0.9082307768552219, "CI_95.0": [0.9048293919558463, 0.9116321617545975]}