{"model": "transformer_2_d3_20", "dataset": "h097_max_balanced_0_1_1", "congress": "097", "chamber": "House", "style": "max_balanced_0_1_1", "split": "train", "n": 23038, "TP": 8611, "FP": 2238, "TN": 9281, "FN": 2908, "precision": 0.7937137063323809, "recall": 0.7475475301675493, "accuracy": 0.7766299157913014, "f1": 0.7699391988555078, "negative_accuracy": 0.8057123014150533, "balanced_accuracy": 0.7766299157913013, "AUC": 0.8708193503072232, "CI_95.0": [0.8664108103440128, 0.8752278902704337]}