{"model": "nn20hd", "dataset": "h100_max_balanced_0", "split": "train", "n": 26218, "TP": 10095, "FP": 3384, "TN": 9725, "FN": 3014, "precision": 0.7489427999109727, "recall": 0.7700816233122283, "accuracy": 0.7559691814783737, "f1": 0.7593651271250189, "negative_accuracy": 0.741856739644519, "balanced_accuracy": 0.7559691814783737, "AUC": 0.8387103470929279, "CI_95.0": [0.8340087886365214, 0.8434119055493344]}