{"model": "nn20hd", "dataset": "h112_max_balanced_0", "split": "train", "n": 26090, "TP": 10984, "FP": 2203, "TN": 10842, "FN": 2061, "precision": 0.8329415333282778, "recall": 0.8420084323495592, "accuracy": 0.8365657339977003, "f1": 0.8374504422079903, "negative_accuracy": 0.8311230356458413, "balanced_accuracy": 0.8365657339977003, "AUC": 0.9195689743951745, "CI_95.0": [0.9164128063343581, 0.9227251424559909]}