{"model": "nn20hd", "dataset": "h109_max_balanced_0", "split": "train", "n": 25802, "TP": 10499, "FP": 1509, "TN": 11392, "FN": 2402, "precision": 0.8743337774816788, "recall": 0.8138128827222696, "accuracy": 0.8484226028990001, "f1": 0.8429884780601389, "negative_accuracy": 0.8830323230757305, "balanced_accuracy": 0.8484226028990001, "AUC": 0.92923582889477, "CI_95.0": [0.9262591777449133, 0.9322124800446266]}