{"model": "logistic_dict", "dataset": "h107_2gram_max_balanced_0_10_50", "congress": "107", "chamber": "House", "style": "2gram_max_balanced_0_10_50", "split": "train", "n": 22362, "TP": 9766, "FP": 1362, "TN": 9819, "FN": 1415, "precision": 0.8776060388209921, "recall": 0.8734460245058582, "accuracy": 0.8758161166264198, "f1": 0.8755210901429916, "negative_accuracy": 0.8781862087469815, "balanced_accuracy": 0.8758161166264198, "AUC": 0.9484415284367899, "CI_95.0": [0.9458312844284926, 0.9510517724450871]}