{"model": "logistic_dict", "dataset": "h097_3gram_max_balanced_0_10_50", "congress": "097", "chamber": "House", "style": "3gram_max_balanced_0_10_50", "split": "train", "n": 23038, "TP": 9696, "FP": 1402, "TN": 10117, "FN": 1823, "precision": 0.8736709316994054, "recall": 0.8417397343519403, "accuracy": 0.8600138900946263, "f1": 0.8574081443162224, "negative_accuracy": 0.8782880458373122, "balanced_accuracy": 0.8600138900946263, "AUC": 0.9356702670422392, "CI_95.0": [0.9326516442587112, 0.9386888898257673]}