{"model": "logistic_dict", "dataset": "h098_2gram_max_balanced_0_10_50", "congress": "098", "chamber": "House", "style": "2gram_max_balanced_0_10_50", "split": "train", "n": 28392, "TP": 12374, "FP": 2277, "TN": 11919, "FN": 1822, "precision": 0.8445839874411303, "recall": 0.8716539870386024, "accuracy": 0.8556283460129614, "f1": 0.8579055014386244, "negative_accuracy": 0.8396027049873204, "balanced_accuracy": 0.8556283460129614, "AUC": 0.9326092342157268, "CI_95.0": [0.9298315053354229, 0.9353869630960308]}