{"model": "logistic_dict", "dataset": "h107_3gram_max_balanced_0_10_50", "congress": "107", "chamber": "House", "style": "3gram_max_balanced_0_10_50", "split": "train", "n": 22362, "TP": 10016, "FP": 1095, "TN": 10086, "FN": 1165, "precision": 0.9014490144901449, "recall": 0.8958053841337984, "accuracy": 0.8989356944817101, "f1": 0.8986183384173695, "negative_accuracy": 0.9020660048296216, "balanced_accuracy": 0.89893569448171, "AUC": 0.9643618164418198, "CI_95.0": [0.9622800588331, 0.9664435740505397]}