{"model": "logistic_dict", "dataset": "h098_max_balanced_0_10_50", "congress": "098", "chamber": "House", "style": "max_balanced_0_10_50", "split": "train", "n": 28392, "TP": 11074, "FP": 3543, "TN": 10653, "FN": 3122, "precision": 0.7576110008893754, "recall": 0.7800788954635108, "accuracy": 0.7652507748661594, "f1": 0.7686808038038385, "negative_accuracy": 0.7504226542688082, "balanced_accuracy": 0.7652507748661594, "AUC": 0.8497363070258739, "CI_95.0": [0.845380435277792, 0.8540921787739557]}