{"model": "logistic_dict", "dataset": "h108_2gram_max_balanced_0_10_50", "congress": "108", "chamber": "House", "style": "2gram_max_balanced_0_10_50", "split": "train", "n": 25242, "TP": 11938, "FP": 849, "TN": 11772, "FN": 683, "precision": 0.9336044420114179, "recall": 0.9458838443863402, "accuracy": 0.9393075033674035, "f1": 0.9397040302267002, "negative_accuracy": 0.9327311623484669, "balanced_accuracy": 0.9393075033674035, "AUC": 0.9856055046291429, "CI_95.0": [0.9845089891886035, 0.9867020200696822]}