{"model": "logistic_dict", "dataset": "h100_2gram_max_balanced_0_10_50", "congress": "100", "chamber": "House", "style": "2gram_max_balanced_0_10_50", "split": "train", "n": 26218, "TP": 11672, "FP": 1567, "TN": 11542, "FN": 1437, "precision": 0.8816375859203868, "recall": 0.8903806545121672, "accuracy": 0.8854222290029751, "f1": 0.8859875512372856, "negative_accuracy": 0.880463803493783, "balanced_accuracy": 0.8854222290029751, "AUC": 0.9559012066166427, "CI_95.0": [0.9536858098422907, 0.9581166033909947]}