{"model": "logistic_dict", "dataset": "h105_3gram_max_balanced_0_10_50", "congress": "105", "chamber": "House", "style": "3gram_max_balanced_0_10_50", "split": "train", "n": 27360, "TP": 12491, "FP": 1242, "TN": 12438, "FN": 1189, "precision": 0.9095609116726134, "recall": 0.9130847953216374, "accuracy": 0.9111476608187135, "f1": 0.9113194469777114, "negative_accuracy": 0.9092105263157895, "balanced_accuracy": 0.9111476608187135, "AUC": 0.9721207273178071, "CI_95.0": [0.970511301615659, 0.9737301530199551]}