{"model": "logistic_dict", "dataset": "h110_3gram_max_balanced_0_10_50", "congress": "110", "chamber": "House", "style": "3gram_max_balanced_0_10_50", "split": "train", "n": 27948, "TP": 12990, "FP": 1219, "TN": 12755, "FN": 984, "precision": 0.9142093039622774, "recall": 0.9295835122370116, "accuracy": 0.9211750393588092, "f1": 0.9218323102579569, "negative_accuracy": 0.9127665664806068, "balanced_accuracy": 0.9211750393588092, "AUC": 0.9766110031697419, "CI_95.0": [0.9751659623174512, 0.9780560440220326]}