{"model": "logistic_dict", "dataset": "h113_2gram_max_balanced_0_10_50", "congress": "113", "chamber": "House", "style": "2gram_max_balanced_0_10_50", "split": "train", "n": 22802, "TP": 10578, "FP": 1023, "TN": 10378, "FN": 823, "precision": 0.9118179467287303, "recall": 0.9278133497061661, "accuracy": 0.9190421892816419, "f1": 0.919746109033997, "negative_accuracy": 0.9102710288571177, "balanced_accuracy": 0.9190421892816419, "AUC": 0.977392978321801, "CI_95.0": [0.9758773980837783, 0.9789085585598238]}