{"model": "logistic_dict", "dataset": "h105_max_balanced_0_10_50", "congress": "105", "chamber": "House", "style": "max_balanced_0_10_50", "split": "train", "n": 27360, "TP": 11521, "FP": 2661, "TN": 11019, "FN": 2159, "precision": 0.8123677901565365, "recall": 0.8421783625730994, "accuracy": 0.8238304093567251, "f1": 0.8270045222884215, "negative_accuracy": 0.8054824561403509, "balanced_accuracy": 0.8238304093567251, "AUC": 0.9091085718682671, "CI_95.0": [0.9057896108493477, 0.9124275328871865]}