{"model": "logistic_dict", "dataset": "h103_2gram_max_balanced_0_10_50", "congress": "103", "chamber": "House", "style": "2gram_max_balanced_0_10_50", "split": "train", "n": 28186, "TP": 12523, "FP": 1892, "TN": 12201, "FN": 1570, "precision": 0.8687478321193202, "recall": 0.8885971759029305, "accuracy": 0.8771730646420208, "f1": 0.8785604040970956, "negative_accuracy": 0.8657489533811112, "balanced_accuracy": 0.8771730646420208, "AUC": 0.9505563339019762, "CI_95.0": [0.9482753606637866, 0.9528373071401659]}