{"model": "logistic_dict", "dataset": "h113_3gram_max_balanced_0_10_50", "congress": "113", "chamber": "House", "style": "3gram_max_balanced_0_10_50", "split": "train", "n": 22802, "TP": 10629, "FP": 508, "TN": 10893, "FN": 772, "precision": 0.9543862799676753, "recall": 0.9322866415226735, "accuracy": 0.9438645732830453, "f1": 0.9432070281302689, "negative_accuracy": 0.9554425050434172, "balanced_accuracy": 0.9438645732830453, "AUC": 0.9885216237185103, "CI_95.0": [0.98754425172131, 0.9894989957157105]}