{"model": "logistic_dict", "dataset": "h105_2gram_max_balanced_0_10_50", "congress": "105", "chamber": "House", "style": "2gram_max_balanced_0_10_50", "split": "train", "n": 27360, "TP": 12523, "FP": 1523, "TN": 12157, "FN": 1157, "precision": 0.8915705538943471, "recall": 0.9154239766081871, "accuracy": 0.902046783625731, "f1": 0.90333982543461, "negative_accuracy": 0.8886695906432749, "balanced_accuracy": 0.902046783625731, "AUC": 0.9675311928242879, "CI_95.0": [0.9657683938654027, 0.9692939917831731]}