{"model": "logistic_dict", "dataset": "h101_max_balanced_0_10_50", "congress": "101", "chamber": "House", "style": "max_balanced_0_10_50", "split": "train", "n": 24920, "TP": 9290, "FP": 2126, "TN": 10334, "FN": 3170, "precision": 0.8137701471618781, "recall": 0.7455858747993579, "accuracy": 0.7874799357945426, "f1": 0.7781873010554531, "negative_accuracy": 0.8293739967897271, "balanced_accuracy": 0.7874799357945426, "AUC": 0.874937961992018, "CI_95.0": [0.8707444968362795, 0.8791314271477565]}