{"model": "logistic_dict", "dataset": "h097_2gram_max_balanced_0_10_50", "congress": "097", "chamber": "House", "style": "2gram_max_balanced_0_10_50", "split": "train", "n": 23038, "TP": 9934, "FP": 2457, "TN": 9062, "FN": 1585, "precision": 0.8017109192155597, "recall": 0.8624012501085163, "accuracy": 0.8245507422519316, "f1": 0.8309493935591803, "negative_accuracy": 0.7867002343953469, "balanced_accuracy": 0.8245507422519316, "AUC": 0.908070935256599, "CI_95.0": [0.9043582012620229, 0.911783669251175]}