{"model": "logistic_dict", "dataset": "h101_2gram_max_balanced_0_10_50", "congress": "101", "chamber": "House", "style": "2gram_max_balanced_0_10_50", "split": "train", "n": 24920, "TP": 10592, "FP": 1700, "TN": 10760, "FN": 1868, "precision": 0.8616986657988935, "recall": 0.8500802568218299, "accuracy": 0.8568218298555377, "f1": 0.8558500323206206, "negative_accuracy": 0.8635634028892456, "balanced_accuracy": 0.8568218298555377, "AUC": 0.9336732825941888, "CI_95.0": [0.9307479171826905, 0.9365986480056872]}