{"model": "logistic_dict", "dataset": "h106_3gram_max_balanced_0_10_50", "congress": "106", "chamber": "House", "style": "3gram_max_balanced_0_10_50", "split": "train", "n": 27700, "TP": 13090, "FP": 896, "TN": 12954, "FN": 760, "precision": 0.9359359359359359, "recall": 0.9451263537906137, "accuracy": 0.9402166064981949, "f1": 0.9405086937778416, "negative_accuracy": 0.9353068592057762, "balanced_accuracy": 0.9402166064981949, "AUC": 0.9854301059573303, "CI_95.0": [0.984350572426749, 0.9865096394879116]}