{"model": "logistic_dict", "dataset": "h103_max_balanced_0_10_50", "congress": "103", "chamber": "House", "style": "max_balanced_0_10_50", "split": "train", "n": 28186, "TP": 11939, "FP": 2923, "TN": 11170, "FN": 2154, "precision": 0.8033239133360247, "recall": 0.8471581636273328, "accuracy": 0.8198751153054707, "f1": 0.8246589535486099, "negative_accuracy": 0.7925920669836088, "balanced_accuracy": 0.8198751153054709, "AUC": 0.9043556913638466, "CI_95.0": [0.9009789941360711, 0.9077323885916222]}