{"model": "logistic_dict", "dataset": "h108_3gram_max_balanced_0_10_50", "congress": "108", "chamber": "House", "style": "3gram_max_balanced_0_10_50", "split": "train", "n": 25242, "TP": 11923, "FP": 675, "TN": 11946, "FN": 698, "precision": 0.9464200666772503, "recall": 0.9446953490214721, "accuracy": 0.9456065288012043, "f1": 0.9455569213688092, "negative_accuracy": 0.9465177085809365, "balanced_accuracy": 0.9456065288012043, "AUC": 0.9879032246673217, "CI_95.0": [0.9869164094658415, 0.988890039868802]}