{"model": "logistic_dict", "dataset": "h109_2gram_max_balanced_0_10_50", "congress": "109", "chamber": "House", "style": "2gram_max_balanced_0_10_50", "split": "train", "n": 25802, "TP": 11826, "FP": 782, "TN": 12119, "FN": 1075, "precision": 0.9379758883248731, "recall": 0.9166731261142547, "accuracy": 0.928028834974033, "f1": 0.9272021639421381, "negative_accuracy": 0.9393845438338113, "balanced_accuracy": 0.928028834974033, "AUC": 0.9794578541428114, "CI_95.0": [0.9780890222087962, 0.9808266860768265]}