{"model": "logistic_dict", "dataset": "h110_2gram_max_balanced_0_10_50", "congress": "110", "chamber": "House", "style": "2gram_max_balanced_0_10_50", "split": "train", "n": 27948, "TP": 12953, "FP": 1161, "TN": 12813, "FN": 1021, "precision": 0.9177412498228709, "recall": 0.9269357377987691, "accuracy": 0.9219264348074997, "f1": 0.9223155796069495, "negative_accuracy": 0.9169171318162301, "balanced_accuracy": 0.9219264348074996, "AUC": 0.976815179201006, "CI_95.0": [0.9753748334163379, 0.9782555249856741]}