{"model": "logistic_dict", "dataset": "h104_3gram_max_balanced_0_10_50", "congress": "104", "chamber": "House", "style": "3gram_max_balanced_0_10_50", "split": "train", "n": 36990, "TP": 17300, "FP": 1580, "TN": 16915, "FN": 1195, "precision": 0.9163135593220338, "recall": 0.9353879426872128, "accuracy": 0.9249797242497972, "f1": 0.925752508361204, "negative_accuracy": 0.9145715058123818, "balanced_accuracy": 0.9249797242497972, "AUC": 0.9787025493179257, "CI_95.0": [0.9775173529801087, 0.9798877456557427]}