{"model": "logistic_dict", "dataset": "h099_2gram_max_balanced_0_10_50", "congress": "099", "chamber": "House", "style": "2gram_max_balanced_0_10_50", "split": "train", "n": 29062, "TP": 12218, "FP": 2207, "TN": 12324, "FN": 2313, "precision": 0.847001733102253, "recall": 0.8408230679237493, "accuracy": 0.8444704425022366, "f1": 0.8439010913109546, "negative_accuracy": 0.848117817080724, "balanced_accuracy": 0.8444704425022367, "AUC": 0.9254076253416879, "CI_95.0": [0.9225092024837305, 0.9283060481996452]}