{"model": "logistic_dict", "dataset": "h099_3gram_max_balanced_0_10_50", "congress": "099", "chamber": "House", "style": "3gram_max_balanced_0_10_50", "split": "train", "n": 29062, "TP": 12844, "FP": 1999, "TN": 12532, "FN": 1687, "precision": 0.8653237216196187, "recall": 0.8839033789828642, "accuracy": 0.8731677104122222, "f1": 0.8745148771021992, "negative_accuracy": 0.8624320418415801, "balanced_accuracy": 0.8731677104122222, "AUC": 0.9465109894100336, "CI_95.0": [0.9441266377624815, 0.9488953410575858]}