{"model": "logistic_dict", "dataset": "h111_3gram_max_balanced_0_10_50", "congress": "111", "chamber": "House", "style": "3gram_max_balanced_0_10_50", "split": "train", "n": 23050, "TP": 10886, "FP": 919, "TN": 10606, "FN": 639, "precision": 0.9221516306649725, "recall": 0.9445553145336225, "accuracy": 0.932407809110629, "f1": 0.9332190312901842, "negative_accuracy": 0.9202603036876356, "balanced_accuracy": 0.932407809110629, "AUC": 0.9826170477270479, "CI_95.0": [0.9813222937631129, 0.983911801690983]}