{"model": "logistic_dict", "dataset": "h111_2gram_max_balanced_0_10_50", "congress": "111", "chamber": "House", "style": "2gram_max_balanced_0_10_50", "split": "train", "n": 23050, "TP": 10770, "FP": 1084, "TN": 10441, "FN": 755, "precision": 0.9085540745739835, "recall": 0.9344902386117137, "accuracy": 0.9202169197396963, "f1": 0.9213396638008469, "negative_accuracy": 0.905943600867679, "balanced_accuracy": 0.9202169197396963, "AUC": 0.9768463690647042, "CI_95.0": [0.9753024053996893, 0.9783903327297192]}