{"model": "logistic_dict", "dataset": "h108_max_balanced_0_10_50", "congress": "108", "chamber": "House", "style": "max_balanced_0_10_50", "split": "train", "n": 25242, "TP": 11033, "FP": 2131, "TN": 10490, "FN": 1588, "precision": 0.8381191127316925, "recall": 0.8741779573726329, "accuracy": 0.8526661912685207, "f1": 0.8557688578630986, "negative_accuracy": 0.8311544251644085, "balanced_accuracy": 0.8526661912685207, "AUC": 0.93655127579828, "CI_95.0": [0.9337851108283206, 0.9393174407682394]}