{"model": "logistic_dict", "dataset": "h104_2gram_max_balanced_0_10_50", "congress": "104", "chamber": "House", "style": "2gram_max_balanced_0_10_50", "split": "train", "n": 36990, "TP": 17038, "FP": 1427, "TN": 17068, "FN": 1457, "precision": 0.9227186569184944, "recall": 0.9212219518788862, "accuracy": 0.9220329818869964, "f1": 0.921969696969697, "negative_accuracy": 0.9228440118951068, "balanced_accuracy": 0.9220329818869966, "AUC": 0.977351180524814, "CI_95.0": [0.9761208468939592, 0.9785815141556687]}