{"model": "logistic_dict", "dataset": "h102_2gram_max_balanced_0_10_50", "congress": "102", "chamber": "House", "style": "2gram_max_balanced_0_10_50", "split": "train", "n": 26054, "TP": 11308, "FP": 1681, "TN": 11346, "FN": 1719, "precision": 0.8705828008314728, "recall": 0.8680432946956321, "accuracy": 0.8695018039456514, "f1": 0.8693111931119311, "negative_accuracy": 0.8709603131956706, "balanced_accuracy": 0.8695018039456514, "AUC": 0.9437560871516687, "CI_95.0": [0.9411712486826107, 0.9463409256207267]}