{"model": "logistic_dict", "dataset": "h114_3gram_max_balanced_0_10_50", "congress": "114", "chamber": "House", "style": "3gram_max_balanced_0_10_50", "split": "train", "n": 18990, "TP": 8779, "FP": 486, "TN": 9009, "FN": 716, "precision": 0.9475445223961144, "recall": 0.9245918904686677, "accuracy": 0.9367035281727225, "f1": 0.9359275053304904, "negative_accuracy": 0.9488151658767773, "balanced_accuracy": 0.9367035281727225, "AUC": 0.984400758582231, "CI_95.0": [0.9830611986422065, 0.9857403185222554]}