{"model": "logistic_dict", "dataset": "h114_2gram_max_balanced_0_10_50", "congress": "114", "chamber": "House", "style": "2gram_max_balanced_0_10_50", "split": "train", "n": 18990, "TP": 8402, "FP": 860, "TN": 8635, "FN": 1093, "precision": 0.907147484344634, "recall": 0.8848867825171143, "accuracy": 0.8971563981042654, "f1": 0.8958788718878284, "negative_accuracy": 0.9094260136914165, "balanced_accuracy": 0.8971563981042654, "AUC": 0.9654003423547384, "CI_95.0": [0.9632059606557086, 0.9675947240537681]}