{"model": "logistic_dict", "dataset": "h112_2gram_max_balanced_0_10_50", "congress": "112", "chamber": "House", "style": "2gram_max_balanced_0_10_50", "split": "train", "n": 26090, "TP": 11791, "FP": 1036, "TN": 12009, "FN": 1254, "precision": 0.9192328681687066, "recall": 0.9038712150249137, "accuracy": 0.9122269068608663, "f1": 0.911487322201608, "negative_accuracy": 0.9205825986968187, "balanced_accuracy": 0.9122269068608662, "AUC": 0.9735662280565798, "CI_95.0": [0.9720031240194611, 0.9751293320936985]}