{"model": "logistic_dict", "dataset": "h098_3gram_max_balanced_0_10_50", "congress": "098", "chamber": "House", "style": "3gram_max_balanced_0_10_50", "split": "train", "n": 28392, "TP": 11869, "FP": 2268, "TN": 11928, "FN": 2327, "precision": 0.8395699228973615, "recall": 0.8360805860805861, "accuracy": 0.8381586362355593, "f1": 0.8378216214308404, "negative_accuracy": 0.8402366863905325, "balanced_accuracy": 0.8381586362355593, "AUC": 0.9161068368327456, "CI_95.0": [0.9129364995846115, 0.9192771740808797]}