{"model": "logistic_dict", "dataset": "h102_3gram_max_balanced_0_10_50", "congress": "102", "chamber": "House", "style": "3gram_max_balanced_0_10_50", "split": "train", "n": 26054, "TP": 11264, "FP": 1423, "TN": 11604, "FN": 1763, "precision": 0.8878379443524868, "recall": 0.8646656943271667, "accuracy": 0.8777155139326015, "f1": 0.8760986233180368, "negative_accuracy": 0.8907653335380364, "balanced_accuracy": 0.8777155139326016, "AUC": 0.9497134368416668, "CI_95.0": [0.9472975203539366, 0.952129353329397]}