{"model": "logistic_dict", "dataset": "h106_2gram_max_balanced_0_10_50", "congress": "106", "chamber": "House", "style": "2gram_max_balanced_0_10_50", "split": "train", "n": 27700, "TP": 12856, "FP": 1177, "TN": 12673, "FN": 994, "precision": 0.9161262737832253, "recall": 0.9282310469314079, "accuracy": 0.921624548736462, "f1": 0.9221389377039774, "negative_accuracy": 0.9150180505415162, "balanced_accuracy": 0.921624548736462, "AUC": 0.9773437839669485, "CI_95.0": [0.9759363156271524, 0.9787512523067446]}