{"model": "lstm_glove_100", "dataset": "h103_bayram_1_1", "congress": "103", "chamber": "House", "bayram_1_1": "style", "split": "train", "n": 4000, "TP": 1644, "FP": 583, "TN": 1417, "FN": 356, "precision": 0.738212842388864, "recall": 0.822, "accuracy": 0.76525, "f1": 0.7778566359119943, "negative_accuracy": 0.7085, "balanced_accuracy": 0.76525, "AUC": 0.8413142499999998, "CI_95.0": [0.8292258460899317, 0.853402653910068]}