{"model": "lstm_glove_100", "dataset": "h100_bayram_1_1", "congress": "100", "chamber": "House", "bayram_1_1": "style", "split": "train", "n": 4000, "TP": 1262, "FP": 588, "TN": 1412, "FN": 738, "precision": 0.6821621621621622, "recall": 0.631, "accuracy": 0.6685, "f1": 0.6555844155844156, "negative_accuracy": 0.706, "balanced_accuracy": 0.6685, "AUC": 0.73505725, "CI_95.0": [0.7197961910709818, 0.7503183089290182]}