{"model": "lstm_glove_100", "dataset": "h097_bayram_1_1", "congress": "097", "chamber": "House", "bayram_1_1": "style", "split": "train", "n": 4000, "TP": 1143, "FP": 375, "TN": 1625, "FN": 857, "precision": 0.7529644268774703, "recall": 0.5715, "accuracy": 0.692, "f1": 0.6498010233086982, "negative_accuracy": 0.8125, "balanced_accuracy": 0.692, "AUC": 0.7734396250000001, "CI_95.0": [0.7591807468142425, 0.7876985031857576]}