{"model": "cnn3_avg_drop_128_7_l128_s1_d4_5_e300_glove840_trainable", "dataset": "h106_max_balanced_0_1_1", "congress": "106", "chamber": "House", "style": "max_balanced_0_1_1", "split": "train", "n": 27700, "TP": 12815, "FP": 1816, "TN": 12034, "FN": 1035, "precision": 0.8758799808625521, "recall": 0.9252707581227437, "accuracy": 0.8970758122743683, "f1": 0.8998981777325235, "negative_accuracy": 0.8688808664259928, "balanced_accuracy": 0.8970758122743683, "AUC": 0.9669490440381081, "CI_95.0": [0.9652247325508159, 0.9686733555254003]}