{"model": "cnn3_avg_drop_128_7_l128_s1_d4_5_e300_glove840_trainable", "dataset": "h097_max_balanced_0_1_1", "congress": "097", "chamber": "House", "style": "max_balanced_0_1_1", "split": "train", "n": 23038, "TP": 8378, "FP": 1733, "TN": 9786, "FN": 3141, "precision": 0.8286025121155177, "recall": 0.7273200798680441, "accuracy": 0.7884364962236305, "f1": 0.7746648173832639, "negative_accuracy": 0.849552912579217, "balanced_accuracy": 0.7884364962236305, "AUC": 0.8786002496500025, "CI_95.0": [0.8743178239512527, 0.8828826753487523]}