{"model": "cnn3_avg_drop_128_7_l128_s1_d4_5_e300_glove840_trainable", "dataset": "h100_max_balanced_0_1_1", "congress": "100", "chamber": "House", "style": "max_balanced_0_1_1", "split": "train", "n": 26218, "TP": 11160, "FP": 1337, "TN": 11772, "FN": 1949, "precision": 0.893014323437625, "recall": 0.8513235181936074, "accuracy": 0.8746662598214967, "f1": 0.8716707021791767, "negative_accuracy": 0.8980090014493859, "balanced_accuracy": 0.8746662598214967, "AUC": 0.9538041240569507, "CI_95.0": [0.9515800703858828, 0.9560281777280186]}