{"model": "cnn3_avg_drop_128_7_l128_s1_d4_5_e300_glove840_trainable", "dataset": "h109_max_balanced_0_1_1", "congress": "109", "chamber": "House", "style": "max_balanced_0_1_1", "split": "train", "n": 25802, "TP": 11902, "FP": 917, "TN": 11984, "FN": 999, "precision": 0.9284655589359544, "recall": 0.9225641423145493, "accuracy": 0.9257421905278661, "f1": 0.9255054432348367, "negative_accuracy": 0.9289202387411829, "balanced_accuracy": 0.9257421905278661, "AUC": 0.9807309636464574, "CI_95.0": [0.9794411463007862, 0.9820207809921286]}