{"model": "cnn3_avg_drop_128_7_l128_s1_d4_5_e300_glove840_trainable", "dataset": "h112_max_balanced_0_1_1", "congress": "112", "chamber": "House", "style": "max_balanced_0_1_1", "split": "train", "n": 26090, "TP": 12157, "FP": 866, "TN": 12179, "FN": 888, "precision": 0.9335022652230669, "recall": 0.9319279417401303, "accuracy": 0.9327711766960521, "f1": 0.9327144391591223, "negative_accuracy": 0.9336144116519739, "balanced_accuracy": 0.932771176696052, "AUC": 0.9854831485962514, "CI_95.0": [0.9844618223281525, 0.9865044748643503]}