{"model": "cnn3_avg_drop_128_7_l128_s1_d4_5_e300_glove840_trainable", "dataset": "h114_max_balanced_0_1_1", "congress": "114", "chamber": "House", "style": "max_balanced_0_1_1", "split": "train", "n": 18990, "TP": 9139, "FP": 641, "TN": 8854, "FN": 356, "precision": 0.9344580777096114, "recall": 0.9625065824117957, "accuracy": 0.9474986835176409, "f1": 0.9482749675745785, "negative_accuracy": 0.932490784623486, "balanced_accuracy": 0.9474986835176409, "AUC": 0.9926772966897852, "CI_95.0": [0.9919636285504713, 0.9933909648290992]}