{"model": "cnn3_avg_drop_128_7_l128_s1_d4_5_e300_glove840_trainable", "dataset": "h103_max_balanced_0_1_1", "congress": "103", "chamber": "House", "style": "max_balanced_0_1_1", "split": "train", "n": 28186, "TP": 12397, "FP": 3257, "TN": 10836, "FN": 1696, "precision": 0.791938162769899, "recall": 0.8796565670900447, "accuracy": 0.8242744624991131, "f1": 0.8334958147040037, "negative_accuracy": 0.7688923579081813, "balanced_accuracy": 0.824274462499113, "AUC": 0.9133963416398521, "CI_95.0": [0.9102093678128121, 0.916583315466892]}