{"model": "cnn3_avg_drop_128_7_l128_s1_d4_30_e300_glove840_trainable", "dataset": "h106_max_balanced_0_1_1", "congress": "106", "chamber": "House", "style": "max_balanced_0_1_1", "split": "train", "n": 27700, "TP": 12187, "FP": 1561, "TN": 12289, "FN": 1663, "precision": 0.8864562118126272, "recall": 0.879927797833935, "accuracy": 0.883610108303249, "f1": 0.883179940575404, "negative_accuracy": 0.8872924187725632, "balanced_accuracy": 0.883610108303249, "AUC": 0.9586906723663804, "CI_95.0": [0.956704657666581, 0.9606766870661798]}