{"model": "cnn3_avg_drop_128_7_l128_s1_d4_30_e300_glove840_trainable", "dataset": "h100_max_balanced_0_1_1", "congress": "100", "chamber": "House", "style": "max_balanced_0_1_1", "split": "train", "n": 26218, "TP": 10024, "FP": 848, "TN": 12261, "FN": 3085, "precision": 0.9220014716703459, "recall": 0.764665496986803, "accuracy": 0.8499885574795941, "f1": 0.8359951628372462, "negative_accuracy": 0.9353116179723854, "balanced_accuracy": 0.8499885574795942, "AUC": 0.9436614776934921, "CI_95.0": [0.9411387116938676, 0.9461842436931165]}