{"model": "cnn3_avg_drop_128_7_l128_s1_d4_30_e300_glove840_trainable", "dataset": "h097_max_balanced_0_1_1", "congress": "097", "chamber": "House", "style": "max_balanced_0_1_1", "split": "train", "n": 23038, "TP": 10264, "FP": 808, "TN": 10711, "FN": 1255, "precision": 0.9270231213872833, "recall": 0.8910495702751975, "accuracy": 0.9104522962062679, "f1": 0.9086804479660041, "negative_accuracy": 0.9298550221373383, "balanced_accuracy": 0.9104522962062679, "AUC": 0.9758398955571961, "CI_95.0": [0.9743073671015758, 0.9773724240128163]}