{"model": "cnn3_avg_drop_128_7_l128_s1_d4_30_e300_glove840_trainable", "dataset": "h109_max_balanced_0_1_1", "congress": "109", "chamber": "House", "style": "max_balanced_0_1_1", "split": "train", "n": 25802, "TP": 11683, "FP": 882, "TN": 12019, "FN": 1218, "precision": 0.9298050139275766, "recall": 0.9055887140531742, "accuracy": 0.9186109603906674, "f1": 0.9175371083012644, "negative_accuracy": 0.9316332067281606, "balanced_accuracy": 0.9186109603906674, "AUC": 0.9775497580595656, "CI_95.0": [0.9761333457061437, 0.9789661704129874]}