{"model": "cnn3_avg_drop_128_7_l128_s1_d4_30_e300_glove840_trainable", "dataset": "h103_max_balanced_0_1_1", "congress": "103", "chamber": "House", "style": "max_balanced_0_1_1", "split": "train", "n": 28186, "TP": 12532, "FP": 3650, "TN": 10443, "FN": 1561, "precision": 0.7744407366209368, "recall": 0.8892357908181366, "accuracy": 0.8151209820478251, "f1": 0.8278777869529315, "negative_accuracy": 0.7410061732775136, "balanced_accuracy": 0.8151209820478251, "AUC": 0.9054898638404447, "CI_95.0": [0.9021342898885174, 0.908845437792372]}