{"model": "cnn3_avg_drop_128_7_l128_s1_d4_30_e300_glove840_trainable", "dataset": "h114_max_balanced_0_1_1", "congress": "114", "chamber": "House", "style": "max_balanced_0_1_1", "split": "train", "n": 18990, "TP": 8438, "FP": 1110, "TN": 8385, "FN": 1057, "precision": 0.8837452869710934, "recall": 0.8886782517114271, "accuracy": 0.885887309110058, "f1": 0.8862049046893872, "negative_accuracy": 0.8830963665086888, "balanced_accuracy": 0.885887309110058, "AUC": 0.9627581823642108, "CI_95.0": [0.9605352003929495, 0.9649811643354722]}