{"model": "cnn3_avg_drop_128_7_l128_s1_d4_30_e300_glove840_trainable", "dataset": "h112_max_balanced_0_1_1", "congress": "112", "chamber": "House", "style": "max_balanced_0_1_1", "split": "train", "n": 26090, "TP": 11985, "FP": 1509, "TN": 11536, "FN": 1060, "precision": 0.888172521120498, "recall": 0.9187428133384439, "accuracy": 0.9015331544653123, "f1": 0.9031990655262067, "negative_accuracy": 0.8843234955921809, "balanced_accuracy": 0.9015331544653125, "AUC": 0.9707766038513086, "CI_95.0": [0.9691322810079446, 0.9724209266946726]}