{"model": "lda_tfidf", "dataset": "h109_bayram", "congress": "109", "chamber": "House", "bayram": "style", "split": "train", "n": 4000, "TP": 1994, "FP": 2, "TN": 1998, "FN": 6, "precision": 0.998997995991984, "recall": 0.997, "accuracy": 0.998, "f1": 0.997997997997998, "negative_accuracy": 0.999, "balanced_accuracy": 0.998, "AUC": 0.9980000000000001, "CI_95.0": [0.9966154834671136, 0.9993845165328866]}