{"model": "lda_tfidf", "dataset": "h106_bayram", "congress": "106", "chamber": "House", "bayram": "style", "split": "train", "n": 4000, "TP": 1979, "FP": 9, "TN": 1991, "FN": 21, "precision": 0.9954728370221329, "recall": 0.9895, "accuracy": 0.9925, "f1": 0.9924774322968908, "negative_accuracy": 0.9955, "balanced_accuracy": 0.9925, "AUC": 0.9925, "CI_95.0": [0.9898272405058731, 0.995172759494127]}