{"model": "lda_tfidf", "dataset": "h097_bayram", "congress": "097", "chamber": "House", "bayram": "style", "split": "train", "n": 4000, "TP": 1991, "FP": 9, "TN": 1991, "FN": 9, "precision": 0.9955, "recall": 0.9955, "accuracy": 0.9955, "f1": 0.9955000000000002, "negative_accuracy": 0.9955, "balanced_accuracy": 0.9955, "AUC": 0.9954999999999999, "CI_95.0": [0.9934253082250653, 0.9975746917749346]}