{"model": "cnn3_a10-4_avg_drop_128_7_l256_s1_d4_5_e300_glove840_trainable", "dataset": "h103_max_balanced_0_1_1", "congress": "103", "chamber": "House", "style": "max_balanced_0_1_1", "split": "train", "n": 28186, "TP": 12697, "FP": 1799, "TN": 12294, "FN": 1396, "precision": 0.8758967991169978, "recall": 0.900943730930249, "accuracy": 0.8866458525509118, "f1": 0.8882437301059848, "negative_accuracy": 0.8723479741715745, "balanced_accuracy": 0.8866458525509118, "AUC": 0.9589266013968727, "CI_95.0": [0.9569102291195732, 0.9609429736741721]}