{"model": "cnn3_a10-4_avg_drop_128_7_l256_s1_d4_5_e300_glove840_trainable", "dataset": "h114_max_balanced_0_1_1", "congress": "114", "chamber": "House", "style": "max_balanced_0_1_1", "split": "train", "n": 18990, "TP": 9058, "FP": 508, "TN": 8987, "FN": 437, "precision": 0.9468952540246707, "recall": 0.9539757767245919, "accuracy": 0.9502369668246445, "f1": 0.9504223283143591, "negative_accuracy": 0.9464981569246972, "balanced_accuracy": 0.9502369668246445, "AUC": 0.9919498885392135, "CI_95.0": [0.9910973745315592, 0.9928024025468678]}