{"model": "cnn3_a10-4_avg_drop_128_7_l256_s1_d4_5_e300_glove840_trainable", "dataset": "h100_max_balanced_0_1_1", "congress": "100", "chamber": "House", "style": "max_balanced_0_1_1", "split": "train", "n": 26218, "TP": 12292, "FP": 527, "TN": 12582, "FN": 817, "precision": 0.9588891489195726, "recall": 0.9376764055229232, "accuracy": 0.9487375085818903, "f1": 0.9481641468682506, "negative_accuracy": 0.9597986116408574, "balanced_accuracy": 0.9487375085818903, "AUC": 0.9902362658317075, "CI_95.0": [0.9894135011196544, 0.9910590305437607]}