{"model": "cnn3_a10-4_avg_drop_128_7_l256_s1_d4_5_e300_glove840_trainable", "dataset": "h106_max_balanced_0_1_1", "congress": "106", "chamber": "House", "style": "max_balanced_0_1_1", "split": "train", "n": 27700, "TP": 12826, "FP": 614, "TN": 13236, "FN": 1024, "precision": 0.9543154761904762, "recall": 0.9260649819494585, "accuracy": 0.9408664259927798, "f1": 0.9399780139245146, "negative_accuracy": 0.9556678700361011, "balanced_accuracy": 0.9408664259927798, "AUC": 0.9895049277326695, "CI_95.0": [0.9887103616018084, 0.9902994938635307]}