{"model": "cnn3_a10-4_avg_drop_128_7_l256_s1_d4_5_e300_glove840_trainable", "dataset": "h109_max_balanced_0_1_1", "congress": "109", "chamber": "House", "style": "max_balanced_0_1_1", "split": "train", "n": 25802, "TP": 12244, "FP": 699, "TN": 12202, "FN": 657, "precision": 0.9459939735764505, "recall": 0.9490737152158747, "accuracy": 0.9474459344236881, "f1": 0.9475313418975391, "negative_accuracy": 0.9458181536315015, "balanced_accuracy": 0.9474459344236881, "AUC": 0.9896253601110736, "CI_95.0": [0.9887529430240781, 0.9904977771980691]}