{"model": "cnn3_a10-4_avg_drop_128_7_l256_s1_d4_5_e300_glove840_trainable", "dataset": "h112_max_balanced_0_1_1", "congress": "112", "chamber": "House", "style": "max_balanced_0_1_1", "split": "train", "n": 26090, "TP": 12449, "FP": 378, "TN": 12667, "FN": 596, "precision": 0.9705309113588524, "recall": 0.9543119969336911, "accuracy": 0.9626676887696436, "f1": 0.9623531230674088, "negative_accuracy": 0.971023380605596, "balanced_accuracy": 0.9626676887696435, "AUC": 0.9956495610838503, "CI_95.0": [0.9952301356034378, 0.9960689865642628]}