{"model": "cnn3_a10-4_avg_drop_128_7_l256_s1_d4_5_e300_glove840_trainable", "dataset": "h097_max_balanced_0_1_1", "congress": "097", "chamber": "House", "style": "max_balanced_0_1_1", "split": "train", "n": 23038, "TP": 9671, "FP": 1658, "TN": 9861, "FN": 1848, "precision": 0.8536499249713125, "recall": 0.8395694070665857, "accuracy": 0.8478166507509333, "f1": 0.8465511204481793, "negative_accuracy": 0.8560638944352809, "balanced_accuracy": 0.8478166507509333, "AUC": 0.9298697108008653, "CI_95.0": [0.9267656096026745, 0.9329738119990562]}