{"model": "lstm_glove_100", "dataset": "h114_bayram_1_1", "congress": "114", "chamber": "House", "bayram_1_1": "style", "split": "train", "n": 4000, "TP": 1755, "FP": 115, "TN": 1885, "FN": 245, "precision": 0.9385026737967914, "recall": 0.8775, "accuracy": 0.91, "f1": 0.9069767441860465, "negative_accuracy": 0.9425, "balanced_accuracy": 0.9099999999999999, "AUC": 0.9747927500000001, "CI_95.0": [0.9708816778315075, 0.9787038221684927]}