{"model": "lstm_glove_100", "dataset": "h112_bayram_1_1", "congress": "112", "chamber": "House", "bayram_1_1": "style", "split": "train", "n": 4000, "TP": 1964, "FP": 13, "TN": 1987, "FN": 36, "precision": 0.9934243803743045, "recall": 0.982, "accuracy": 0.98775, "f1": 0.9876791551420668, "negative_accuracy": 0.9935, "balanced_accuracy": 0.98775, "AUC": 0.99926225, "CI_95.0": [0.9989126016132626, 0.9996118983867375]}