{"model": "lstm_glove_100", "dataset": "h109_bayram_1_1", "congress": "109", "chamber": "House", "bayram_1_1": "style", "split": "train", "n": 4000, "TP": 1639, "FP": 155, "TN": 1845, "FN": 361, "precision": 0.9136008918617614, "recall": 0.8195, "accuracy": 0.871, "f1": 0.863995782814971, "negative_accuracy": 0.9225, "balanced_accuracy": 0.871, "AUC": 0.9423277499999999, "CI_95.0": [0.9354763158058381, 0.9491791841941617]}