{"model": "svm_npr", "dataset": "h100_max_balanced_0", "congress": "100", "chamber": "House", "max_balanced_0": "style", "split": "train", "n": 26218, "TP": 13101, "FP": 27, "TN": 13082, "FN": 8, "precision": 0.9979433272394881, "recall": 0.9993897322450225, "accuracy": 0.9986650392859867, "f1": 0.99866600602203, "negative_accuracy": 0.9979403463269509, "balanced_accuracy": 0.9986650392859867, "AUC": 0.9986650392859867, "CI_95.0": [0.9982231398116539, 0.9991069387603195]}