{"model": "svm_npr", "dataset": "h109_max_balanced_0", "congress": "109", "chamber": "House", "max_balanced_0": "style", "split": "train", "n": 25802, "TP": 12892, "FP": 26, "TN": 12875, "FN": 9, "precision": 0.9979873045363059, "recall": 0.9993023796604914, "accuracy": 0.9986435160065111, "f1": 0.9986444091560478, "negative_accuracy": 0.9979846523525309, "balanced_accuracy": 0.9986435160065111, "AUC": 0.9986435160065112, "CI_95.0": [0.998194479943846, 0.9990925520691765]}