{"model": "svm_npr", "dataset": "h112_max_balanced_0", "congress": "112", "chamber": "House", "max_balanced_0": "style", "split": "train", "n": 26090, "TP": 12738, "FP": 208, "TN": 12837, "FN": 307, "precision": 0.9839332612389927, "recall": 0.976466078957455, "accuracy": 0.9802606362591031, "f1": 0.9801854488092031, "negative_accuracy": 0.9840551935607512, "balanced_accuracy": 0.9802606362591031, "AUC": 0.9802606362591031, "CI_95.0": [0.9785732931225832, 0.981947979395623]}