{"model": "svm_npr", "dataset": "h097_max_balanced_0", "congress": "097", "chamber": "House", "max_balanced_0": "style", "split": "train", "n": 23038, "TP": 11493, "FP": 18, "TN": 11501, "FN": 26, "precision": 0.9984362783424551, "recall": 0.9977428596232312, "accuracy": 0.998090111988888, "f1": 0.9980894485453756, "negative_accuracy": 0.9984373643545447, "balanced_accuracy": 0.9980901119888879, "AUC": 0.9980901119888879, "CI_95.0": [0.9975263190306299, 0.9986539049471458]}