{"model": "nn1000hd_reg", "dataset": "h112_bayram_1_1", "congress": "112", "chamber": "House", "bayram_1_1": "style", "split": "train", "n": 4000, "TP": 1392, "FP": 385, "TN": 1615, "FN": 608, "precision": 0.7833427124366911, "recall": 0.696, "accuracy": 0.75175, "f1": 0.7370929308975377, "negative_accuracy": 0.8075, "balanced_accuracy": 0.7517499999999999, "AUC": 0.8431270000000001, "CI_95.0": [0.831361146932969, 0.8548928530670311]}