{"model": "nn1000hd_reg", "dataset": "h100_bayram_1_1", "congress": "100", "chamber": "House", "bayram_1_1": "style", "split": "train", "n": 4000, "TP": 1112, "FP": 618, "TN": 1382, "FN": 888, "precision": 0.6427745664739885, "recall": 0.556, "accuracy": 0.6235, "f1": 0.5962466487935658, "negative_accuracy": 0.691, "balanced_accuracy": 0.6234999999999999, "AUC": 0.669096625, "CI_95.0": [0.6525387479333712, 0.6856545020666288]}