{"model": "nn1000hd_reg", "dataset": "h109_bayram_1_1", "congress": "109", "chamber": "House", "bayram_1_1": "style", "split": "train", "n": 4000, "TP": 1071, "FP": 274, "TN": 1726, "FN": 929, "precision": 0.7962825278810409, "recall": 0.5355, "accuracy": 0.69925, "f1": 0.6403587443946188, "negative_accuracy": 0.863, "balanced_accuracy": 0.6992499999999999, "AUC": 0.7693405000000001, "CI_95.0": [0.7548647723554521, 0.7838162276445481]}