{"model": "cnn3_a10-4_avg_drop_128_7_l256_s1_d4_20_e300_glove840_trainable", "dataset": "h114_max_balanced_0_1_1", "congress": "114", "chamber": "House", "style": "max_balanced_0_1_1", "split": "train", "n": 18990, "TP": 8700, "FP": 476, "TN": 9019, "FN": 795, "precision": 0.9481255448997384, "recall": 0.9162717219589257, "accuracy": 0.933070036861506, "f1": 0.9319265170585399, "negative_accuracy": 0.9498683517640863, "balanced_accuracy": 0.933070036861506, "AUC": 0.9862300797986578, "CI_95.0": [0.9850782244667617, 0.987381935130554]}