{"model": "cnn3_a10-4_avg_drop_128_7_l256_s1_d4_20_e300_glove840_trainable", "dataset": "h109_max_balanced_0_1_1", "congress": "109", "chamber": "House", "style": "max_balanced_0_1_1", "split": "train", "n": 25802, "TP": 12026, "FP": 534, "TN": 12367, "FN": 875, "precision": 0.9574840764331211, "recall": 0.9321758003255561, "accuracy": 0.9453918300906906, "f1": 0.9446604610973647, "negative_accuracy": 0.9586078598558251, "balanced_accuracy": 0.9453918300906906, "AUC": 0.9893555233347902, "CI_95.0": [0.9884783839627955, 0.9902326627067848]}