{"model": "cnn3_a10-4_avg_drop_128_7_l256_s1_d4_20_e300_glove840_trainable", "dataset": "h097_max_balanced_0_1_1", "congress": "097", "chamber": "House", "style": "max_balanced_0_1_1", "split": "train", "n": 23038, "TP": 10747, "FP": 437, "TN": 11082, "FN": 772, "precision": 0.9609263233190272, "recall": 0.932980293428249, "accuracy": 0.947521486240125, "f1": 0.9467471259304937, "negative_accuracy": 0.962062679052001, "balanced_accuracy": 0.947521486240125, "AUC": 0.9901170956290251, "CI_95.0": [0.989250918119967, 0.9909832731380831]}