{"model": "cnn3_a10-4_avg_drop_128_7_l256_s1_d4_20_e300_glove840_trainable", "dataset": "h100_max_balanced_0_1_1", "congress": "100", "chamber": "House", "style": "max_balanced_0_1_1", "split": "train", "n": 26218, "TP": 12386, "FP": 485, "TN": 12624, "FN": 723, "precision": 0.9623183901794732, "recall": 0.9448470516439088, "accuracy": 0.953924784499199, "f1": 0.9535026943802926, "negative_accuracy": 0.9630025173544893, "balanced_accuracy": 0.953924784499199, "AUC": 0.9920734818194449, "CI_95.0": [0.9913612498707106, 0.9927857137681791]}