{"model": "cnn3_a10-4_avg_drop_128_7_l256_s1_d4_20_e300_glove840_trainable", "dataset": "h103_max_balanced_0_1_1", "congress": "103", "chamber": "House", "style": "max_balanced_0_1_1", "split": "train", "n": 28186, "TP": 13096, "FP": 582, "TN": 13511, "FN": 997, "precision": 0.9574499195788858, "recall": 0.9292556588377209, "accuracy": 0.9439792804938621, "f1": 0.9431421266789096, "negative_accuracy": 0.9587029021500035, "balanced_accuracy": 0.9439792804938623, "AUC": 0.9896407504237055, "CI_95.0": [0.9888340954732885, 0.9904474053741225]}