{"model": "cnn3_a10-4_avg_drop_128_7_l256_s1_d4_20_e300_glove840_trainable", "dataset": "h106_max_balanced_0_1_1", "congress": "106", "chamber": "House", "style": "max_balanced_0_1_1", "split": "train", "n": 27700, "TP": 13302, "FP": 477, "TN": 13373, "FN": 548, "precision": 0.9653821032005225, "recall": 0.9604332129963898, "accuracy": 0.9629963898916968, "f1": 0.9629012993593689, "negative_accuracy": 0.9655595667870036, "balanced_accuracy": 0.9629963898916967, "AUC": 0.995393673839096, "CI_95.0": [0.9949441918909022, 0.9958431557872899]}