{"model": "cnn3_a10-4_avg_drop_128_7_l256_s1_d4_20_e300_glove840_trainable", "dataset": "h112_max_balanced_0_1_1", "congress": "112", "chamber": "House", "style": "max_balanced_0_1_1", "split": "train", "n": 26090, "TP": 12423, "FP": 345, "TN": 12700, "FN": 622, "precision": 0.9729793233082706, "recall": 0.952318896128785, "accuracy": 0.9629359908010732, "f1": 0.9625382559175609, "negative_accuracy": 0.9735530854733614, "balanced_accuracy": 0.9629359908010732, "AUC": 0.9958557759420212, "CI_95.0": [0.9954521770527225, 0.99625937483132]}