{"model": "cnn2_avg_drop_128_7_l256_s1_d3_20_e300_glove840_trainable", "dataset": "h103_max_balanced_0_1_1", "congress": "103", "chamber": "House", "style": "max_balanced_0_1_1", "split": "train", "n": 28186, "TP": 13379, "FP": 835, "TN": 13258, "FN": 714, "precision": 0.9412551006050373, "recall": 0.9493365500603136, "accuracy": 0.9450436386858724, "f1": 0.9452785530080898, "negative_accuracy": 0.9407507273114312, "balanced_accuracy": 0.9450436386858724, "AUC": 0.9901440743585268, "CI_95.0": [0.9893656967935274, 0.9909224519235262]}