{"model": "cnn2_avg_drop_128_7_l256_s1_d3_20_e300_glove840_trainable", "dataset": "h100_max_balanced_0_1_1", "congress": "100", "chamber": "House", "style": "max_balanced_0_1_1", "split": "train", "n": 26218, "TP": 12062, "FP": 732, "TN": 12377, "FN": 1047, "precision": 0.9427856807878693, "recall": 0.9201312075673201, "accuracy": 0.9321458539934396, "f1": 0.9313206964444273, "negative_accuracy": 0.9441605004195591, "balanced_accuracy": 0.9321458539934396, "AUC": 0.9852249179018727, "CI_95.0": [0.9841741836608324, 0.986275652142913]}