{"model": "cnn2_avg_drop_128_7_l256_s1_d3_20_e300_glove840_trainable", "dataset": "h114_max_balanced_0_1_1", "congress": "114", "chamber": "House", "style": "max_balanced_0_1_1", "split": "train", "n": 18990, "TP": 8907, "FP": 313, "TN": 9182, "FN": 588, "precision": 0.9660520607375271, "recall": 0.9380726698262243, "accuracy": 0.9525539757767246, "f1": 0.9518567993588031, "negative_accuracy": 0.9670352817272249, "balanced_accuracy": 0.9525539757767245, "AUC": 0.993360131617733, "CI_95.0": [0.9926940644519276, 0.9940261987835383]}