{"model": "cnn2_avg_drop_128_7_l256_s1_d3_20_e300_glove840_trainable", "dataset": "h109_max_balanced_0_1_1", "congress": "109", "chamber": "House", "style": "max_balanced_0_1_1", "split": "train", "n": 25802, "TP": 11533, "FP": 605, "TN": 12296, "FN": 1368, "precision": 0.9501565332015159, "recall": 0.8939617083946981, "accuracy": 0.9235330594527557, "f1": 0.9212029234394344, "negative_accuracy": 0.9531044105108131, "balanced_accuracy": 0.9235330594527555, "AUC": 0.9815313533414605, "CI_95.0": [0.9802837771805758, 0.9827789295023451]}