{"model": "cnn2_avg_drop_128_7_l256_s1_d3_20_e300_glove840_trainable", "dataset": "h097_max_balanced_0_1_1", "congress": "097", "chamber": "House", "style": "max_balanced_0_1_1", "split": "train", "n": 23038, "TP": 8220, "FP": 1421, "TN": 10098, "FN": 3299, "precision": 0.8526086505549217, "recall": 0.7136036114246028, "accuracy": 0.7951211042625228, "f1": 0.7769376181474481, "negative_accuracy": 0.8766385971004428, "balanced_accuracy": 0.7951211042625228, "AUC": 0.8917772582725494, "CI_95.0": [0.887774994537376, 0.8957795220077228]}