{"model": "cnn2_avg_drop_128_7_l256_s1_d3_20_e300_glove840_trainable", "dataset": "h106_max_balanced_0_1_1", "congress": "106", "chamber": "House", "style": "max_balanced_0_1_1", "split": "train", "n": 27700, "TP": 12808, "FP": 1795, "TN": 12055, "FN": 1042, "precision": 0.8770800520441006, "recall": 0.9247653429602888, "accuracy": 0.8975812274368231, "f1": 0.9002917091343619, "negative_accuracy": 0.8703971119133574, "balanced_accuracy": 0.8975812274368231, "AUC": 0.9688947360189759, "CI_95.0": [0.9672317999077632, 0.9705576721301886]}