{"model": "cnn2_avg_drop_128_7_l256_s1_d3_20_e300_glove840_trainable", "dataset": "h112_max_balanced_0_1_1", "congress": "112", "chamber": "House", "style": "max_balanced_0_1_1", "split": "train", "n": 26090, "TP": 12100, "FP": 1331, "TN": 11714, "FN": 945, "precision": 0.9009009009009009, "recall": 0.9275584515139901, "accuracy": 0.9127635109237255, "f1": 0.9140353527723221, "negative_accuracy": 0.8979685703334611, "balanced_accuracy": 0.9127635109237255, "AUC": 0.975315384535149, "CI_95.0": [0.9738338802442321, 0.9767968888260659]}