{"model": "cnn2_a10-4_avg_drop_128_7_l128_s1_d3_20_e300_glove840_trainable", "dataset": "h100_max_balanced_0_1_1", "congress": "100", "chamber": "House", "style": "max_balanced_0_1_1", "split": "train", "n": 26218, "TP": 10811, "FP": 2464, "TN": 10645, "FN": 2298, "precision": 0.8143879472693032, "recall": 0.8247005873827141, "accuracy": 0.8183690594248226, "f1": 0.8195118253486962, "negative_accuracy": 0.8120375314669311, "balanced_accuracy": 0.8183690594248226, "AUC": 0.9047456976871037, "CI_95.0": [0.9012449265187233, 0.908246468855484]}