{"model": "cnn2_a10-4_avg_drop_128_7_l128_s1_d3_20_e300_glove840_trainable", "dataset": "h114_max_balanced_0_1_1", "congress": "114", "chamber": "House", "style": "max_balanced_0_1_1", "split": "train", "n": 18990, "TP": 8434, "FP": 660, "TN": 8835, "FN": 1061, "precision": 0.9274246756102925, "recall": 0.8882569773565034, "accuracy": 0.909373354397051, "f1": 0.9074183657001452, "negative_accuracy": 0.9304897314375987, "balanced_accuracy": 0.909373354397051, "AUC": 0.975848478773091, "CI_95.0": [0.9741913682108598, 0.9775055893353222]}