{"model": "cnn2_a10-4_avg_drop_128_7_l128_s1_d3_20_e300_glove840_trainable", "dataset": "h103_max_balanced_0_1_1", "congress": "103", "chamber": "House", "style": "max_balanced_0_1_1", "split": "train", "n": 28186, "TP": 12182, "FP": 3429, "TN": 10664, "FN": 1911, "precision": 0.7803471910832106, "recall": 0.8644007663378982, "accuracy": 0.8105442418221812, "f1": 0.8202262321572852, "negative_accuracy": 0.7566877173064642, "balanced_accuracy": 0.8105442418221812, "AUC": 0.8980558509141077, "CI_95.0": [0.8945423523498192, 0.9015693494783962]}