{"model": "cnn2_a10-4_avg_drop_128_7_l128_s1_d3_20_e300_glove840_trainable", "dataset": "h097_max_balanced_0_1_1", "congress": "097", "chamber": "House", "style": "max_balanced_0_1_1", "split": "train", "n": 23038, "TP": 10158, "FP": 1046, "TN": 10473, "FN": 1361, "precision": 0.9066404855408783, "recall": 0.8818473825852938, "accuracy": 0.895520444483028, "f1": 0.8940720855520837, "negative_accuracy": 0.9091935063807622, "balanced_accuracy": 0.895520444483028, "AUC": 0.966498406732198, "CI_95.0": [0.9645922118121063, 0.9684046016522897]}