{"model": "cnn2_a10-4_avg_drop_128_7_l128_s1_d3_20_e300_glove840_trainable", "dataset": "h112_max_balanced_0_1_1", "congress": "112", "chamber": "House", "style": "max_balanced_0_1_1", "split": "train", "n": 26090, "TP": 11595, "FP": 1284, "TN": 11761, "FN": 1450, "precision": 0.9003028185418123, "recall": 0.8888463012648524, "accuracy": 0.8952088922958988, "f1": 0.8945378799567968, "negative_accuracy": 0.9015714833269451, "balanced_accuracy": 0.8952088922958987, "AUC": 0.966033870725814, "CI_95.0": [0.9642301674395953, 0.9678375740120327]}