{"model": "cnn2_a10-4_avg_drop_128_7_l128_s1_d3_20_e300_glove840_trainable", "dataset": "h109_max_balanced_0_1_1", "congress": "109", "chamber": "House", "style": "max_balanced_0_1_1", "split": "train", "n": 25802, "TP": 11552, "FP": 713, "TN": 12188, "FN": 1349, "precision": 0.9418671015083571, "recall": 0.8954344624447718, "accuracy": 0.920083714440741, "f1": 0.9180640546769451, "negative_accuracy": 0.9447329664367103, "balanced_accuracy": 0.920083714440741, "AUC": 0.978631208077642, "CI_95.0": [0.9772500614339258, 0.9800123547213583]}