{"model": "cnn2_a10-4_avg_drop_128_7_l128_s1_d3_20_e300_glove840_trainable", "dataset": "h106_max_balanced_0_1_1", "congress": "106", "chamber": "House", "style": "max_balanced_0_1_1", "split": "train", "n": 27700, "TP": 11980, "FP": 1323, "TN": 12527, "FN": 1870, "precision": 0.900548748402616, "recall": 0.8649819494584837, "accuracy": 0.8847292418772563, "f1": 0.8824071005045484, "negative_accuracy": 0.9044765342960289, "balanced_accuracy": 0.8847292418772563, "AUC": 0.9584471138682897, "CI_95.0": [0.9564196354539742, 0.9604745922826052]}