{"model": "cnn2_256_7_nd", "dataset": "h097_bayram_1_1", "congress": "097", "chamber": "House", "style": "bayram_1_1", "split": "train", "n": 4000, "TP": 1538, "FP": 1194, "TN": 806, "FN": 462, "precision": 0.5629575402635432, "recall": 0.769, "accuracy": 0.586, "f1": 0.6500422654268807, "negative_accuracy": 0.403, "balanced_accuracy": 0.5860000000000001, "AUC": 0.638068, "CI_95.0": [0.6210329339376054, 0.6551030660623945]}