{"model": "lda", "dataset": "h106_max_balanced_0", "split": "train", "n": 27700, "TP": 11941, "FP": 1865, "TN": 11985, "FN": 1909, "precision": 0.8649138055917717, "recall": 0.8621660649819495, "accuracy": 0.8637545126353791, "f1": 0.8635377494937807, "negative_accuracy": 0.8653429602888086, "balanced_accuracy": 0.8637545126353791, "AUC": 0.863754512635379, "CI_95.0": [0.8597145675871892, 0.8677944576835687]}