{"model": "models.lda", "dataset": "h106", "split": "train", "n": 4000, "TP": 1974, "FP": 12, "TN": 1988, "FN": 26, "precision": 0.9939577039274925, "recall": 0.987, "accuracy": 0.9905, "f1": 0.990466633216257, "negative_accuracy": 0.994, "balanced_accuracy": 0.9904999999999999, "AUC": 0.9905, "CI_95.0": [0.9874950803525032, 0.9935049196474969]}