{"model": "models.nn20d", "dataset": "h109", "split": "train", "n": 4000, "TP": 1643, "FP": 192, "TN": 1808, "FN": 357, "precision": 0.8953678474114442, "recall": 0.8215, "accuracy": 0.86275, "f1": 0.856844850065189, "negative_accuracy": 0.904, "balanced_accuracy": 0.86275, "AUC": 0.9440972500000001, "CI_95.0": [0.9375606128542495, 0.9506338871457507]}