{"model": "models.nn20d", "dataset": "h112", "split": "train", "n": 4000, "TP": 1821, "FP": 220, "TN": 1780, "FN": 179, "precision": 0.8922097011268986, "recall": 0.9105, "accuracy": 0.90025, "f1": 0.9012620638455828, "negative_accuracy": 0.89, "balanced_accuracy": 0.90025, "AUC": 0.9650105000000001, "CI_95.0": [0.9601383440321352, 0.969882655967865]}