{"model": "models.nn20d", "dataset": "h097", "split": "train", "n": 4000, "TP": 1618, "FP": 264, "TN": 1736, "FN": 382, "precision": 0.8597236981934112, "recall": 0.809, "accuracy": 0.8385, "f1": 0.8335909325090161, "negative_accuracy": 0.868, "balanced_accuracy": 0.8385, "AUC": 0.924288125, "CI_95.0": [0.9165346095009145, 0.9320416404990856]}