{"model": "models.nn20d", "dataset": "h106", "split": "train", "n": 4000, "TP": 1579, "FP": 254, "TN": 1746, "FN": 421, "precision": 0.8614293507910529, "recall": 0.7895, "accuracy": 0.83125, "f1": 0.823897730237412, "negative_accuracy": 0.873, "balanced_accuracy": 0.83125, "AUC": 0.9135725, "CI_95.0": [0.9050809616896902, 0.9220640383103098]}