{"model": "models.nn20d", "dataset": "h103", "split": "train", "n": 4000, "TP": 1694, "FP": 465, "TN": 1535, "FN": 306, "precision": 0.7846225104214914, "recall": 0.847, "accuracy": 0.80725, "f1": 0.8146188987737437, "negative_accuracy": 0.7675, "balanced_accuracy": 0.80725, "AUC": 0.888872875, "CI_95.0": [0.8790213429319402, 0.8987244070680598]}