{"model": "nnmulti2_relu", "dataset": "h097_bayram_1_1", "congress": "097", "chamber": "House", "bayram_1_1": "style", "split": "train", "n": 4000, "TP": 1895, "FP": 85, "TN": 1915, "FN": 105, "precision": 0.9570707070707071, "recall": 0.9475, "accuracy": 0.9525, "f1": 0.9522613065326633, "negative_accuracy": 0.9575, "balanced_accuracy": 0.9525, "AUC": 0.9918595, "CI_95.0": [0.990064573719685, 0.993654426280315]}