{"model": "nnmulti2_relu", "dataset": "h109_bayram_1_1", "congress": "109", "chamber": "House", "bayram_1_1": "style", "split": "train", "n": 4000, "TP": 1984, "FP": 32, "TN": 1968, "FN": 16, "precision": 0.9841269841269841, "recall": 0.992, "accuracy": 0.988, "f1": 0.9880478087649401, "negative_accuracy": 0.984, "balanced_accuracy": 0.988, "AUC": 0.9990895000000001, "CI_95.0": [0.998539498735544, 0.9996395012644561]}