{"model": "nnmulti2_relu", "dataset": "h114_bayram_1_1", "congress": "114", "chamber": "House", "bayram_1_1": "style", "split": "train", "n": 4000, "TP": 1996, "FP": 1, "TN": 1999, "FN": 4, "precision": 0.99949924887331, "recall": 0.998, "accuracy": 0.99875, "f1": 0.9987490617963473, "negative_accuracy": 0.9995, "balanced_accuracy": 0.99875, "AUC": 0.9999405, "CI_95.0": [0.9998284714127446, 1.0]}