{"model": "cnn3_a10-4_avg_drop_128_7_l64_s1_d4_20_e300_glove840_trainable", "dataset": "h106_max_balanced_0_1_1", "congress": "106", "chamber": "House", "style": "max_balanced_0_1_1", "split": "train", "n": 27700, "TP": 11715, "FP": 1960, "TN": 11890, "FN": 2135, "precision": 0.856672760511883, "recall": 0.8458483754512636, "accuracy": 0.8521660649819495, "f1": 0.8512261580381472, "negative_accuracy": 0.8584837545126354, "balanced_accuracy": 0.8521660649819495, "AUC": 0.9346081429446493, "CI_95.0": [0.9319088797142971, 0.9373074061750015]}