{"model": "cnn3_a10-4_avg_drop_128_7_l64_s1_d4_20_e300_glove840_trainable", "dataset": "h100_max_balanced_0_1_1", "congress": "100", "chamber": "House", "style": "max_balanced_0_1_1", "split": "train", "n": 26218, "TP": 10933, "FP": 1609, "TN": 11500, "FN": 2176, "precision": 0.8717110508690799, "recall": 0.834007170646121, "accuracy": 0.855633534213136, "f1": 0.8524423999064363, "negative_accuracy": 0.877259897780151, "balanced_accuracy": 0.855633534213136, "AUC": 0.935380784599661, "CI_95.0": [0.9326033591237095, 0.9381582100756125]}