{"model": "cnn3_a10-4_avg_drop_128_7_l64_s1_d4_20_e300_glove840_trainable", "dataset": "h109_max_balanced_0_1_1", "congress": "109", "chamber": "House", "style": "max_balanced_0_1_1", "split": "train", "n": 25802, "TP": 11305, "FP": 1806, "TN": 11095, "FN": 1596, "precision": 0.8622530699412707, "recall": 0.8762886597938144, "accuracy": 0.8681497558328811, "f1": 0.8692142088266954, "negative_accuracy": 0.8600108518719479, "balanced_accuracy": 0.8681497558328812, "AUC": 0.9458880364327384, "CI_95.0": [0.9433938992170343, 0.9483821736484426]}