{"model": "cnn3_a10-4_avg_drop_128_7_l64_s1_d4_20_e300_glove840_trainable", "dataset": "h103_max_balanced_0_1_1", "congress": "103", "chamber": "House", "style": "max_balanced_0_1_1", "split": "train", "n": 28186, "TP": 12266, "FP": 2640, "TN": 11453, "FN": 1827, "precision": 0.8228901113645511, "recall": 0.8703611722131555, "accuracy": 0.8415170652096786, "f1": 0.8459602055243284, "negative_accuracy": 0.8126729582062017, "balanced_accuracy": 0.8415170652096786, "AUC": 0.9248891217396733, "CI_95.0": [0.9219626833394892, 0.9278155601398574]}