{"model": "cnn3_a10-4_avg_drop_128_7_l64_s1_d4_20_e300_glove840_trainable", "dataset": "h114_max_balanced_0_1_1", "congress": "114", "chamber": "House", "style": "max_balanced_0_1_1", "split": "train", "n": 18990, "TP": 8450, "FP": 658, "TN": 8837, "FN": 1045, "precision": 0.9277558190601669, "recall": 0.889942074776198, "accuracy": 0.9103212216956292, "f1": 0.9084556254367576, "negative_accuracy": 0.9307003686150606, "balanced_accuracy": 0.9103212216956293, "AUC": 0.9762161621052181, "CI_95.0": [0.974573653172656, 0.9778586710377802]}