{"model": "cnn3_a10-4_avg_drop_128_7_l64_s1_d4_20_e300_glove840_trainable", "dataset": "h097_max_balanced_0_1_1", "congress": "097", "chamber": "House", "style": "max_balanced_0_1_1", "split": "train", "n": 23038, "TP": 9488, "FP": 1664, "TN": 9855, "FN": 2031, "precision": 0.8507890961262554, "recall": 0.8236826113377897, "accuracy": 0.8396128136122928, "f1": 0.8370164527369768, "negative_accuracy": 0.8555430158867957, "balanced_accuracy": 0.8396128136122927, "AUC": 0.9224272121894113, "CI_95.0": [0.9191312294362305, 0.925723194942592]}