{"model": "cnn3_a10-4_avg_drop_128_7_l64_s1_d4_20_e300_glove840_trainable", "dataset": "h112_max_balanced_0_1_1", "congress": "112", "chamber": "House", "style": "max_balanced_0_1_1", "split": "train", "n": 26090, "TP": 11954, "FP": 765, "TN": 12280, "FN": 1091, "precision": 0.9398537620882145, "recall": 0.9163664239172097, "accuracy": 0.9288616328095055, "f1": 0.927961496662009, "negative_accuracy": 0.9413568417018015, "balanced_accuracy": 0.9288616328095056, "AUC": 0.9843026725456197, "CI_95.0": [0.9832495207371976, 0.9853558243540417]}