{"model": "transformer_hd_e128_2_d3_90", "dataset": "h103_max_balanced_0_1_1", "congress": "103", "chamber": "House", "style": "max_balanced_0_1_1", "split": "train", "n": 28186, "TP": 307, "FP": 183, "TN": 13910, "FN": 13786, "precision": 0.6265306122448979, "recall": 0.021783864329809124, "accuracy": 0.5043993471936422, "f1": 0.04210381951587464, "negative_accuracy": 0.9870148300574754, "balanced_accuracy": 0.5043993471936422, "AUC": 0.5437304020853175, "CI_95.0": [0.5370192424700606, 0.5504415617005745]}