{"model": "transformer_hd_e128_2_d3_90", "dataset": "h114_max_balanced_0_1_1", "congress": "114", "chamber": "House", "style": "max_balanced_0_1_1", "split": "train", "n": 18990, "TP": 8111, "FP": 372, "TN": 9123, "FN": 1384, "precision": 0.9561475892962396, "recall": 0.8542390731964191, "accuracy": 0.9075302790942601, "f1": 0.9023250639670707, "negative_accuracy": 0.9608214849921011, "balanced_accuracy": 0.9075302790942601, "AUC": 0.9740633980191342, "CI_95.0": [0.9721709181651713, 0.9759558778730971]}