{"model": "transformer_hd_e128_2_d3_90", "dataset": "h097_max_balanced_0_1_1", "congress": "097", "chamber": "House", "style": "max_balanced_0_1_1", "split": "train", "n": 23038, "TP": 63, "FP": 42, "TN": 11477, "FN": 11456, "precision": 0.6, "recall": 0.0054692247590936716, "accuracy": 0.500911537459849, "f1": 0.010839642119752238, "negative_accuracy": 0.9963538501606042, "balanced_accuracy": 0.500911537459849, "AUC": 0.4917580959350001, "CI_95.0": [0.48429869043197604, 0.4992175014380241]}