{"model": "transformer_hd_e128_2_d3_90", "dataset": "h100_max_balanced_0_1_1", "congress": "100", "chamber": "House", "style": "max_balanced_0_1_1", "split": "train", "n": 26218, "TP": 11471, "FP": 10525, "TN": 2584, "FN": 1638, "precision": 0.5215039098017822, "recall": 0.8750476771683576, "accuracy": 0.5360820810130444, "f1": 0.653525138869107, "negative_accuracy": 0.19711648485773134, "balanced_accuracy": 0.5360820810130444, "AUC": 0.5902075971201194, "CI_95.0": [0.5833612872701962, 0.5970539069700426]}