{"model": "transformer_hd_e128_2_d3_90", "dataset": "h112_max_balanced_0_1_1", "congress": "112", "chamber": "House", "style": "max_balanced_0_1_1", "split": "train", "n": 26090, "TP": 11744, "FP": 160, "TN": 12885, "FN": 1301, "precision": 0.9865591397849462, "recall": 0.9002683020314297, "accuracy": 0.9440015331544653, "f1": 0.9414405386989458, "negative_accuracy": 0.987734764277501, "balanced_accuracy": 0.9440015331544653, "AUC": 0.9919410108682669, "CI_95.0": [0.9911759477888283, 0.9927060739477055]}