{"model": "transformer_hd_e128_2_d3_90", "dataset": "h109_max_balanced_0_1_1", "congress": "109", "chamber": "House", "style": "max_balanced_0_1_1", "split": "train", "n": 25802, "TP": 11071, "FP": 384, "TN": 12517, "FN": 1830, "precision": 0.9664775207333043, "recall": 0.8581505309665918, "accuracy": 0.9141926982404465, "f1": 0.9090983741172607, "negative_accuracy": 0.9702348655143013, "balanced_accuracy": 0.9141926982404465, "AUC": 0.9770291098608046, "CI_95.0": [0.9754159435169474, 0.9786422762046618]}