{"model": "transformer_hd_e128_2_d3_90", "dataset": "h106_max_balanced_0_1_1", "congress": "106", "chamber": "House", "style": "max_balanced_0_1_1", "split": "train", "n": 27700, "TP": 12949, "FP": 1296, "TN": 12554, "FN": 901, "precision": 0.909020709020709, "recall": 0.9349458483754512, "accuracy": 0.9206859205776173, "f1": 0.9218010322121374, "negative_accuracy": 0.9064259927797834, "balanced_accuracy": 0.9206859205776173, "AUC": 0.9772846459617615, "CI_95.0": [0.9757773557772794, 0.9787919361462435]}