{"model": "nnmulti_relu", "dataset": "h106_bayram_1_1", "congress": "106", "chamber": "House", "bayram_1_1": "style", "split": "train", "n": 4000, "TP": 1999, "FP": 2, "TN": 1998, "FN": 1, "precision": 0.999000499750125, "recall": 0.9995, "accuracy": 0.99925, "f1": 0.9992501874531368, "negative_accuracy": 0.999, "balanced_accuracy": 0.99925, "AUC": 0.999988, "CI_95.0": [0.9999679970259343, 1.0]}