{"model": "nnmulti_relu", "dataset": "h103_bayram_1_1", "congress": "103", "chamber": "House", "bayram_1_1": "style", "split": "train", "n": 4000, "TP": 1743, "FP": 464, "TN": 1536, "FN": 257, "precision": 0.7897598550067966, "recall": 0.8715, "accuracy": 0.81975, "f1": 0.8286189683860232, "negative_accuracy": 0.768, "balanced_accuracy": 0.81975, "AUC": 0.8954242500000001, "CI_95.0": [0.8857094338596088, 0.9051390661403915]}