{"model": "nnmulti_relu", "dataset": "h112_bayram_1_1", "congress": "112", "chamber": "House", "bayram_1_1": "style", "split": "train", "n": 4000, "TP": 1881, "FP": 50, "TN": 1950, "FN": 119, "precision": 0.9741066804764371, "recall": 0.9405, "accuracy": 0.95775, "f1": 0.957008394810481, "negative_accuracy": 0.975, "balanced_accuracy": 0.95775, "AUC": 0.9912455000000001, "CI_95.0": [0.9889759064018636, 0.9935150935981366]}