{"model": "nnmulti_relu", "dataset": "h100_bayram_1_1", "congress": "100", "chamber": "House", "bayram_1_1": "style", "split": "train", "n": 4000, "TP": 1996, "FP": 40, "TN": 1960, "FN": 4, "precision": 0.9803536345776032, "recall": 0.998, "accuracy": 0.989, "f1": 0.9890981169474727, "negative_accuracy": 0.98, "balanced_accuracy": 0.989, "AUC": 0.9989935, "CI_95.0": [0.9982583226123812, 0.9997286773876187]}