{"model": "nnmulti_relu", "dataset": "h109_bayram_1_1", "congress": "109", "chamber": "House", "bayram_1_1": "style", "split": "train", "n": 4000, "TP": 1694, "FP": 222, "TN": 1778, "FN": 306, "precision": 0.884133611691023, "recall": 0.847, "accuracy": 0.868, "f1": 0.8651685393258427, "negative_accuracy": 0.889, "balanced_accuracy": 0.868, "AUC": 0.9390554999999999, "CI_95.0": [0.9320700872334331, 0.9460409127665668]}