{"model": "cnn2_a10-4_avg_drop_128_7_l256_s1_d3_20_e300_glove840_trainable", "dataset": "h097_max_balanced_0_1_1", "congress": "097", "chamber": "House", "style": "max_balanced_0_1_1", "split": "train", "n": 23038, "TP": 10243, "FP": 1430, "TN": 10089, "FN": 1276, "precision": 0.87749507410263, "recall": 0.8892264953554996, "accuracy": 0.8825418873166073, "f1": 0.8833218351155571, "negative_accuracy": 0.8758572792777151, "balanced_accuracy": 0.8825418873166073, "AUC": 0.9579508631571925, "CI_95.0": [0.9557284437008204, 0.9601732826135645]}