{"model": "cnn2_a10-4_avg_drop_128_7_l256_s1_d3_20_e300_glove840_trainable", "dataset": "h112_max_balanced_0_1_1", "congress": "112", "chamber": "House", "style": "max_balanced_0_1_1", "split": "train", "n": 26090, "TP": 11882, "FP": 793, "TN": 12252, "FN": 1163, "precision": 0.9374358974358974, "recall": 0.9108470678420851, "accuracy": 0.9250287466462246, "f1": 0.923950233281493, "negative_accuracy": 0.9392104254503642, "balanced_accuracy": 0.9250287466462246, "AUC": 0.9829695715262248, "CI_95.0": [0.9818420788501205, 0.984097064202329]}