{"model": "cnn2_a10-4_avg_drop_128_7_l256_s1_d3_20_e300_glove840_trainable", "dataset": "h100_max_balanced_0_1_1", "congress": "100", "chamber": "House", "style": "max_balanced_0_1_1", "split": "train", "n": 26218, "TP": 11513, "FP": 1802, "TN": 11307, "FN": 1596, "precision": 0.8646639128802103, "recall": 0.8782515828819895, "accuracy": 0.8703943855366542, "f1": 0.8714047835301241, "negative_accuracy": 0.862537188191319, "balanced_accuracy": 0.8703943855366543, "AUC": 0.948871288337717, "CI_95.0": [0.9464706385872499, 0.951271938088184]}