{"model": "cnn2_a10-4_avg_drop_128_7_l256_s1_d3_20_e300_glove840_trainable", "dataset": "h103_max_balanced_0_1_1", "congress": "103", "chamber": "House", "style": "max_balanced_0_1_1", "split": "train", "n": 28186, "TP": 11903, "FP": 2281, "TN": 11812, "FN": 2190, "precision": 0.839184997179921, "recall": 0.8446037039665082, "accuracy": 0.8413751507840772, "f1": 0.8418856314319058, "negative_accuracy": 0.8381465976016462, "balanced_accuracy": 0.8413751507840772, "AUC": 0.9235825458427875, "CI_95.0": [0.9206228446776575, 0.9265422470079175]}