{"model": "cnn2_a10-4_avg_drop_128_7_l256_s1_d3_20_e300_glove840_trainable", "dataset": "h109_max_balanced_0_1_1", "congress": "109", "chamber": "House", "style": "max_balanced_0_1_1", "split": "train", "n": 25802, "TP": 12334, "FP": 839, "TN": 12062, "FN": 567, "precision": 0.9363091171335307, "recall": 0.9560499186109603, "accuracy": 0.9455081001472754, "f1": 0.9460765513538391, "negative_accuracy": 0.9349662816835904, "balanced_accuracy": 0.9455081001472754, "AUC": 0.9901719041806396, "CI_95.0": [0.9893502557105345, 0.9909935526507447]}