{"model": "cnn2_a10-4_avg_drop_128_7_l256_s1_d3_20_e300_glove840_trainable", "dataset": "h106_max_balanced_0_1_1", "congress": "106", "chamber": "House", "style": "max_balanced_0_1_1", "split": "train", "n": 27700, "TP": 12168, "FP": 1532, "TN": 12318, "FN": 1682, "precision": 0.8881751824817519, "recall": 0.8785559566787003, "accuracy": 0.883971119133574, "f1": 0.883339382940109, "negative_accuracy": 0.8893862815884477, "balanced_accuracy": 0.883971119133574, "AUC": 0.9576909330240198, "CI_95.0": [0.9556500934583011, 0.9597317725897384]}