{"model": "cnn2_a10-4_avg_drop_128_7_l256_s1_d3_20_e300_glove840_trainable", "dataset": "h114_max_balanced_0_1_1", "congress": "114", "chamber": "House", "style": "max_balanced_0_1_1", "split": "train", "n": 18990, "TP": 8940, "FP": 415, "TN": 9080, "FN": 555, "precision": 0.9556386958845537, "recall": 0.9415481832543444, "accuracy": 0.9489204844655081, "f1": 0.9485411140583555, "negative_accuracy": 0.956292785676672, "balanced_accuracy": 0.9489204844655081, "AUC": 0.9921700814790966, "CI_95.0": [0.9914121972001485, 0.9929279657580447]}