{"model": "cnn3_a10-4_avg_drop_128_7_l256_s1_d4_10_e300_glove840_trainable", "dataset": "h114_max_balanced_0_1_1", "congress": "114", "chamber": "House", "style": "max_balanced_0_1_1", "split": "train", "n": 18990, "TP": 8968, "FP": 215, "TN": 9280, "FN": 527, "precision": 0.9765871719481651, "recall": 0.9444971037388099, "accuracy": 0.960926803580832, "f1": 0.9602741192847201, "negative_accuracy": 0.9773565034228542, "balanced_accuracy": 0.960926803580832, "AUC": 0.9955571139822768, "CI_95.0": [0.9950454051577828, 0.9960688228067707]}