{"model": "cnn3_a10-4_avg_drop_128_7_l256_s1_d4_10_e300_glove840_trainable", "dataset": "h112_max_balanced_0_1_1", "congress": "112", "chamber": "House", "style": "max_balanced_0_1_1", "split": "train", "n": 26090, "TP": 12015, "FP": 617, "TN": 12428, "FN": 1030, "precision": 0.9511557948068398, "recall": 0.9210425450364124, "accuracy": 0.9368723648907628, "f1": 0.935856992639327, "negative_accuracy": 0.952702184745113, "balanced_accuracy": 0.9368723648907626, "AUC": 0.9869448430198795, "CI_95.0": [0.9859956286325634, 0.9878940574071956]}