{"model": "cnn3_a10-4_avg_drop_128_7_l256_s1_d4_10_e300_glove840_trainable", "dataset": "h106_max_balanced_0_1_1", "congress": "106", "chamber": "House", "style": "max_balanced_0_1_1", "split": "train", "n": 27700, "TP": 12970, "FP": 1088, "TN": 12762, "FN": 880, "precision": 0.9226063451415564, "recall": 0.9364620938628159, "accuracy": 0.9289530685920577, "f1": 0.9294825856385266, "negative_accuracy": 0.9214440433212996, "balanced_accuracy": 0.9289530685920577, "AUC": 0.9835693127761342, "CI_95.0": [0.9824868432294145, 0.984651782322854]}