{"model": "cnn3_a10-4_avg_drop_128_7_l256_s1_d4_10_e300_glove840_trainable", "dataset": "h097_max_balanced_0_1_1", "congress": "097", "chamber": "House", "style": "max_balanced_0_1_1", "split": "train", "n": 23038, "TP": 10709, "FP": 500, "TN": 11019, "FN": 810, "precision": 0.9553929877776787, "recall": 0.9296813959545099, "accuracy": 0.9431374251237087, "f1": 0.9423618444209786, "negative_accuracy": 0.9565934542929073, "balanced_accuracy": 0.9431374251237086, "AUC": 0.9885641481708269, "CI_95.0": [0.9876135937809299, 0.9895147025607239]}