{"model": "cnn3_a10-4_avg_drop_128_7_l256_s1_d4_10_e300_glove840_trainable", "dataset": "h103_max_balanced_0_1_1", "congress": "103", "chamber": "House", "style": "max_balanced_0_1_1", "split": "train", "n": 28186, "TP": 12746, "FP": 1897, "TN": 12196, "FN": 1347, "precision": 0.8704500443898109, "recall": 0.9044206343574824, "accuracy": 0.8849074008372951, "f1": 0.8871102449888641, "negative_accuracy": 0.8653941673171078, "balanced_accuracy": 0.8849074008372951, "AUC": 0.9578786268542243, "CI_95.0": [0.9558300828405034, 0.9599271708679452]}