{"model": "cnn3_a10-4_avg_drop_128_7_l256_s1_d4_10_e300_glove840_trainable", "dataset": "h100_max_balanced_0_1_1", "congress": "100", "chamber": "House", "style": "max_balanced_0_1_1", "split": "train", "n": 26218, "TP": 12297, "FP": 633, "TN": 12476, "FN": 812, "precision": 0.9510440835266821, "recall": 0.9380578228697841, "accuracy": 0.9448851933785949, "f1": 0.9445063174469066, "negative_accuracy": 0.9517125638874055, "balanced_accuracy": 0.9448851933785949, "AUC": 0.9887750349977839, "CI_95.0": [0.9878638780706261, 0.9896861919249416]}