{"model": "cnn3_a10-4_avg_drop_128_7_l256_s1_d4_10_e300_glove840_trainable", "dataset": "h109_max_balanced_0_1_1", "congress": "109", "chamber": "House", "style": "max_balanced_0_1_1", "split": "train", "n": 25802, "TP": 11673, "FP": 1165, "TN": 11736, "FN": 1228, "precision": 0.9092537778470167, "recall": 0.9048135803426091, "accuracy": 0.907255251530889, "f1": 0.9070282450755662, "negative_accuracy": 0.909696922719169, "balanced_accuracy": 0.907255251530889, "AUC": 0.9700379727796666, "CI_95.0": [0.9683100273332838, 0.9717659182260495]}