{"model": "transformer_e32_2_d3_10_l32", "dataset": "h106_max_balanced_0_1_1", "congress": "106", "chamber": "House", "style": "max_balanced_0_1_1", "split": "train", "n": 27700, "TP": 13155, "FP": 3833, "TN": 10017, "FN": 695, "precision": 0.7743701436307983, "recall": 0.9498194945848375, "accuracy": 0.8365342960288809, "f1": 0.8531681691419676, "negative_accuracy": 0.7232490974729242, "balanced_accuracy": 0.8365342960288809, "AUC": 0.9426185040858084, "CI_95.0": [0.940147796377581, 0.9450892117940358]}