{"model": "transformer_e32_2_d3_10_l32", "dataset": "h097_max_balanced_0_1_1", "congress": "097", "chamber": "House", "style": "max_balanced_0_1_1", "split": "train", "n": 23038, "TP": 10064, "FP": 1748, "TN": 9771, "FN": 1455, "precision": 0.8520149001015916, "recall": 0.8736869519923605, "accuracy": 0.8609688341001823, "f1": 0.8627148429128627, "negative_accuracy": 0.8482507162080042, "balanced_accuracy": 0.8609688341001823, "AUC": 0.9463545062140468, "CI_95.0": [0.9437643409651783, 0.9489446714629154]}