{"model": "transformer_e32_2_d3_10_l32", "dataset": "h112_max_balanced_0_1_1", "congress": "112", "chamber": "House", "style": "max_balanced_0_1_1", "split": "train", "n": 26090, "TP": 11437, "FP": 1476, "TN": 11569, "FN": 1608, "precision": 0.885696584836986, "recall": 0.8767343809888847, "accuracy": 0.8817937907244154, "f1": 0.8811926958933662, "negative_accuracy": 0.8868532004599463, "balanced_accuracy": 0.8817937907244155, "AUC": 0.9548410174939155, "CI_95.0": [0.9526188584607895, 0.9570631765270414]}