{"model": "transformer_e32_2_d3_10_l32", "dataset": "h100_max_balanced_0_1_1", "congress": "100", "chamber": "House", "style": "max_balanced_0_1_1", "split": "train", "n": 26218, "TP": 10421, "FP": 841, "TN": 12268, "FN": 2688, "precision": 0.9253240987391227, "recall": 0.7949500343275612, "accuracy": 0.865397818292776, "f1": 0.8551967502359362, "negative_accuracy": 0.9358456022579907, "balanced_accuracy": 0.865397818292776, "AUC": 0.9514146254107773, "CI_95.0": [0.9491125881698583, 0.9537166626516962]}