{"model": "transformer_e32_2_d3_10_l32", "dataset": "h109_max_balanced_0_1_1", "congress": "109", "chamber": "House", "style": "max_balanced_0_1_1", "split": "train", "n": 25802, "TP": 11373, "FP": 2385, "TN": 10516, "FN": 1528, "precision": 0.8266463148713475, "recall": 0.8815595690256569, "accuracy": 0.8483450895279435, "f1": 0.8532203008364905, "negative_accuracy": 0.8151306100302302, "balanced_accuracy": 0.8483450895279436, "AUC": 0.9335943983590405, "CI_95.0": [0.930753742970343, 0.9364350537477379]}