{"model": "transformer_e32_2_d3_10_l32", "dataset": "h114_max_balanced_0_1_1", "congress": "114", "chamber": "House", "style": "max_balanced_0_1_1", "split": "train", "n": 18990, "TP": 8304, "FP": 1456, "TN": 8039, "FN": 1191, "precision": 0.8508196721311475, "recall": 0.874565560821485, "accuracy": 0.8606108478146393, "f1": 0.8625292131913789, "negative_accuracy": 0.8466561348077936, "balanced_accuracy": 0.8606108478146393, "AUC": 0.944285202072763, "CI_95.0": [0.9413557378380767, 0.9472146663074493]}