{"model": "transformer_e32_2_d3_10_l32", "dataset": "h103_max_balanced_0_1_1", "congress": "103", "chamber": "House", "style": "max_balanced_0_1_1", "split": "train", "n": 28186, "TP": 11848, "FP": 1502, "TN": 12591, "FN": 2245, "precision": 0.8874906367041199, "recall": 0.8407010572624707, "accuracy": 0.8670616618179238, "f1": 0.8634624494406588, "negative_accuracy": 0.8934222663733768, "balanced_accuracy": 0.8670616618179238, "AUC": 0.9471481974947127, "CI_95.0": [0.9447613970281743, 0.9495349979612511]}