{"model": "transformer_e200_2_d3_10_l128_glove_trainable", "dataset": "h103_max_balanced_0_1_1", "congress": "103", "chamber": "House", "style": "max_balanced_0_1_1", "split": "train", "n": 28186, "TP": 13585, "FP": 2473, "TN": 11620, "FN": 508, "precision": 0.8459957653506041, "recall": 0.963953735897254, "accuracy": 0.8942382743205847, "f1": 0.9011309740970449, "negative_accuracy": 0.8245228127439154, "balanced_accuracy": 0.8942382743205847, "AUC": 0.9723405481591458, "CI_95.0": [0.9707760609456724, 0.9739050353726193]}