{"model": "transformer_e200_2_d3_10_l128_glove_trainable", "dataset": "h106_max_balanced_0_1_1", "congress": "106", "chamber": "House", "style": "max_balanced_0_1_1", "split": "train", "n": 27700, "TP": 11964, "FP": 1073, "TN": 12777, "FN": 1886, "precision": 0.9176957889084912, "recall": 0.863826714801444, "accuracy": 0.8931768953068592, "f1": 0.8899468144456428, "negative_accuracy": 0.9225270758122743, "balanced_accuracy": 0.8931768953068592, "AUC": 0.9673241017086109, "CI_95.0": [0.9656076269154678, 0.9690405765017541]}