{"model": "transformer_e200_2_d3_10_l128_glove_trainable", "dataset": "h112_max_balanced_0_1_1", "congress": "112", "chamber": "House", "style": "max_balanced_0_1_1", "split": "train", "n": 26090, "TP": 12152, "FP": 1205, "TN": 11840, "FN": 893, "precision": 0.9097851313917796, "recall": 0.9315446531238022, "accuracy": 0.9195860482943656, "f1": 0.9205363230058329, "negative_accuracy": 0.9076274434649291, "balanced_accuracy": 0.9195860482943656, "AUC": 0.9805419662838237, "CI_95.0": [0.9792930335327271, 0.9817908990349203]}