{"model": "transformer_e200_2_d3_10_l128_glove_trainable", "dataset": "h097_max_balanced_0_1_1", "congress": "097", "chamber": "House", "style": "max_balanced_0_1_1", "split": "train", "n": 23038, "TP": 6524, "FP": 705, "TN": 10814, "FN": 4995, "precision": 0.9024761377783926, "recall": 0.5663686083861447, "accuracy": 0.752582689469572, "f1": 0.6959675698741199, "negative_accuracy": 0.9387967705529994, "balanced_accuracy": 0.752582689469572, "AUC": 0.8706610873058211, "CI_95.0": [0.8661996568341757, 0.8751225177774666]}