{"model": "transformer_e200_2_d3_10_l128_glove_trainable", "dataset": "h114_max_balanced_0_1_1", "congress": "114", "chamber": "House", "style": "max_balanced_0_1_1", "split": "train", "n": 18990, "TP": 8376, "FP": 474, "TN": 9021, "FN": 1119, "precision": 0.9464406779661017, "recall": 0.8821484992101106, "accuracy": 0.9161137440758294, "f1": 0.9131643499591169, "negative_accuracy": 0.9500789889415482, "balanced_accuracy": 0.9161137440758294, "AUC": 0.9783446069700497, "CI_95.0": [0.976767386673621, 0.9799218272664784]}