{"model": "transformer_e200_2_d3_10_l128_glove_trainable", "dataset": "h109_max_balanced_0_1_1", "congress": "109", "chamber": "House", "style": "max_balanced_0_1_1", "split": "train", "n": 25802, "TP": 12078, "FP": 1131, "TN": 11770, "FN": 823, "precision": 0.9143765614353849, "recall": 0.9362064956204945, "accuracy": 0.9242694364777925, "f1": 0.9251627728839525, "negative_accuracy": 0.9123323773350903, "balanced_accuracy": 0.9242694364777924, "AUC": 0.9796297732841748, "CI_95.0": [0.9782671112182229, 0.9809924353501267]}