{"model": "transformer_e200_2_d3_10_l128_glove_trainable", "dataset": "h100_max_balanced_0_1_1", "congress": "100", "chamber": "House", "style": "max_balanced_0_1_1", "split": "train", "n": 26218, "TP": 11111, "FP": 1989, "TN": 11120, "FN": 1998, "precision": 0.8481679389312977, "recall": 0.8475856281943703, "accuracy": 0.8479289038065452, "f1": 0.8478766835819757, "negative_accuracy": 0.84827217941872, "balanced_accuracy": 0.8479289038065452, "AUC": 0.9331626255272304, "CI_95.0": [0.9303824954603759, 0.9359427555940849]}