{"model": "cnn2_32_7", "dataset": "h097_bayram_1_1", "congress": "097", "chamber": "House", "style": "bayram_1_1", "split": "train", "n": 4000, "TP": 239, "FP": 204, "TN": 1796, "FN": 1761, "precision": 0.5395033860045146, "recall": 0.1195, "accuracy": 0.50875, "f1": 0.1956610724519034, "negative_accuracy": 0.898, "balanced_accuracy": 0.50875, "AUC": 0.5283996250000002, "CI_95.0": [0.5105400085210425, 0.5462592414789578]}