{"model": "mnnb_tfidf", "dataset": "h097_bayram", "congress": "097", "chamber": "House", "bayram": "style", "split": "train", "n": 4000, "TP": 1505, "FP": 489, "TN": 1511, "FN": 495, "precision": 0.7547642928786359, "recall": 0.7525, "accuracy": 0.754, "f1": 0.7536304456685027, "negative_accuracy": 0.7555, "balanced_accuracy": 0.754, "AUC": 0.7540000000000001, "CI_95.0": [0.7406501222563012, 0.767349877743699]}