{"model": "mnnb_tfidf", "dataset": "h100_bayram", "congress": "100", "chamber": "House", "bayram": "style", "split": "train", "n": 4000, "TP": 1471, "FP": 600, "TN": 1400, "FN": 529, "precision": 0.7102848865282472, "recall": 0.7355, "accuracy": 0.71775, "f1": 0.7226725620240727, "negative_accuracy": 0.7, "balanced_accuracy": 0.71775, "AUC": 0.71775, "CI_95.0": [0.7038090522602729, 0.7316909477397271]}