{"model": "mnnb_tfidf", "dataset": "h109_bayram", "congress": "109", "chamber": "House", "bayram": "style", "split": "train", "n": 4000, "TP": 1509, "FP": 318, "TN": 1682, "FN": 491, "precision": 0.825944170771757, "recall": 0.7545, "accuracy": 0.79775, "f1": 0.7886072641755943, "negative_accuracy": 0.841, "balanced_accuracy": 0.79775, "AUC": 0.7977500000000001, "CI_95.0": [0.7853713822977799, 0.8101286177022202]}