{"model": "mnnb_tfidf", "dataset": "h114_bayram", "congress": "114", "chamber": "House", "bayram": "style", "split": "train", "n": 4000, "TP": 1627, "FP": 365, "TN": 1635, "FN": 373, "precision": 0.8167670682730924, "recall": 0.8135, "accuracy": 0.8155, "f1": 0.8151302605210422, "negative_accuracy": 0.8175, "balanced_accuracy": 0.8155, "AUC": 0.8155, "CI_95.0": [0.8034764949233771, 0.8275235050766229]}