{"model": "mnnb_tfidf", "dataset": "h106_bayram", "congress": "106", "chamber": "House", "bayram": "style", "split": "train", "n": 4000, "TP": 1581, "FP": 394, "TN": 1606, "FN": 419, "precision": 0.800506329113924, "recall": 0.7905, "accuracy": 0.79675, "f1": 0.7954716981132075, "negative_accuracy": 0.803, "balanced_accuracy": 0.7967500000000001, "AUC": 0.79675, "CI_95.0": [0.7842775829729114, 0.8092224170270885]}