{"model": "mnnb_tfidf", "dataset": "h112_bayram", "congress": "112", "chamber": "House", "bayram": "style", "split": "train", "n": 4000, "TP": 1650, "FP": 271, "TN": 1729, "FN": 350, "precision": 0.8589276418532015, "recall": 0.825, "accuracy": 0.84475, "f1": 0.8416220351951034, "negative_accuracy": 0.8645, "balanced_accuracy": 0.84475, "AUC": 0.84475, "CI_95.0": [0.8335411826366703, 0.8559588173633297]}