{"model": "mnnb_tfidf", "dataset": "h103_bayram", "congress": "103", "chamber": "House", "bayram": "style", "split": "train", "n": 4000, "TP": 1492, "FP": 529, "TN": 1471, "FN": 508, "precision": 0.7382483918852053, "recall": 0.746, "accuracy": 0.74075, "f1": 0.7421039542402388, "negative_accuracy": 0.7355, "balanced_accuracy": 0.74075, "AUC": 0.7407500000000001, "CI_95.0": [0.7271671551373996, 0.7543328448626007]}