{"model": "cnn2_a10-4_avg_drop_128_7_l256_s1_d3_30_e300_glove840_trainable", "dataset": "h109_max_balanced_0_1_1", "congress": "109", "chamber": "House", "style": "max_balanced_0_1_1", "split": "train", "n": 25802, "TP": 12200, "FP": 535, "TN": 12366, "FN": 701, "precision": 0.9579897919120534, "recall": 0.9456631268893885, "accuracy": 0.9520967366870785, "f1": 0.9517865501638322, "negative_accuracy": 0.9585303464847686, "balanced_accuracy": 0.9520967366870785, "AUC": 0.9919044520956162, "CI_95.0": [0.9911915778613651, 0.9926173263298672]}