{"model": "cnn2_a10-4_avg_drop_128_7_l256_s1_d3_30_e300_glove840_trainable", "dataset": "h097_max_balanced_0_1_1", "congress": "097", "chamber": "House", "style": "max_balanced_0_1_1", "split": "train", "n": 23038, "TP": 10270, "FP": 1644, "TN": 9875, "FN": 1249, "precision": 0.8620110794023838, "recall": 0.8915704488236826, "accuracy": 0.8744248632693811, "f1": 0.8765416293261639, "negative_accuracy": 0.8572792777150794, "balanced_accuracy": 0.874424863269381, "AUC": 0.9535282452410823, "CI_95.0": [0.9511569125429886, 0.9558995779391759]}