{"model": "cnn2_a10-4_avg_drop_128_7_l256_s1_d3_30_e300_glove840_trainable", "dataset": "h103_max_balanced_0_1_1", "congress": "103", "chamber": "House", "style": "max_balanced_0_1_1", "split": "train", "n": 28186, "TP": 12343, "FP": 1815, "TN": 12278, "FN": 1750, "precision": 0.8718039271083486, "recall": 0.8758248775988079, "accuracy": 0.8735187681827857, "f1": 0.8738097766450744, "negative_accuracy": 0.8712126587667637, "balanced_accuracy": 0.8735187681827858, "AUC": 0.9495933640158036, "CI_95.0": [0.9473162516684448, 0.9518704763631625]}