{"model": "cnn2_a10-4_avg_drop_128_7_l256_s1_d3_30_e300_glove840_trainable", "dataset": "h114_max_balanced_0_1_1", "congress": "114", "chamber": "House", "style": "max_balanced_0_1_1", "split": "train", "n": 18990, "TP": 8490, "FP": 459, "TN": 9036, "FN": 1005, "precision": 0.9487093530003352, "recall": 0.8941548183254344, "accuracy": 0.9229067930489732, "f1": 0.9206245933636955, "negative_accuracy": 0.9516587677725118, "balanced_accuracy": 0.9229067930489732, "AUC": 0.9825704058093268, "CI_95.0": [0.9812427638389445, 0.983898047779709]}