{"model": "cnn2_a10-4_avg_drop_128_7_l256_s1_d3_30_e300_glove840_trainable", "dataset": "h100_max_balanced_0_1_1", "congress": "100", "chamber": "House", "style": "max_balanced_0_1_1", "split": "train", "n": 26218, "TP": 11250, "FP": 1546, "TN": 11563, "FN": 1859, "precision": 0.879180994060644, "recall": 0.8581890304371043, "accuracy": 0.8701273933938516, "f1": 0.8685581933989578, "negative_accuracy": 0.8820657563505988, "balanced_accuracy": 0.8701273933938516, "AUC": 0.947330404736323, "CI_95.0": [0.9448850336640082, 0.9497757758086378]}