{"model": "cnn2_a10-4_avg_drop_128_7_l256_s1_d3_30_e300_glove840_trainable", "dataset": "h112_max_balanced_0_1_1", "congress": "112", "chamber": "House", "style": "max_balanced_0_1_1", "split": "train", "n": 26090, "TP": 12328, "FP": 720, "TN": 12325, "FN": 717, "precision": 0.9448191293684856, "recall": 0.9450364124185512, "accuracy": 0.9449214258336528, "f1": 0.9449277584026367, "negative_accuracy": 0.9448064392487543, "balanced_accuracy": 0.9449214258336527, "AUC": 0.9900854708639684, "CI_95.0": [0.9893155298674676, 0.9908554118604691]}