{"model": "cnn2_a10-4_avg_drop_128_7_l256_s1_d3_30_e300_glove840_trainable", "dataset": "h106_max_balanced_0_1_1", "congress": "106", "chamber": "House", "style": "max_balanced_0_1_1", "split": "train", "n": 27700, "TP": 12478, "FP": 1365, "TN": 12485, "FN": 1372, "precision": 0.9013942064581377, "recall": 0.9009386281588447, "accuracy": 0.9011913357400722, "f1": 0.9011663597298957, "negative_accuracy": 0.9014440433212997, "balanced_accuracy": 0.9011913357400723, "AUC": 0.9690324987944585, "CI_95.0": [0.967375788151036, 0.9706892094378811]}