{"model": "boost", "dataset": "h109_3gram_max_balanced_0", "congress": "109", "chamber": "House", "style": "3gram_max_balanced_0", "split": "train", "n": 25802, "TP": 7832, "FP": 3034, "TN": 9867, "FN": 5069, "precision": 0.7207804159764403, "recall": 0.6070847221145648, "accuracy": 0.6859545771645609, "f1": 0.6590650902511888, "negative_accuracy": 0.764824432214557, "balanced_accuracy": 0.6859545771645609, "AUC": 0.685954577164561, "CI_95.0": [0.6803734806088163, 0.6915356737203057]}