{"model": "boost", "dataset": "h112_bayram", "congress": "112", "chamber": "House", "bayram": "style", "split": "train", "n": 4000, "TP": 1532, "FP": 452, "TN": 1548, "FN": 468, "precision": 0.7721774193548387, "recall": 0.766, "accuracy": 0.77, "f1": 0.7690763052208835, "negative_accuracy": 0.774, "balanced_accuracy": 0.77, "AUC": 0.7700000000000001, "CI_95.0": [0.7569558327747515, 0.7830441672252487]}