{"model": "boost", "dataset": "h106_3gram_max_balanced_0", "congress": "106", "chamber": "House", "style": "3gram_max_balanced_0", "split": "train", "n": 27700, "TP": 8609, "FP": 3942, "TN": 9908, "FN": 5241, "precision": 0.6859214405226676, "recall": 0.6215884476534296, "accuracy": 0.6684837545126354, "f1": 0.6521722662020378, "negative_accuracy": 0.7153790613718412, "balanced_accuracy": 0.6684837545126354, "AUC": 0.6684837545126354, "CI_95.0": [0.6629673499744673, 0.6740001590508036]}