{"model": "boost", "dataset": "h114_bayram_3_7", "congress": "114", "chamber": "House", "bayram_3_7": "style", "split": "train", "n": 4000, "TP": 1489, "FP": 482, "TN": 1518, "FN": 511, "precision": 0.7554540842212075, "recall": 0.7445, "accuracy": 0.75175, "f1": 0.7499370435658524, "negative_accuracy": 0.759, "balanced_accuracy": 0.75175, "AUC": 0.75175, "CI_95.0": [0.7383610390637002, 0.7651389609362999]}