{"model": "boost", "dataset": "h100_bayram_1_1", "congress": "100", "chamber": "House", "bayram_1_1": "style", "split": "train", "n": 4000, "TP": 1359, "FP": 604, "TN": 1396, "FN": 641, "precision": 0.6923076923076923, "recall": 0.6795, "accuracy": 0.68875, "f1": 0.6858440575321726, "negative_accuracy": 0.698, "balanced_accuracy": 0.68875, "AUC": 0.6887500000000001, "CI_95.0": [0.674400872478546, 0.7030991275214542]}