{"model": "boost", "dataset": "h103_bayram_1_1", "congress": "103", "chamber": "House", "bayram_1_1": "style", "split": "train", "n": 4000, "TP": 1466, "FP": 655, "TN": 1345, "FN": 534, "precision": 0.6911834040546911, "recall": 0.733, "accuracy": 0.70275, "f1": 0.7114777966512982, "negative_accuracy": 0.6725, "balanced_accuracy": 0.70275, "AUC": 0.7027500000000001, "CI_95.0": [0.6886137329026238, 0.7168862670973764]}