{"model": "boost", "dataset": "h103_3gram_max_balanced_0", "congress": "103", "chamber": "House", "style": "3gram_max_balanced_0", "split": "train", "n": 28186, "TP": 10218, "FP": 5723, "TN": 8370, "FN": 3875, "precision": 0.6409886456307634, "recall": 0.7250408003973604, "accuracy": 0.659476335769531, "f1": 0.6804288473063861, "negative_accuracy": 0.5939118711417015, "balanced_accuracy": 0.659476335769531, "AUC": 0.659476335769531, "CI_95.0": [0.6539970611082592, 0.6649556104308029]}