{"model": "boost", "dataset": "h097_bayram_1_1", "congress": "097", "chamber": "House", "bayram_1_1": "style", "split": "train", "n": 4000, "TP": 1301, "FP": 597, "TN": 1403, "FN": 699, "precision": 0.6854583772391991, "recall": 0.6505, "accuracy": 0.676, "f1": 0.6675218060543868, "negative_accuracy": 0.7015, "balanced_accuracy": 0.6759999999999999, "AUC": 0.676, "CI_95.0": [0.6615147194119947, 0.6904852805880054]}