{"model": "boost", "dataset": "h097_3gram_max_balanced_0", "congress": "097", "chamber": "House", "style": "3gram_max_balanced_0", "split": "train", "n": 23038, "TP": 6136, "FP": 3394, "TN": 8125, "FN": 5383, "precision": 0.6438614900314795, "recall": 0.5326851289174408, "accuracy": 0.619020748328848, "f1": 0.5830205710485059, "negative_accuracy": 0.7053563677402552, "balanced_accuracy": 0.619020748328848, "AUC": 0.6190207483288479, "CI_95.0": [0.612849488928638, 0.6251920077290578]}