{"model": "boost", "dataset": "h109_bayram_3_7", "congress": "109", "chamber": "House", "bayram_3_7": "style", "split": "train", "n": 4000, "TP": 1400, "FP": 433, "TN": 1567, "FN": 600, "precision": 0.7637752318603382, "recall": 0.7, "accuracy": 0.74175, "f1": 0.7304983042003653, "negative_accuracy": 0.7835, "balanced_accuracy": 0.7417499999999999, "AUC": 0.74175, "CI_95.0": [0.7282451217343249, 0.7552548782656752]}