{"model": "boost", "dataset": "h100_3gram_max_balanced_0", "congress": "100", "chamber": "House", "style": "3gram_max_balanced_0", "split": "train", "n": 26218, "TP": 7001, "FP": 3404, "TN": 9705, "FN": 6108, "precision": 0.6728495915425277, "recall": 0.5340605690746815, "accuracy": 0.6371958196658783, "f1": 0.5954750361486775, "negative_accuracy": 0.7403310702570753, "balanced_accuracy": 0.6371958196658785, "AUC": 0.6371958196658783, "CI_95.0": [0.6315111009213125, 0.6428805384104442]}