{"model": "boost", "dataset": "h109_bayram_1_1", "congress": "109", "chamber": "House", "bayram_1_1": "style", "split": "train", "n": 4000, "TP": 1413, "FP": 462, "TN": 1538, "FN": 587, "precision": 0.7536, "recall": 0.7065, "accuracy": 0.73775, "f1": 0.7292903225806452, "negative_accuracy": 0.769, "balanced_accuracy": 0.73775, "AUC": 0.73775, "CI_95.0": [0.724149958613441, 0.751350041386559]}