{"model": "boost", "dataset": "h109_bayram", "congress": "109", "chamber": "House", "bayram": "style", "split": "train", "n": 4000, "TP": 1392, "FP": 438, "TN": 1562, "FN": 608, "precision": 0.760655737704918, "recall": 0.696, "accuracy": 0.7385, "f1": 0.7268929503916448, "negative_accuracy": 0.781, "balanced_accuracy": 0.7384999999999999, "AUC": 0.7385, "CI_95.0": [0.7249419498947993, 0.7520580501052008]}