{"model": "boost", "dataset": "h103_bayram_3_7", "congress": "103", "chamber": "House", "bayram_3_7": "style", "split": "train", "n": 4000, "TP": 1445, "FP": 635, "TN": 1365, "FN": 555, "precision": 0.6947115384615384, "recall": 0.7225, "accuracy": 0.7025, "f1": 0.7083333333333334, "negative_accuracy": 0.6825, "balanced_accuracy": 0.7025, "AUC": 0.7025, "CI_95.0": [0.6883428008291197, 0.7166571991708803]}