{"model": "cnn3_a10-4_avg_drop_128_7_l128_s1_d4_30_e300_glove840_trainable", "dataset": "h100_max_balanced_0_1_1", "congress": "100", "chamber": "House", "style": "max_balanced_0_1_1", "split": "train", "n": 26218, "TP": 11226, "FP": 1413, "TN": 11696, "FN": 1883, "precision": 0.888203180631379, "recall": 0.8563582271721718, "accuracy": 0.8742848424746358, "f1": 0.8719900574801925, "negative_accuracy": 0.8922114577770996, "balanced_accuracy": 0.8742848424746357, "AUC": 0.9515857787711536, "CI_95.0": [0.949281568495864, 0.9538899890464432]}