{"model": "cnn3_a10-4_avg_drop_128_7_l128_s1_d4_30_e300_glove840_trainable", "dataset": "h114_max_balanced_0_1_1", "congress": "114", "chamber": "House", "style": "max_balanced_0_1_1", "split": "train", "n": 18990, "TP": 8874, "FP": 547, "TN": 8948, "FN": 621, "precision": 0.9419382231185649, "recall": 0.9345971563981043, "accuracy": 0.938493944181148, "f1": 0.9382533305138506, "negative_accuracy": 0.9423907319641917, "balanced_accuracy": 0.938493944181148, "AUC": 0.9883764105217652, "CI_95.0": [0.9873727191994757, 0.9893801018440547]}