{"model": "cnn3_a10-4_avg_drop_128_7_l128_s1_d4_30_e300_glove840_trainable", "dataset": "h103_max_balanced_0_1_1", "congress": "103", "chamber": "House", "style": "max_balanced_0_1_1", "split": "train", "n": 28186, "TP": 12471, "FP": 2991, "TN": 11102, "FN": 1622, "precision": 0.806558013193636, "recall": 0.8849074008372951, "accuracy": 0.8363371886752289, "f1": 0.8439181187616308, "negative_accuracy": 0.7877669765131625, "balanced_accuracy": 0.8363371886752289, "AUC": 0.9208206270890633, "CI_95.0": [0.9177938431239311, 0.9238474110541955]}