{"model": "cnn3_a10-4_avg_drop_128_7_l128_s1_d4_30_e300_glove840_trainable", "dataset": "h106_max_balanced_0_1_1", "congress": "106", "chamber": "House", "style": "max_balanced_0_1_1", "split": "train", "n": 27700, "TP": 12153, "FP": 1439, "TN": 12411, "FN": 1697, "precision": 0.8941288993525603, "recall": 0.8774729241877256, "accuracy": 0.8867870036101083, "f1": 0.8857226149697545, "negative_accuracy": 0.8961010830324909, "balanced_accuracy": 0.8867870036101082, "AUC": 0.9589374525928918, "CI_95.0": [0.9569298564085397, 0.9609450487772438]}