{"model": "cnn3_a10-4_avg_drop_128_7_l128_s1_d4_30_e300_glove840_trainable", "dataset": "h097_max_balanced_0_1_1", "congress": "097", "chamber": "House", "style": "max_balanced_0_1_1", "split": "train", "n": 23038, "TP": 10218, "FP": 1042, "TN": 10477, "FN": 1301, "precision": 0.9074600355239787, "recall": 0.887056168070145, "accuracy": 0.898298463408282, "f1": 0.8971421045699988, "negative_accuracy": 0.9095407587464189, "balanced_accuracy": 0.898298463408282, "AUC": 0.9670565646414506, "CI_95.0": [0.9651598332458855, 0.9689532960370157]}