{"model": "cnn3_a10-4_avg_drop_128_7_l128_s1_d4_30_e300_glove840_trainable", "dataset": "h109_max_balanced_0_1_1", "congress": "109", "chamber": "House", "style": "max_balanced_0_1_1", "split": "train", "n": 25802, "TP": 11680, "FP": 1207, "TN": 11694, "FN": 1221, "precision": 0.9063397222006674, "recall": 0.9053561739400047, "accuracy": 0.9058987675374002, "f1": 0.9058476810919808, "negative_accuracy": 0.9064413611347958, "balanced_accuracy": 0.9058987675374002, "AUC": 0.9707025112944301, "CI_95.0": [0.9690127812934348, 0.9723922412954253]}