{"model": "cnn3_a10-4_avg_drop_128_7_l128_s1_d4_30_e300_glove840_trainable", "dataset": "h112_max_balanced_0_1_1", "congress": "112", "chamber": "House", "style": "max_balanced_0_1_1", "split": "train", "n": 26090, "TP": 12347, "FP": 414, "TN": 12631, "FN": 698, "precision": 0.967557401457566, "recall": 0.9464929091605979, "accuracy": 0.9573783058643158, "f1": 0.9569092459118034, "negative_accuracy": 0.9682637025680337, "balanced_accuracy": 0.9573783058643158, "AUC": 0.9944038099094137, "CI_95.0": [0.9939017377402812, 0.9949058820785461]}