{"model": "cnn3_avg_drop_128_7_l64_s1_d4_5_e300_glove840_trainable", "dataset": "h106_max_balanced_0_1_1", "congress": "106", "chamber": "House", "style": "max_balanced_0_1_1", "split": "train", "n": 27700, "TP": 12705, "FP": 2186, "TN": 11664, "FN": 1145, "precision": 0.8531999194144114, "recall": 0.9173285198555957, "accuracy": 0.8797472924187726, "f1": 0.884102849587697, "negative_accuracy": 0.8421660649819495, "balanced_accuracy": 0.8797472924187726, "AUC": 0.9581411330787577, "CI_95.0": [0.9561205152396326, 0.9601617509178828]}