{"model": "cnn3_avg_drop_128_7_l64_s1_d4_5_e300_glove840_trainable", "dataset": "h103_max_balanced_0_1_1", "congress": "103", "chamber": "House", "style": "max_balanced_0_1_1", "split": "train", "n": 28186, "TP": 12948, "FP": 1900, "TN": 12193, "FN": 1145, "precision": 0.8720366379310345, "recall": 0.91875399134322, "accuracy": 0.8919676435109629, "f1": 0.8947859438167306, "negative_accuracy": 0.8651812956787057, "balanced_accuracy": 0.8919676435109629, "AUC": 0.9632316620478689, "CI_95.0": [0.9613522685281678, 0.96511105556757]}