{"model": "cnn3_avg_drop_128_7_l64_s1_d4_5_e300_glove840_trainable", "dataset": "h100_max_balanced_0_1_1", "congress": "100", "chamber": "House", "style": "max_balanced_0_1_1", "split": "train", "n": 26218, "TP": 10086, "FP": 827, "TN": 12282, "FN": 3023, "precision": 0.9242188215889307, "recall": 0.7693950720878786, "accuracy": 0.85315432145854, "f1": 0.8397302472733329, "negative_accuracy": 0.9369135708292013, "balanced_accuracy": 0.85315432145854, "AUC": 0.9429765529265143, "CI_95.0": [0.940411782720921, 0.9455413231321076]}