{"model": "cnn3_avg_drop_128_7_l64_s1_d4_5_e300_glove840_trainable", "dataset": "h114_max_balanced_0_1_1", "congress": "114", "chamber": "House", "style": "max_balanced_0_1_1", "split": "train", "n": 18990, "TP": 9032, "FP": 188, "TN": 9307, "FN": 463, "precision": 0.9796095444685466, "recall": 0.9512374934175882, "accuracy": 0.9657187993680885, "f1": 0.9652150681271707, "negative_accuracy": 0.9802001053185887, "balanced_accuracy": 0.9657187993680885, "AUC": 0.9969423612272303, "CI_95.0": [0.9965749883113283, 0.9973097341431324]}