{"model": "cnn3_avg_drop_128_7_l64_s1_d4_5_e300_glove840_trainable", "dataset": "h097_max_balanced_0_1_1", "congress": "097", "chamber": "House", "style": "max_balanced_0_1_1", "split": "train", "n": 23038, "TP": 9226, "FP": 2050, "TN": 9469, "FN": 2293, "precision": 0.8181979425328131, "recall": 0.8009375813872732, "accuracy": 0.8114853719940968, "f1": 0.8094757622285589, "negative_accuracy": 0.8220331626009202, "balanced_accuracy": 0.8114853719940966, "AUC": 0.899017710511252, "CI_95.0": [0.8951636937393703, 0.9028717272831337]}