{"model": "cnn3_avg_drop_128_7_l64_s1_d4_5_e300_glove840_trainable", "dataset": "h109_max_balanced_0_1_1", "congress": "109", "chamber": "House", "style": "max_balanced_0_1_1", "split": "train", "n": 25802, "TP": 11649, "FP": 942, "TN": 11959, "FN": 1252, "precision": 0.925184655706457, "recall": 0.9029532594372529, "accuracy": 0.9149678319510115, "f1": 0.9139337831476542, "negative_accuracy": 0.9269824044647702, "balanced_accuracy": 0.9149678319510115, "AUC": 0.9755863974241936, "CI_95.0": [0.974081448774235, 0.9770913460741523]}