{"model": "cnn3_avg_drop_128_7_l64_s1_d4_5_e300_glove840_trainable", "dataset": "h112_max_balanced_0_1_1", "congress": "112", "chamber": "House", "style": "max_balanced_0_1_1", "split": "train", "n": 26090, "TP": 12193, "FP": 1079, "TN": 11966, "FN": 852, "precision": 0.918701024713683, "recall": 0.9346876197776927, "accuracy": 0.9259869681870448, "f1": 0.9266253752327394, "negative_accuracy": 0.917286316596397, "balanced_accuracy": 0.9259869681870448, "AUC": 0.983052296639239, "CI_95.0": [0.9819276517103156, 0.9841769415681624]}