{"model": "lstm2_drop_bidi_128_d3_50_l32", "dataset": "h109_max_balanced_0_1_1", "congress": "109", "chamber": "House", "style": "max_balanced_0_1_1", "split": "train", "n": 25802, "TP": 12414, "FP": 944, "TN": 11957, "FN": 487, "precision": 0.9293307381344512, "recall": 0.962250988295481, "accuracy": 0.944539183009069, "f1": 0.9455043984919456, "negative_accuracy": 0.9268273777226571, "balanced_accuracy": 0.944539183009069, "AUC": 0.9868526003008211, "CI_95.0": [0.9857095462914897, 0.9879956543101526]}