{"model": "lstm2_drop_bidi_128_d3_50_l32", "dataset": "h112_max_balanced_0_1_1", "congress": "112", "chamber": "House", "style": "max_balanced_0_1_1", "split": "train", "n": 26090, "TP": 12429, "FP": 566, "TN": 12479, "FN": 616, "precision": 0.9564447864563294, "recall": 0.9527788424683787, "accuracy": 0.9546952855500191, "f1": 0.9546082949308755, "negative_accuracy": 0.9566117286316597, "balanced_accuracy": 0.9546952855500193, "AUC": 0.9924742976996368, "CI_95.0": [0.9917408347198875, 0.9932077606793861]}