{"model": "lstm2_drop_bidi_128_d3_50_l32", "dataset": "h106_max_balanced_0_1_1", "congress": "106", "chamber": "House", "style": "max_balanced_0_1_1", "split": "train", "n": 27700, "TP": 12643, "FP": 1025, "TN": 12825, "FN": 1207, "precision": 0.9250073163593796, "recall": 0.9128519855595668, "accuracy": 0.9194223826714801, "f1": 0.9188894541754489, "negative_accuracy": 0.9259927797833934, "balanced_accuracy": 0.9194223826714801, "AUC": 0.9754925360685007, "CI_95.0": [0.9739462651939015, 0.9770388069431]}