{"model": "lstm2_drop_bidi_128_d3_50_l32", "dataset": "h103_max_balanced_0_1_1", "congress": "103", "chamber": "House", "style": "max_balanced_0_1_1", "split": "train", "n": 28186, "TP": 13298, "FP": 2210, "TN": 11883, "FN": 795, "precision": 0.8574929068867682, "recall": 0.9435890158234584, "accuracy": 0.8933867877669766, "f1": 0.8984831593527246, "negative_accuracy": 0.8431845597104946, "balanced_accuracy": 0.8933867877669766, "AUC": 0.965940958271998, "CI_95.0": [0.9641021502856418, 0.9677797662583542]}