{"model": "lstm2_drop_bidi_128_d3_50_l32", "dataset": "h100_max_balanced_0_1_1", "congress": "100", "chamber": "House", "style": "max_balanced_0_1_1", "split": "train", "n": 26218, "TP": 12576, "FP": 328, "TN": 12781, "FN": 533, "precision": 0.9745815251084935, "recall": 0.9593409108246242, "accuracy": 0.9671599664352735, "f1": 0.9669011648022143, "negative_accuracy": 0.9749790220459227, "balanced_accuracy": 0.9671599664352735, "AUC": 0.9945731053047467, "CI_95.0": [0.9939123280097266, 0.9952338825997669]}