{"model": "lstm2_drop_bidi_128_d3_50_l32", "dataset": "h114_max_balanced_0_1_1", "congress": "114", "chamber": "House", "style": "max_balanced_0_1_1", "split": "train", "n": 18990, "TP": 8539, "FP": 1035, "TN": 8460, "FN": 956, "precision": 0.8918947148527261, "recall": 0.899315429173249, "accuracy": 0.8951553449183781, "f1": 0.8955897005611201, "negative_accuracy": 0.8909952606635071, "balanced_accuracy": 0.895155344918378, "AUC": 0.9630840321989815, "CI_95.0": [0.960725709790361, 0.9654423546076021]}