{"model": "lstm2_drop_bidi_128_d3_50_l32", "dataset": "h097_max_balanced_0_1_1", "congress": "097", "chamber": "House", "style": "max_balanced_0_1_1", "split": "train", "n": 23038, "TP": 11479, "FP": 34, "TN": 11485, "FN": 40, "precision": 0.9970468166420569, "recall": 0.9965274763434326, "accuracy": 0.9967879156176751, "f1": 0.9967870788468218, "negative_accuracy": 0.9970483548919177, "balanced_accuracy": 0.9967879156176751, "AUC": 0.9999401111007098, "CI_95.0": [0.9999021980453086, 0.999978024156111]}