{"model": "transformer_e200_2_d3_10_l128", "dataset": "h112_max_balanced_0_1_1", "congress": "112", "chamber": "House", "style": "max_balanced_0_1_1", "split": "train", "n": 26090, "TP": 12242, "FP": 1985, "TN": 11060, "FN": 803, "precision": 0.8604765586560765, "recall": 0.938443848217708, "accuracy": 0.8931391337677271, "f1": 0.8977706072161924, "negative_accuracy": 0.8478344193177463, "balanced_accuracy": 0.8931391337677271, "AUC": 0.9682874285594238, "CI_95.0": [0.9665080277489798, 0.9700668293698679]}