{"model": "transformer_e200_2_d3_10_l128", "dataset": "h103_max_balanced_0_1_1", "congress": "103", "chamber": "House", "style": "max_balanced_0_1_1", "split": "train", "n": 28186, "TP": 12513, "FP": 852, "TN": 13241, "FN": 1580, "precision": 0.9362514029180696, "recall": 0.8878876037749237, "accuracy": 0.9137160292343717, "f1": 0.9114283633185228, "negative_accuracy": 0.9395444546938196, "balanced_accuracy": 0.9137160292343717, "AUC": 0.977203239457322, "CI_95.0": [0.9758223169104403, 0.9785841620042037]}