{"model": "transformer_e200_2_d3_10_l128", "dataset": "h114_max_balanced_0_1_1", "congress": "114", "chamber": "House", "style": "max_balanced_0_1_1", "split": "train", "n": 18990, "TP": 8535, "FP": 1047, "TN": 8448, "FN": 960, "precision": 0.8907326236693801, "recall": 0.8988941548183255, "accuracy": 0.8943127962085308, "f1": 0.8947947790533103, "negative_accuracy": 0.8897314375987362, "balanced_accuracy": 0.8943127962085309, "AUC": 0.9661612095387917, "CI_95.0": [0.9640160698091995, 0.9683063492683839]}