{"model": "transformer_e200_2_d3_10_l128", "dataset": "h106_max_balanced_0_1_1", "congress": "106", "chamber": "House", "style": "max_balanced_0_1_1", "split": "train", "n": 27700, "TP": 12374, "FP": 2143, "TN": 11707, "FN": 1476, "precision": 0.8523799683130123, "recall": 0.8934296028880866, "accuracy": 0.8693501805054151, "f1": 0.8724221807029294, "negative_accuracy": 0.8452707581227437, "balanced_accuracy": 0.8693501805054151, "AUC": 0.9513230277991374, "CI_95.0": [0.9490995802980526, 0.9535464753002221]}