{"model": "transformer_e200_2_d3_10_l128", "dataset": "h100_max_balanced_0_1_1", "congress": "100", "chamber": "House", "style": "max_balanced_0_1_1", "split": "train", "n": 26218, "TP": 10425, "FP": 1439, "TN": 11670, "FN": 2684, "precision": 0.8787086985839514, "recall": 0.7952551682050499, "accuracy": 0.8427416278892365, "f1": 0.8349016938293357, "negative_accuracy": 0.8902280875734229, "balanced_accuracy": 0.8427416278892363, "AUC": 0.9314636089531877, "CI_95.0": [0.9286164418663247, 0.9343107760400506]}