{"model": "transformer_e200_2_d3_10_l128", "dataset": "h097_max_balanced_0_1_1", "congress": "097", "chamber": "House", "style": "max_balanced_0_1_1", "split": "train", "n": 23038, "TP": 10057, "FP": 2201, "TN": 9318, "FN": 1462, "precision": 0.8204437918094306, "recall": 0.8730792603524612, "accuracy": 0.8410018230749197, "f1": 0.8459435589014593, "negative_accuracy": 0.8089243857973782, "balanced_accuracy": 0.8410018230749197, "AUC": 0.9254560311889841, "CI_95.0": [0.9221801403327148, 0.9287319220452535]}