{"model": "transformer_e200_2_d3_10_l128", "dataset": "h109_max_balanced_0_1_1", "congress": "109", "chamber": "House", "style": "max_balanced_0_1_1", "split": "train", "n": 25802, "TP": 11290, "FP": 1750, "TN": 11151, "FN": 1611, "precision": 0.86579754601227, "recall": 0.8751259592279669, "accuracy": 0.8697387799395395, "f1": 0.8704367603407734, "negative_accuracy": 0.8643516006511123, "balanced_accuracy": 0.8697387799395395, "AUC": 0.9484884685356847, "CI_95.0": [0.946055259024681, 0.9509216780466884]}