{"model": "cnn2_a10-4_avg_drop_128_7_l128_s1_d3_10_e300_glove840_trainable", "dataset": "h109_max_balanced_0_1_1", "congress": "109", "chamber": "House", "style": "max_balanced_0_1_1", "split": "train", "n": 25802, "TP": 12126, "FP": 882, "TN": 12019, "FN": 775, "precision": 0.9321955719557196, "recall": 0.9399271374312069, "accuracy": 0.9357801720796838, "f1": 0.936045389632946, "negative_accuracy": 0.9316332067281606, "balanced_accuracy": 0.9357801720796838, "AUC": 0.9862046657858186, "CI_95.0": [0.9851780824703472, 0.9872312491012899]}