{"model": "cnn2_a10-4_avg_drop_128_7_l128_s1_d3_10_e300_glove840_trainable", "dataset": "h103_max_balanced_0_1_1", "congress": "103", "chamber": "House", "style": "max_balanced_0_1_1", "split": "train", "n": 28186, "TP": 12133, "FP": 2292, "TN": 11801, "FN": 1960, "precision": 0.841109185441941, "recall": 0.8609238629106649, "accuracy": 0.8491449655857518, "f1": 0.8509011852163546, "negative_accuracy": 0.8373660682608387, "balanced_accuracy": 0.8491449655857518, "AUC": 0.9308187818390157, "CI_95.0": [0.9280351211709469, 0.9336024425070845]}