{"model": "cnn2_a10-4_avg_drop_128_7_l128_s1_d3_10_e300_glove840_trainable", "dataset": "h112_max_balanced_0_1_1", "congress": "112", "chamber": "House", "style": "max_balanced_0_1_1", "split": "train", "n": 26090, "TP": 11187, "FP": 1522, "TN": 11523, "FN": 1858, "precision": 0.880242347942403, "recall": 0.8575699501724798, "accuracy": 0.8704484476811039, "f1": 0.868758251145453, "negative_accuracy": 0.8833269451897279, "balanced_accuracy": 0.8704484476811039, "AUC": 0.9503616913532058, "CI_95.0": [0.9480556689304869, 0.9526677137759247]}