{"model": "cnn2_a10-4_avg_drop_128_7_l128_s1_d3_10_e300_glove840_trainable", "dataset": "h106_max_balanced_0_1_1", "congress": "106", "chamber": "House", "style": "max_balanced_0_1_1", "split": "train", "n": 27700, "TP": 12037, "FP": 1647, "TN": 12203, "FN": 1813, "precision": 0.8796404560070155, "recall": 0.8690974729241877, "accuracy": 0.8750902527075812, "f1": 0.8743371831190527, "negative_accuracy": 0.8810830324909747, "balanced_accuracy": 0.8750902527075812, "AUC": 0.9518426852949993, "CI_95.0": [0.94961194299454, 0.9540734275954585]}