{"model": "cnn2_a10-4_avg_drop_128_7_l128_s1_d3_10_e300_glove840_trainable", "dataset": "h097_max_balanced_0_1_1", "congress": "097", "chamber": "House", "style": "max_balanced_0_1_1", "split": "train", "n": 23038, "TP": 9839, "FP": 1962, "TN": 9557, "FN": 1680, "precision": 0.8337429031438014, "recall": 0.8541540064241687, "accuracy": 0.8419133605347686, "f1": 0.8438250428816466, "negative_accuracy": 0.8296727146453685, "balanced_accuracy": 0.8419133605347686, "AUC": 0.929539027458689, "CI_95.0": [0.9264571138808261, 0.9326209410365519]}