{"model": "cnn2_a10-4_avg_drop_128_7_l128_s1_d3_10_e300_glove840_trainable", "dataset": "h114_max_balanced_0_1_1", "congress": "114", "chamber": "House", "style": "max_balanced_0_1_1", "split": "train", "n": 18990, "TP": 8713, "FP": 542, "TN": 8953, "FN": 782, "precision": 0.9414370610480821, "recall": 0.9176408636124276, "accuracy": 0.9302790942601369, "f1": 0.9293866666666667, "negative_accuracy": 0.9429173249078462, "balanced_accuracy": 0.9302790942601369, "AUC": 0.9852741652503563, "CI_95.0": [0.9840929354502503, 0.9864553950504622]}