{"model": "cnn2_a10-4_avg_drop_128_7_l128_s1_d3_10_e300_glove840_trainable", "dataset": "h100_max_balanced_0_1_1", "congress": "100", "chamber": "House", "style": "max_balanced_0_1_1", "split": "train", "n": 26218, "TP": 10588, "FP": 1721, "TN": 11388, "FN": 2521, "precision": 0.8601836054919165, "recall": 0.8076893737127164, "accuracy": 0.8382027614615912, "f1": 0.8331103942088284, "negative_accuracy": 0.8687161492104661, "balanced_accuracy": 0.8382027614615912, "AUC": 0.923836553871198, "CI_95.0": [0.9207821641206845, 0.9268909436217115]}