{"model": "lda_tfidf", "dataset": "h112_bayram", "congress": "112", "chamber": "House", "bayram": "style", "split": "train", "n": 4000, "TP": 1995, "FP": 7, "TN": 1993, "FN": 5, "precision": 0.9965034965034965, "recall": 0.9975, "accuracy": 0.997, "f1": 0.9970014992503748, "negative_accuracy": 0.9965, "balanced_accuracy": 0.9970000000000001, "AUC": 0.997, "CI_95.0": [0.9953048163622248, 0.9986951836377752]}