{"model": "lda_tfidf", "dataset": "h100_bayram", "congress": "100", "chamber": "House", "bayram": "style", "split": "train", "n": 4000, "TP": 1997, "FP": 10, "TN": 1990, "FN": 3, "precision": 0.9950174389636273, "recall": 0.9985, "accuracy": 0.99675, "f1": 0.9967556775642624, "negative_accuracy": 0.995, "balanced_accuracy": 0.99675, "AUC": 0.9967500000000001, "CI_95.0": [0.9949865785670235, 0.9985134214329767]}