{"model": "lda_tfidf", "dataset": "h103_bayram", "congress": "103", "chamber": "House", "bayram": "style", "split": "train", "n": 4000, "TP": 1981, "FP": 26, "TN": 1974, "FN": 19, "precision": 0.987045341305431, "recall": 0.9905, "accuracy": 0.98875, "f1": 0.9887696531070627, "negative_accuracy": 0.987, "balanced_accuracy": 0.98875, "AUC": 0.9887500000000001, "CI_95.0": [0.9854812145776509, 0.9920187854223493]}