{"model": "lda_tfidf", "dataset": "h114_bayram", "congress": "114", "chamber": "House", "bayram": "style", "split": "train", "n": 4000, "TP": 1981, "FP": 8, "TN": 1992, "FN": 19, "precision": 0.9959778783308195, "recall": 0.9905, "accuracy": 0.99325, "f1": 0.9932313863123591, "negative_accuracy": 0.996, "balanced_accuracy": 0.99325, "AUC": 0.9932500000000001, "CI_95.0": [0.9907133368937093, 0.9957866631062908]}