{"model": "cnn2_avg_drop_128_7_l128_s1_d3_10_e200_glove_part", "dataset": "h103_max_balanced_0_1_1", "congress": "103", "chamber": "House", "style": "max_balanced_0_1_1", "split": "train", "n": 28186, "TP": 11689, "FP": 2197, "TN": 11896, "FN": 2404, "precision": 0.8417830908829036, "recall": 0.8294188604271624, "accuracy": 0.8367629319520329, "f1": 0.8355552378569641, "negative_accuracy": 0.8441070034769034, "balanced_accuracy": 0.8367629319520329, "AUC": 0.9216058640857259, "CI_95.0": [0.9185952592481231, 0.9246164689233286]}