{"model": "cnn2_avg_drop_128_7_l128_s1_d3_10_e200_glove_part", "dataset": "h112_max_balanced_0_1_1", "congress": "112", "chamber": "House", "style": "max_balanced_0_1_1", "split": "train", "n": 26090, "TP": 12232, "FP": 647, "TN": 12398, "FN": 813, "precision": 0.9497631803711468, "recall": 0.9376772709850517, "accuracy": 0.9440398620160981, "f1": 0.9436815306279895, "negative_accuracy": 0.9504024530471445, "balanced_accuracy": 0.9440398620160981, "AUC": 0.9892761956614198, "CI_95.0": [0.9884575401876725, 0.990094851135167]}