{"model": "cnn2_avg_drop_128_7_l128_s1_d3_10_e200_glove_part", "dataset": "h097_max_balanced_0_1_1", "congress": "097", "chamber": "House", "style": "max_balanced_0_1_1", "split": "train", "n": 23038, "TP": 10613, "FP": 619, "TN": 10900, "FN": 906, "precision": 0.9448896011396012, "recall": 0.9213473391787481, "accuracy": 0.9338050177966838, "f1": 0.9329699793415674, "negative_accuracy": 0.9462626964146194, "balanced_accuracy": 0.9338050177966837, "AUC": 0.985409703038709, "CI_95.0": [0.9842965435979147, 0.9865228624795033]}