{"model": "cnn2_avg_drop_128_7_l128_s1_d3_10_e200_glove_part", "dataset": "h100_max_balanced_0_1_1", "congress": "100", "chamber": "House", "style": "max_balanced_0_1_1", "split": "train", "n": 26218, "TP": 10033, "FP": 2003, "TN": 11106, "FN": 3076, "precision": 0.8335825855766035, "recall": 0.7653520482111527, "accuracy": 0.806278129529331, "f1": 0.7980115331079738, "negative_accuracy": 0.8472042108475093, "balanced_accuracy": 0.806278129529331, "AUC": 0.8938529286017628, "CI_95.0": [0.8901312536683011, 0.8975746035352244]}