{"model": "cnn2_avg_drop_128_7_l128_s1_d3_10_e200_glove_part", "dataset": "h112_max_balanced_0_1_1", "congress": "112", "chamber": "House", "style": "max_balanced_0_1_1", "split": "train", "n": 26090, "TP": 11744, "FP": 510, "TN": 12535, "FN": 1301, "precision": 0.9583809368369512, "recall": 0.9002683020314297, "accuracy": 0.9305864315829819, "f1": 0.9284161429305507, "negative_accuracy": 0.9609045611345343, "balanced_accuracy": 0.9305864315829819, "AUC": 0.9845496843561685, "CI_95.0": [0.9834710085662314, 0.9856283601461057]}