{"model": "cnn2_avg_drop_128_7_l128_s1_d3_10_e200_glove_part", "dataset": "h103_max_balanced_0_1_1", "congress": "103", "chamber": "House", "style": "max_balanced_0_1_1", "split": "train", "n": 28186, "TP": 13358, "FP": 2820, "TN": 11273, "FN": 735, "precision": 0.8256892075658301, "recall": 0.9478464485914994, "accuracy": 0.8738735542467891, "f1": 0.8825608668362459, "negative_accuracy": 0.799900659902079, "balanced_accuracy": 0.8738735542467893, "AUC": 0.9573927413857715, "CI_95.0": [0.9553352710676493, 0.9594502117038937]}