{"model": "cnn2_avg_drop_128_7_l128_s1_d3_10_e200_glove_part", "dataset": "h097_max_balanced_0_1_1", "congress": "097", "chamber": "House", "style": "max_balanced_0_1_1", "split": "train", "n": 23038, "TP": 9532, "FP": 704, "TN": 10815, "FN": 1987, "precision": 0.9312231340367331, "recall": 0.8275023873600139, "accuracy": 0.8831929855022137, "f1": 0.8763042978625604, "negative_accuracy": 0.9388835836444136, "balanced_accuracy": 0.8831929855022138, "AUC": 0.9621567271957425, "CI_95.0": [0.960095882759437, 0.964217571632048]}