{"model": "cnn2_avg_drop_128_7_l128_s1_d3_10_e200_glove_part", "dataset": "h109_max_balanced_0_1_1", "congress": "109", "chamber": "House", "style": "max_balanced_0_1_1", "split": "train", "n": 25802, "TP": 12278, "FP": 1002, "TN": 11899, "FN": 623, "precision": 0.9245481927710844, "recall": 0.951709169831796, "accuracy": 0.9370203860165879, "f1": 0.9379320881555326, "negative_accuracy": 0.9223316022013798, "balanced_accuracy": 0.9370203860165879, "AUC": 0.986162661601875, "CI_95.0": [0.9850910470806742, 0.9872342761230759]}