{"model": "cnn2_avg_drop_128_7_l128_s1_d3_10_e200_glove_part", "dataset": "h100_max_balanced_0_1_1", "congress": "100", "chamber": "House", "style": "max_balanced_0_1_1", "split": "train", "n": 26218, "TP": 10988, "FP": 1500, "TN": 11609, "FN": 2121, "precision": 0.8798846893017297, "recall": 0.8382027614615912, "accuracy": 0.8618887787016554, "f1": 0.8585381099347579, "negative_accuracy": 0.8855747959417194, "balanced_accuracy": 0.8618887787016554, "AUC": 0.9409664872910163, "CI_95.0": [0.9383380191007513, 0.9435949554812813]}