{"model": "cnn2_avg_drop_128_7_l128_s1_d3_10_e200_glove_part", "dataset": "h106_max_balanced_0_1_1", "congress": "106", "chamber": "House", "style": "max_balanced_0_1_1", "split": "train", "n": 27700, "TP": 10530, "FP": 2372, "TN": 11478, "FN": 3320, "precision": 0.8161525344907766, "recall": 0.76028880866426, "accuracy": 0.7945126353790614, "f1": 0.7872308612440192, "negative_accuracy": 0.8287364620938629, "balanced_accuracy": 0.7945126353790615, "AUC": 0.8825491639406222, "CI_95.0": [0.8787224702229027, 0.8863758576583417]}