{"model": "cnn2_avg_drop_128_7_l128_s1_d3_10_e200_glove_part", "dataset": "h114_max_balanced_0_1_1", "congress": "114", "chamber": "House", "style": "max_balanced_0_1_1", "split": "train", "n": 18990, "TP": 8642, "FP": 475, "TN": 9020, "FN": 853, "precision": 0.9478995283536251, "recall": 0.9101632438125329, "accuracy": 0.930068457082675, "f1": 0.928648183967333, "negative_accuracy": 0.9499736703528173, "balanced_accuracy": 0.9300684570826752, "AUC": 0.9851436622639724, "CI_95.0": [0.9839645610995846, 0.9863227634283602]}