{"model": "cnn2_avg_drop_128_7_l128_s1_d3_10_e200_glove_part", "dataset": "h106_max_balanced_0_1_1", "congress": "106", "chamber": "House", "style": "max_balanced_0_1_1", "split": "train", "n": 27700, "TP": 11517, "FP": 1125, "TN": 12725, "FN": 2333, "precision": 0.9110109159943047, "recall": 0.8315523465703971, "accuracy": 0.8751624548736462, "f1": 0.8694700286879058, "negative_accuracy": 0.9187725631768953, "balanced_accuracy": 0.8751624548736462, "AUC": 0.9554918479323333, "CI_95.0": [0.9533839810181757, 0.957599714846491]}