{"model": "cnn2_avg_drop_128_7_l128_s1_d3_10_e200_glove_part", "dataset": "h109_max_balanced_0_1_1", "congress": "109", "chamber": "House", "style": "max_balanced_0_1_1", "split": "train", "n": 25802, "TP": 11710, "FP": 1304, "TN": 11597, "FN": 1191, "precision": 0.8998002151529122, "recall": 0.9076815750716999, "accuracy": 0.9033020696070072, "f1": 0.9037237121358287, "negative_accuracy": 0.8989225641423145, "balanced_accuracy": 0.9033020696070072, "AUC": 0.9694956135068562, "CI_95.0": [0.9677490397239181, 0.9712421872897943]}