{"model": "cnn2_avg_drop_128_7_l128_s1_d3_10_e200_glove_part", "dataset": "h114_max_balanced_0_1_1", "congress": "114", "chamber": "House", "style": "max_balanced_0_1_1", "split": "train", "n": 18990, "TP": 9125, "FP": 187, "TN": 9308, "FN": 370, "precision": 0.979918384879725, "recall": 0.9610321221695629, "accuracy": 0.9706687730384412, "f1": 0.9703833678949328, "negative_accuracy": 0.9803054239073197, "balanced_accuracy": 0.9706687730384413, "AUC": 0.9974156848162374, "CI_95.0": [0.9970766028963374, 0.9977547667361375]}