{"model": "cnn2_128_7_nd", "dataset": "h097_bayram_1_1", "congress": "097", "chamber": "House", "style": "bayram_1_1", "split": "train", "n": 4000, "TP": 1619, "FP": 905, "TN": 1095, "FN": 381, "precision": 0.6414421553090333, "recall": 0.8095, "accuracy": 0.6785, "f1": 0.715738284703802, "negative_accuracy": 0.5475, "balanced_accuracy": 0.6785, "AUC": 0.77150325, "CI_95.0": [0.7572156964211257, 0.7857908035788742]}