{"model": "transformer_e128_2_d3_10_l64", "dataset": "h100_max_balanced_0_1_1", "congress": "100", "chamber": "House", "style": "max_balanced_0_1_1", "split": "train", "n": 26218, "TP": 10761, "FP": 986, "TN": 12123, "FN": 2348, "precision": 0.9160636758321273, "recall": 0.8208864139141048, "accuracy": 0.8728354565565641, "f1": 0.8658673962021242, "negative_accuracy": 0.9247844991990236, "balanced_accuracy": 0.8728354565565641, "AUC": 0.9530058273552683, "CI_95.0": [0.9507144248610268, 0.9552972298495098]}