{"model": "transformer_e128_2_d3_10_l64", "dataset": "h103_max_balanced_0_1_1", "congress": "103", "chamber": "House", "style": "max_balanced_0_1_1", "split": "train", "n": 28186, "TP": 13175, "FP": 2329, "TN": 11764, "FN": 918, "precision": 0.8497807017543859, "recall": 0.9348612786489746, "accuracy": 0.8848009650180941, "f1": 0.8902929350947731, "negative_accuracy": 0.8347406513872135, "balanced_accuracy": 0.8848009650180941, "AUC": 0.9616761417849071, "CI_95.0": [0.959740988734265, 0.9636112948355492]}