{"model": "transformer_e128_2_d3_10_l64", "dataset": "h106_max_balanced_0_1_1", "congress": "106", "chamber": "House", "style": "max_balanced_0_1_1", "split": "train", "n": 27700, "TP": 12265, "FP": 1932, "TN": 11918, "FN": 1585, "precision": 0.8639149116010425, "recall": 0.8855595667870036, "accuracy": 0.8730324909747292, "f1": 0.8746033443862088, "negative_accuracy": 0.8605054151624548, "balanced_accuracy": 0.8730324909747292, "AUC": 0.9509125232962765, "CI_95.0": [0.9486511406389169, 0.9531739059536362]}