{"model": "transformer_e128_2_d3_10_l64", "dataset": "h109_max_balanced_0_1_1", "congress": "109", "chamber": "House", "style": "max_balanced_0_1_1", "split": "train", "n": 25802, "TP": 10443, "FP": 1171, "TN": 11730, "FN": 2458, "precision": 0.8991734114000345, "recall": 0.8094721339431051, "accuracy": 0.8593519882179675, "f1": 0.8519681827452579, "negative_accuracy": 0.9092318424928301, "balanced_accuracy": 0.8593519882179677, "AUC": 0.9410293642291541, "CI_95.0": [0.9383836997071805, 0.9436750287511276]}