{"model": "transformer_e128_2_d3_10_l64", "dataset": "h112_max_balanced_0_1_1", "congress": "112", "chamber": "House", "style": "max_balanced_0_1_1", "split": "train", "n": 26090, "TP": 11794, "FP": 1459, "TN": 11586, "FN": 1251, "precision": 0.8899117181015619, "recall": 0.9041011881947106, "accuracy": 0.8961287849750862, "f1": 0.8969503384287778, "negative_accuracy": 0.8881563817554619, "balanced_accuracy": 0.8961287849750863, "AUC": 0.9650869730203893, "CI_95.0": [0.9631950093155828, 0.9669789367251957]}