{"model": "transformer_e128_2_d3_10_l64", "dataset": "h114_max_balanced_0_1_1", "congress": "114", "chamber": "House", "style": "max_balanced_0_1_1", "split": "train", "n": 18990, "TP": 8685, "FP": 1148, "TN": 8347, "FN": 810, "precision": 0.8832502796704973, "recall": 0.9146919431279621, "accuracy": 0.8968931016324381, "f1": 0.8986961920529802, "negative_accuracy": 0.8790942601369142, "balanced_accuracy": 0.8968931016324382, "AUC": 0.969202859186163, "CI_95.0": [0.9671921153982218, 0.9712136029741042]}