{"model": "transformer_e128_2_d3_10_l64", "dataset": "h097_max_balanced_0_1_1", "congress": "097", "chamber": "House", "style": "max_balanced_0_1_1", "split": "train", "n": 23038, "TP": 10358, "FP": 3885, "TN": 7634, "FN": 1161, "precision": 0.7272344309485361, "recall": 0.899210000868131, "accuracy": 0.7809705703620106, "f1": 0.8041301141215745, "negative_accuracy": 0.6627311398558903, "balanced_accuracy": 0.7809705703620107, "AUC": 0.8945406789724306, "CI_95.0": [0.8905907022982766, 0.8984906556465846]}