{"model": "cnn2_64_7", "dataset": "h097_bayram_1_1", "congress": "097", "chamber": "House", "style": "bayram_1_1", "split": "train", "n": 4000, "TP": 1584, "FP": 1556, "TN": 444, "FN": 416, "precision": 0.5044585987261146, "recall": 0.792, "accuracy": 0.507, "f1": 0.6163424124513619, "negative_accuracy": 0.222, "balanced_accuracy": 0.507, "AUC": 0.5216525, "CI_95.0": [0.5037751005735396, 0.5395298994264603]}