{"model": "transformer_e50_2_d3_10_l128_glove_trainable", "dataset": "h114_max_balanced_0_1_1", "congress": "114", "chamber": "House", "style": "max_balanced_0_1_1", "split": "train", "n": 18990, "TP": 7762, "FP": 657, "TN": 8838, "FN": 1733, "precision": 0.9219622282931464, "recall": 0.8174828857293313, "accuracy": 0.8741442864665614, "f1": 0.8665847940158535, "negative_accuracy": 0.9308056872037914, "balanced_accuracy": 0.8741442864665614, "AUC": 0.9542146264171074, "CI_95.0": [0.9516221510382421, 0.9568071017959727]}