{"model": "transformer_e50_2_d3_10_l128_glove_trainable", "dataset": "h106_max_balanced_0_1_1", "congress": "106", "chamber": "House", "style": "max_balanced_0_1_1", "split": "train", "n": 27700, "TP": 12883, "FP": 2644, "TN": 11206, "FN": 967, "precision": 0.8297159786178914, "recall": 0.9301805054151625, "accuracy": 0.8696389891696751, "f1": 0.877080709398509, "negative_accuracy": 0.8090974729241878, "balanced_accuracy": 0.8696389891696752, "AUC": 0.9553589750941627, "CI_95.0": [0.9532607325455668, 0.9574572176427586]}