{"model": "transformer_e50_2_d3_10_l128_glove_trainable", "dataset": "h109_max_balanced_0_1_1", "congress": "109", "chamber": "House", "style": "max_balanced_0_1_1", "split": "train", "n": 25802, "TP": 11492, "FP": 1589, "TN": 11312, "FN": 1409, "precision": 0.8785261065667762, "recall": 0.8907836601813813, "accuracy": 0.8838074567862957, "f1": 0.8846124239858364, "negative_accuracy": 0.8768312533912099, "balanced_accuracy": 0.8838074567862957, "AUC": 0.957558190860631, "CI_95.0": [0.9554413474151684, 0.9596750343060936]}