{"model": "transformer_e50_2_d3_10_l128_glove_trainable", "dataset": "h112_max_balanced_0_1_1", "congress": "112", "chamber": "House", "style": "max_balanced_0_1_1", "split": "train", "n": 26090, "TP": 11555, "FP": 1041, "TN": 12004, "FN": 1490, "precision": 0.9173547157827882, "recall": 0.8857799923342277, "accuracy": 0.9029896512073592, "f1": 0.9012909012909013, "negative_accuracy": 0.9201993100804906, "balanced_accuracy": 0.9029896512073592, "AUC": 0.9720774933482752, "CI_95.0": [0.9704869790584076, 0.9736680076381428]}