{"model": "transformer_e50_2_d3_10_l128_glove_trainable", "dataset": "h103_max_balanced_0_1_1", "congress": "103", "chamber": "House", "style": "max_balanced_0_1_1", "split": "train", "n": 28186, "TP": 12276, "FP": 3615, "TN": 10478, "FN": 1817, "precision": 0.7725127430621106, "recall": 0.8710707443411623, "accuracy": 0.8072802100333499, "f1": 0.8188367129135539, "negative_accuracy": 0.7434896757255375, "balanced_accuracy": 0.8072802100333498, "AUC": 0.8983349796618443, "CI_95.0": [0.8948389458875636, 0.9018310134361249]}