{"model": "transformer_e50_2_d3_10_l128_glove_trainable", "dataset": "h100_max_balanced_0_1_1", "congress": "100", "chamber": "House", "style": "max_balanced_0_1_1", "split": "train", "n": 26218, "TP": 11412, "FP": 2224, "TN": 10885, "FN": 1697, "precision": 0.8369023173951305, "recall": 0.8705469524753986, "accuracy": 0.8504462582958273, "f1": 0.8533931575995514, "negative_accuracy": 0.830345564116256, "balanced_accuracy": 0.8504462582958273, "AUC": 0.9363062126580736, "CI_95.0": [0.9336073256735256, 0.9390050996426216]}