{"model": "transformer_e50_2_d3_10_l128_glove_trainable", "dataset": "h097_max_balanced_0_1_1", "congress": "097", "chamber": "House", "style": "max_balanced_0_1_1", "split": "train", "n": 23038, "TP": 8522, "FP": 3130, "TN": 8389, "FN": 2997, "precision": 0.7313765877102644, "recall": 0.7398211650316868, "accuracy": 0.7340480944526434, "f1": 0.7355746407146865, "negative_accuracy": 0.7282750238736001, "balanced_accuracy": 0.7340480944526435, "AUC": 0.8246487470649144, "CI_95.0": [0.819453916135848, 0.8298435779939809]}