{"model": "transformer_e300_2_d3_10_l128_glove_trainable", "dataset": "h103_max_balanced_0_1_1", "congress": "103", "chamber": "House", "style": "max_balanced_0_1_1", "split": "train", "n": 28186, "TP": 11764, "FP": 1318, "TN": 12775, "FN": 2329, "precision": 0.8992508790704785, "recall": 0.8347406513872135, "accuracy": 0.8706095224579579, "f1": 0.8657957681692732, "negative_accuracy": 0.9064783935287022, "balanced_accuracy": 0.8706095224579579, "AUC": 0.9498603787314674, "CI_95.0": [0.9475719622335794, 0.9521487952293555]}