{"model": "transformer_e300_2_d3_10_l128_glove_trainable", "dataset": "h106_max_balanced_0_1_1", "congress": "106", "chamber": "House", "style": "max_balanced_0_1_1", "split": "train", "n": 27700, "TP": 12457, "FP": 2619, "TN": 11231, "FN": 1393, "precision": 0.8262801804192094, "recall": 0.8994223826714801, "accuracy": 0.8551624548736462, "f1": 0.8613012514692664, "negative_accuracy": 0.8109025270758122, "balanced_accuracy": 0.8551624548736462, "AUC": 0.941087719115328, "CI_95.0": [0.938576136410593, 0.9435993018200629]}