{"model": "transformer_e300_2_d3_10_l128_glove_trainable", "dataset": "h109_max_balanced_0_1_1", "congress": "109", "chamber": "House", "style": "max_balanced_0_1_1", "split": "train", "n": 25802, "TP": 11813, "FP": 474, "TN": 12427, "FN": 1088, "precision": 0.9614226418165541, "recall": 0.9156654522905201, "accuracy": 0.9394620572048679, "f1": 0.9379863427028744, "negative_accuracy": 0.9632586621192155, "balanced_accuracy": 0.9394620572048678, "AUC": 0.9877815170307018, "CI_95.0": [0.986845866966694, 0.9887171670947097]}