{"model": "transformer_e300_2_d3_10_l128_glove_trainable", "dataset": "h112_max_balanced_0_1_1", "congress": "112", "chamber": "House", "style": "max_balanced_0_1_1", "split": "train", "n": 26090, "TP": 11826, "FP": 2382, "TN": 10663, "FN": 1219, "precision": 0.832347972972973, "recall": 0.9065542353392104, "accuracy": 0.8619777692602529, "f1": 0.8678677576780538, "negative_accuracy": 0.8174013031812956, "balanced_accuracy": 0.861977769260253, "AUC": 0.947528402509167, "CI_95.0": [0.9451305525390183, 0.9499262524793157]}