{"model": "transformer_e300_2_d3_10_l128_glove_trainable", "dataset": "h100_max_balanced_0_1_1", "congress": "100", "chamber": "House", "style": "max_balanced_0_1_1", "split": "train", "n": 26218, "TP": 9330, "FP": 1535, "TN": 11574, "FN": 3779, "precision": 0.8587206626783249, "recall": 0.7117247692425052, "accuracy": 0.797314821878099, "f1": 0.7783432051389005, "negative_accuracy": 0.8829048745136929, "balanced_accuracy": 0.797314821878099, "AUC": 0.8934994374406914, "CI_95.0": [0.8897848255810795, 0.8972140493003032]}