{"model": "transformer_e300_2_d3_10_l128_glove_trainable", "dataset": "h097_max_balanced_0_1_1", "congress": "097", "chamber": "House", "style": "max_balanced_0_1_1", "split": "train", "n": 23038, "TP": 8763, "FP": 1895, "TN": 9624, "FN": 2756, "precision": 0.822199286920623, "recall": 0.7607431200625054, "accuracy": 0.7981161559163121, "f1": 0.7902782161699057, "negative_accuracy": 0.8354891917701189, "balanced_accuracy": 0.7981161559163121, "AUC": 0.8805778569972464, "CI_95.0": [0.8762858933676722, 0.8848698206268207]}