{"model": "transformer_e300_2_d3_10_l128_glove_trainable", "dataset": "h114_max_balanced_0_1_1", "congress": "114", "chamber": "House", "style": "max_balanced_0_1_1", "split": "train", "n": 18990, "TP": 7665, "FP": 936, "TN": 8559, "FN": 1830, "precision": 0.8911754447157307, "recall": 0.8072669826224329, "accuracy": 0.8543443917851501, "f1": 0.8471485411140585, "negative_accuracy": 0.9014218009478673, "balanced_accuracy": 0.8543443917851501, "AUC": 0.9409208693580862, "CI_95.0": [0.9378728761550388, 0.9439688625611335]}