{"model": "cnn2_a10-4_avg_drop_128_7_l128_s1_d3_30_e300_glove840_trainable", "dataset": "h103_max_balanced_0_1_1", "congress": "103", "chamber": "House", "style": "max_balanced_0_1_1", "split": "train", "n": 28186, "TP": 13018, "FP": 1779, "TN": 12314, "FN": 1075, "precision": 0.8797729269446509, "recall": 0.9237209962392677, "accuracy": 0.898744057333428, "f1": 0.9012114918656975, "negative_accuracy": 0.8737671184275881, "balanced_accuracy": 0.898744057333428, "AUC": 0.967950588585121, "CI_95.0": [0.9662495890890199, 0.969651588081222]}