{"model": "cnn2_a10-4_avg_drop_128_7_l128_s1_d3_30_e300_glove840_trainable", "dataset": "h112_max_balanced_0_1_1", "congress": "112", "chamber": "House", "style": "max_balanced_0_1_1", "split": "train", "n": 26090, "TP": 11529, "FP": 1284, "TN": 11761, "FN": 1516, "precision": 0.8997892765160383, "recall": 0.8837868915293215, "accuracy": 0.8926791874281333, "f1": 0.891716296697347, "negative_accuracy": 0.9015714833269451, "balanced_accuracy": 0.8926791874281333, "AUC": 0.9644422195716364, "CI_95.0": [0.9625784947301423, 0.9663059444131306]}