{"model": "cnn2_a10-4_avg_drop_128_7_l128_s1_d3_30_e300_glove840_trainable", "dataset": "h114_max_balanced_0_1_1", "congress": "114", "chamber": "House", "style": "max_balanced_0_1_1", "split": "train", "n": 18990, "TP": 8393, "FP": 758, "TN": 8737, "FN": 1102, "precision": 0.9171675226751175, "recall": 0.8839389152185361, "accuracy": 0.9020537124802528, "f1": 0.9002467017054596, "negative_accuracy": 0.9201685097419695, "balanced_accuracy": 0.9020537124802528, "AUC": 0.9713113107117435, "CI_95.0": [0.9694452675821852, 0.9731773538413018]}