{"model": "cnn2_a10-4_avg_drop_128_7_l128_s1_d3_30_e300_glove840_trainable", "dataset": "h106_max_balanced_0_1_1", "congress": "106", "chamber": "House", "style": "max_balanced_0_1_1", "split": "train", "n": 27700, "TP": 11767, "FP": 1517, "TN": 12333, "FN": 2083, "precision": 0.8858024691358025, "recall": 0.8496028880866426, "accuracy": 0.8700361010830325, "f1": 0.8673251271467532, "negative_accuracy": 0.8904693140794224, "balanced_accuracy": 0.8700361010830325, "AUC": 0.9485828044155404, "CI_95.0": [0.9462577337451138, 0.9509078750859671]}