{"model": "cnn2_a10-4_avg_drop_128_7_l128_s1_d3_30_e300_glove840_trainable", "dataset": "h097_max_balanced_0_1_1", "congress": "097", "chamber": "House", "style": "max_balanced_0_1_1", "split": "train", "n": 23038, "TP": 9460, "FP": 1525, "TN": 9994, "FN": 2059, "precision": 0.8611743286299499, "recall": 0.8212518447781926, "accuracy": 0.84443094018578, "f1": 0.8407394241023818, "negative_accuracy": 0.8676100355933675, "balanced_accuracy": 0.84443094018578, "AUC": 0.9295520769306731, "CI_95.0": [0.9264625541617774, 0.9326415996995688]}