{"model": "cnn2_a10-4_avg_drop_128_7_l128_s1_d3_30_e300_glove840_trainable", "dataset": "h100_max_balanced_0_1_1", "congress": "100", "chamber": "House", "style": "max_balanced_0_1_1", "split": "train", "n": 26218, "TP": 10597, "FP": 1974, "TN": 11135, "FN": 2512, "precision": 0.8429719194972556, "recall": 0.8083759249370661, "accuracy": 0.8288961781981845, "f1": 0.8253115264797507, "negative_accuracy": 0.8494164314593028, "balanced_accuracy": 0.8288961781981845, "AUC": 0.9147486054670114, "CI_95.0": [0.9114738015023077, 0.9180234094317151]}