{"model": "cnn2_a10-4_avg_drop_128_7_l128_s1_d3_30_e300_glove840_trainable", "dataset": "h109_max_balanced_0_1_1", "congress": "109", "chamber": "House", "style": "max_balanced_0_1_1", "split": "train", "n": 25802, "TP": 11430, "FP": 1105, "TN": 11796, "FN": 1471, "precision": 0.9118468288791384, "recall": 0.8859778311758778, "accuracy": 0.9001627780792186, "f1": 0.8987262148136499, "negative_accuracy": 0.9143477249825595, "balanced_accuracy": 0.9001627780792186, "AUC": 0.9676119352470325, "CI_95.0": [0.9658080960041288, 0.9694157744899362]}