{"model": "transformer_e300_2_d3_10_l128_glove840_trainable", "dataset": "h114_max_balanced_0_1_1", "congress": "114", "chamber": "House", "style": "max_balanced_0_1_1", "split": "train", "n": 18990, "TP": 8205, "FP": 946, "TN": 8549, "FN": 1290, "precision": 0.8966233198557535, "recall": 0.8641390205371248, "accuracy": 0.8822538177988415, "f1": 0.8800815188244128, "negative_accuracy": 0.9003686150605582, "balanced_accuracy": 0.8822538177988415, "AUC": 0.9586232215009645, "CI_95.0": [0.956203632136589, 0.9610428108653399]}