{"model": "transformer_e300_2_d3_10_l128_glove840_trainable", "dataset": "h112_max_balanced_0_1_1", "congress": "112", "chamber": "House", "style": "max_balanced_0_1_1", "split": "train", "n": 26090, "TP": 11939, "FP": 1681, "TN": 11364, "FN": 1106, "precision": 0.8765785609397945, "recall": 0.9152165580682253, "accuracy": 0.8931774626293599, "f1": 0.8954809675604726, "negative_accuracy": 0.8711383671904944, "balanced_accuracy": 0.8931774626293598, "AUC": 0.9657164889469936, "CI_95.0": [0.9638732442265983, 0.9675597336673889]}