{"model": "transformer_e300_2_d3_10_l128_glove840_trainable", "dataset": "h103_max_balanced_0_1_1", "congress": "103", "chamber": "House", "style": "max_balanced_0_1_1", "split": "train", "n": 28186, "TP": 12115, "FP": 1191, "TN": 12902, "FN": 1978, "precision": 0.9104915075905606, "recall": 0.8596466330802526, "accuracy": 0.8875682963173207, "f1": 0.8843388444833753, "negative_accuracy": 0.9154899595543887, "balanced_accuracy": 0.8875682963173206, "AUC": 0.9604485814999628, "CI_95.0": [0.9584809132955092, 0.9624162497044164]}