{"model": "transformer_e300_2_d3_10_l128_glove840_trainable", "dataset": "h100_max_balanced_0_1_1", "congress": "100", "chamber": "House", "style": "max_balanced_0_1_1", "split": "train", "n": 26218, "TP": 9692, "FP": 913, "TN": 12196, "FN": 3417, "precision": 0.913908533710514, "recall": 0.7393393851552369, "accuracy": 0.8348462888092151, "f1": 0.817407438643839, "negative_accuracy": 0.9303531924631933, "balanced_accuracy": 0.8348462888092151, "AUC": 0.9358978234689256, "CI_95.0": [0.9331702924217222, 0.9386253545161289]}