{"model": "transformer_e300_2_d3_10_l128_glove840_trainable", "dataset": "h109_max_balanced_0_1_1", "congress": "109", "chamber": "House", "style": "max_balanced_0_1_1", "split": "train", "n": 25802, "TP": 11104, "FP": 607, "TN": 12294, "FN": 1797, "precision": 0.9481683886943899, "recall": 0.8607084722114565, "accuracy": 0.9068289279900783, "f1": 0.9023240695595645, "negative_accuracy": 0.9529493837687001, "balanced_accuracy": 0.9068289279900783, "AUC": 0.9742317609899327, "CI_95.0": [0.9726743724044985, 0.9757891495753669]}