{"model": "transformer_e300_2_d3_10_l128_glove840_trainable", "dataset": "h106_max_balanced_0_1_1", "congress": "106", "chamber": "House", "style": "max_balanced_0_1_1", "split": "train", "n": 27700, "TP": 12201, "FP": 1439, "TN": 12411, "FN": 1649, "precision": 0.8945014662756599, "recall": 0.8809386281588447, "accuracy": 0.8885198555956678, "f1": 0.8876682429974536, "negative_accuracy": 0.8961010830324909, "balanced_accuracy": 0.8885198555956678, "AUC": 0.9622223983109384, "CI_95.0": [0.9603137185304291, 0.9641310780914476]}