{"model": "transformer_e300_2_d3_10_l128_glove840_trainable", "dataset": "h097_max_balanced_0_1_1", "congress": "097", "chamber": "House", "style": "max_balanced_0_1_1", "split": "train", "n": 23038, "TP": 9669, "FP": 1288, "TN": 10231, "FN": 1850, "precision": 0.8824495756137629, "recall": 0.8393957808837573, "accuracy": 0.8637902595711433, "f1": 0.8603844100373732, "negative_accuracy": 0.8881847382585294, "balanced_accuracy": 0.8637902595711433, "AUC": 0.9411784555727203, "CI_95.0": [0.9383489882092574, 0.9440079229361832]}