{"model": "knn_tfidf", "dataset": "h112_bayram", "congress": "112", "chamber": "House", "bayram": "style", "split": "train", "n": 4000, "TP": 1352, "FP": 219, "TN": 1781, "FN": 648, "precision": 0.8605983450031827, "recall": 0.676, "accuracy": 0.78325, "f1": 0.7572108653038365, "negative_accuracy": 0.8905, "balanced_accuracy": 0.78325, "AUC": 0.7832500000000001, "CI_95.0": [0.770918335241097, 0.7955816647589032]}