{"model": "knn_tfidf", "dataset": "h100_bayram", "congress": "100", "chamber": "House", "bayram": "style", "split": "train", "n": 4000, "TP": 1295, "FP": 459, "TN": 1541, "FN": 705, "precision": 0.7383124287343216, "recall": 0.6475, "accuracy": 0.709, "f1": 0.6899307405434204, "negative_accuracy": 0.7705, "balanced_accuracy": 0.709, "AUC": 0.709, "CI_95.0": [0.6950498584442569, 0.722950141555743]}