{"model": "knn_tfidf", "dataset": "h097_bayram", "congress": "097", "chamber": "House", "bayram": "style", "split": "train", "n": 4000, "TP": 1296, "FP": 477, "TN": 1523, "FN": 704, "precision": 0.7309644670050761, "recall": 0.648, "accuracy": 0.70475, "f1": 0.6869864829048502, "negative_accuracy": 0.7615, "balanced_accuracy": 0.70475, "AUC": 0.7047500000000001, "CI_95.0": [0.6907201842411507, 0.7187798157588495]}