{"model": "knn_tfidf", "dataset": "h114_bayram", "congress": "114", "chamber": "House", "bayram": "style", "split": "train", "n": 4000, "TP": 1467, "FP": 244, "TN": 1756, "FN": 533, "precision": 0.8573933372296902, "recall": 0.7335, "accuracy": 0.80575, "f1": 0.7906224737267583, "negative_accuracy": 0.878, "balanced_accuracy": 0.80575, "AUC": 0.8057500000000001, "CI_95.0": [0.7936929329774757, 0.8178070670225245]}