{"model": "nn1000nd", "dataset": "h114_max_balanced_0", "congress": "114", "chamber": "House", "max_balanced_0": "style", "split": "train", "n": 18990, "TP": 8661, "FP": 1463, "TN": 8032, "FN": 834, "precision": 0.8554919004346109, "recall": 0.9121642969984203, "accuracy": 0.8790416008425487, "f1": 0.8829196187369388, "negative_accuracy": 0.8459189046866772, "balanced_accuracy": 0.8790416008425488, "AUC": 0.955387877713971, "CI_95.0": [0.9528066274881654, 0.9579691279397767]}