{"model": "nn1000nd", "dataset": "h097_bayram", "congress": "097", "chamber": "House", "bayram": "style", "split": "train", "n": 4000, "TP": 1802, "FP": 236, "TN": 1764, "FN": 198, "precision": 0.8842001962708538, "recall": 0.901, "accuracy": 0.8915, "f1": 0.8925210500247648, "negative_accuracy": 0.882, "balanced_accuracy": 0.8915, "AUC": 0.9591850000000001, "CI_95.0": [0.953814723391033, 0.9645552766089671]}