{"model": "nn1000nd", "dataset": "h106_max_balanced_0", "congress": "106", "chamber": "House", "max_balanced_0": "style", "split": "train", "n": 27700, "TP": 10955, "FP": 2409, "TN": 11441, "FN": 2895, "precision": 0.8197395989224783, "recall": 0.7909747292418773, "accuracy": 0.8085198555956679, "f1": 0.8051003160138165, "negative_accuracy": 0.8260649819494584, "balanced_accuracy": 0.8085198555956679, "AUC": 0.8930709979277716, "CI_95.0": [0.889441997816242, 0.8966999980393011]}