{"model": "nn1000nd", "dataset": "h103_max_balanced_0", "congress": "103", "chamber": "House", "max_balanced_0": "style", "split": "train", "n": 28186, "TP": 11913, "FP": 2365, "TN": 11728, "FN": 2180, "precision": 0.8343605546995377, "recall": 0.845313276094515, "accuracy": 0.838749733910452, "f1": 0.8398012054562757, "negative_accuracy": 0.832186191726389, "balanced_accuracy": 0.8387497339104519, "AUC": 0.9213443399569179, "CI_95.0": [0.9183320991567179, 0.9243565807571179]}