{"model": "cnn3_avg_drop_128_7_l256_s1_d4_20_e300_glove840_trainable", "dataset": "h109_max_balanced_0_1_1", "congress": "109", "chamber": "House", "style": "max_balanced_0_1_1", "split": "train", "n": 25802, "TP": 11683, "FP": 728, "TN": 12173, "FN": 1218, "precision": 0.9413423575860124, "recall": 0.9055887140531742, "accuracy": 0.9245794899620184, "f1": 0.9231194690265486, "negative_accuracy": 0.9435702658708627, "balanced_accuracy": 0.9245794899620184, "AUC": 0.9815912983769639, "CI_95.0": [0.9803481074518826, 0.9828344893020452]}