{"model": "cnn3_avg_drop_128_7_l256_s1_d4_20_e300_glove840_trainable", "dataset": "h100_max_balanced_0_1_1", "congress": "100", "chamber": "House", "style": "max_balanced_0_1_1", "split": "train", "n": 26218, "TP": 10161, "FP": 914, "TN": 12195, "FN": 2948, "precision": 0.9174717832957111, "recall": 0.7751163322907926, "accuracy": 0.8526966206423068, "f1": 0.840307641415812, "negative_accuracy": 0.9302769089938211, "balanced_accuracy": 0.8526966206423068, "AUC": 0.9437154533834885, "CI_95.0": [0.9411909635937233, 0.9462399431732537]}