{"model": "cnn3_avg_drop_128_7_l256_s1_d4_20_e300_glove840_trainable", "dataset": "h114_max_balanced_0_1_1", "congress": "114", "chamber": "House", "style": "max_balanced_0_1_1", "split": "train", "n": 18990, "TP": 8495, "FP": 784, "TN": 8711, "FN": 1000, "precision": 0.9155081366526565, "recall": 0.894681411269089, "accuracy": 0.9060558188520274, "f1": 0.9049749653776498, "negative_accuracy": 0.9174302264349657, "balanced_accuracy": 0.9060558188520274, "AUC": 0.97271398349676, "CI_95.0": [0.9709015083694921, 0.9745264586240279]}