{"model": "cnn3_avg_drop_128_7_l256_s1_d4_20_e300_glove840_trainable", "dataset": "h097_max_balanced_0_1_1", "congress": "097", "chamber": "House", "style": "max_balanced_0_1_1", "split": "train", "n": 23038, "TP": 8964, "FP": 1983, "TN": 9536, "FN": 2555, "precision": 0.8188544806796383, "recall": 0.7781925514367567, "accuracy": 0.8030210955812136, "f1": 0.7980058755452685, "negative_accuracy": 0.8278496397256706, "balanced_accuracy": 0.8030210955812136, "AUC": 0.8909673205423083, "CI_95.0": [0.886946252298275, 0.8949883887863417]}