{"model": "cnn3_avg_drop_128_7_l256_s1_d4_20_e300_glove840_trainable", "dataset": "h112_max_balanced_0_1_1", "congress": "112", "chamber": "House", "style": "max_balanced_0_1_1", "split": "train", "n": 26090, "TP": 12071, "FP": 622, "TN": 12423, "FN": 974, "precision": 0.9509966123059954, "recall": 0.9253353775392871, "accuracy": 0.9388271368340361, "f1": 0.9379905198539125, "negative_accuracy": 0.952318896128785, "balanced_accuracy": 0.938827136834036, "AUC": 0.9882767423141379, "CI_95.0": [0.9874121018709803, 0.9891413827572955]}