{"model": "cnn3_avg_drop_128_7_l256_s1_d4_20_e300_glove840_trainable", "dataset": "h103_max_balanced_0_1_1", "congress": "103", "chamber": "House", "style": "max_balanced_0_1_1", "split": "train", "n": 28186, "TP": 12439, "FP": 3543, "TN": 10550, "FN": 1654, "precision": 0.77831310224002, "recall": 0.8826367700276733, "accuracy": 0.8156176825374299, "f1": 0.8271986699916875, "negative_accuracy": 0.7485985950471865, "balanced_accuracy": 0.8156176825374299, "AUC": 0.9072316134306231, "CI_95.0": [0.9039217738888277, 0.9105414529724185]}