{"model": "cnn3_avg_drop_128_7_l256_s1_d4_20_e300_glove840_trainable", "dataset": "h106_max_balanced_0_1_1", "congress": "106", "chamber": "House", "style": "max_balanced_0_1_1", "split": "train", "n": 27700, "TP": 12702, "FP": 1672, "TN": 12178, "FN": 1148, "precision": 0.883678864616669, "recall": 0.9171119133574007, "accuracy": 0.8981949458483754, "f1": 0.9000850340136055, "negative_accuracy": 0.8792779783393502, "balanced_accuracy": 0.8981949458483754, "AUC": 0.968819664012303, "CI_95.0": [0.9671686724752906, 0.9704706555493154]}