{"model": "transformer2_e32_2_d3_10_l128", "dataset": "h106_max_balanced_0_1_1", "congress": "106", "chamber": "House", "style": "max_balanced_0_1_1", "split": "train", "n": 27700, "TP": 12836, "FP": 571, "TN": 13279, "FN": 1014, "precision": 0.9574103080480346, "recall": 0.9267870036101084, "accuracy": 0.9427797833935018, "f1": 0.941849800051363, "negative_accuracy": 0.9587725631768953, "balanced_accuracy": 0.9427797833935019, "AUC": 0.9890595654837153, "CI_95.0": [0.9881722528178084, 0.9899468781496222]}