{"model": "transformer2_e32_2_d3_10_l128", "dataset": "h097_max_balanced_0_1_1", "congress": "097", "chamber": "House", "style": "max_balanced_0_1_1", "split": "train", "n": 23038, "TP": 10446, "FP": 307, "TN": 11212, "FN": 1073, "precision": 0.9714498279549894, "recall": 0.9068495529125792, "accuracy": 0.9400989669242121, "f1": 0.9380387931034483, "negative_accuracy": 0.9733483809358451, "balanced_accuracy": 0.9400989669242121, "AUC": 0.9879373740804143, "CI_95.0": [0.9868981214171842, 0.9889766267436443]}