{"model": "transformer2_e32_2_d3_10_l128", "dataset": "h114_max_balanced_0_1_1", "congress": "114", "chamber": "House", "style": "max_balanced_0_1_1", "split": "train", "n": 18990, "TP": 8843, "FP": 510, "TN": 8985, "FN": 652, "precision": 0.9454720410563455, "recall": 0.9313322801474461, "accuracy": 0.9388098999473407, "f1": 0.938348896434635, "negative_accuracy": 0.9462875197472354, "balanced_accuracy": 0.9388098999473407, "AUC": 0.9868056217609611, "CI_95.0": [0.9856324053621042, 0.987978838159818]}