{"model": "transformer2_e32_2_d3_10_l128", "dataset": "h100_max_balanced_0_1_1", "congress": "100", "chamber": "House", "style": "max_balanced_0_1_1", "split": "train", "n": 26218, "TP": 12206, "FP": 757, "TN": 12352, "FN": 903, "precision": 0.94160302399136, "recall": 0.9311160271569151, "accuracy": 0.9366847204210847, "f1": 0.9363301626265726, "negative_accuracy": 0.9422534136852544, "balanced_accuracy": 0.9366847204210847, "AUC": 0.9825673476572884, "CI_95.0": [0.9812270441243677, 0.9839076511902091]}