{"model": "transformer2_e32_2_d3_10_l128", "dataset": "h112_max_balanced_0_1_1", "congress": "112", "chamber": "House", "style": "max_balanced_0_1_1", "split": "train", "n": 26090, "TP": 11902, "FP": 1526, "TN": 11519, "FN": 1143, "precision": 0.8863568662496276, "recall": 0.9123802223073975, "accuracy": 0.8977002683020314, "f1": 0.8991802969062819, "negative_accuracy": 0.8830203142966654, "balanced_accuracy": 0.8977002683020314, "AUC": 0.9658877744447127, "CI_95.0": [0.9640085738386589, 0.9677669750507666]}