{"model": "transformer2_e32_2_d3_10_l128", "dataset": "h109_max_balanced_0_1_1", "congress": "109", "chamber": "House", "style": "max_balanced_0_1_1", "split": "train", "n": 25802, "TP": 11659, "FP": 1153, "TN": 11748, "FN": 1242, "precision": 0.910006244146113, "recall": 0.9037283931478179, "accuracy": 0.9071777381598326, "f1": 0.9068564539338078, "negative_accuracy": 0.9106270831718472, "balanced_accuracy": 0.9071777381598325, "AUC": 0.9674031880917255, "CI_95.0": [0.9655032569522269, 0.9693031192312241]}