{"model": "transformer2_e32_2_d3_10_l128", "dataset": "h103_max_balanced_0_1_1", "congress": "103", "chamber": "House", "style": "max_balanced_0_1_1", "split": "train", "n": 28186, "TP": 13081, "FP": 2707, "TN": 11386, "FN": 1012, "precision": 0.8285406637952876, "recall": 0.9281913006457106, "accuracy": 0.8680550627971333, "f1": 0.8755396405742779, "negative_accuracy": 0.807918824948556, "balanced_accuracy": 0.8680550627971333, "AUC": 0.9452307617124627, "CI_95.0": [0.9427570808850522, 0.9477044425398732]}