{"model": "nn20nd", "dataset": "h100_max_balanced_0", "split": "train", "n": 26218, "TP": 10999, "FP": 4321, "TN": 8788, "FN": 2110, "precision": 0.7179503916449086, "recall": 0.8390418796246853, "accuracy": 0.7547105042337325, "f1": 0.7737873298392486, "negative_accuracy": 0.6703791288427797, "balanced_accuracy": 0.7547105042337325, "AUC": 0.8484459514045611, "CI_95.0": [0.8439007594336587, 0.8529911433754636]}