{"model": "models.nn20nd", "dataset": "h106", "split": "train", "n": 4000, "TP": 1625, "FP": 196, "TN": 1804, "FN": 375, "precision": 0.8923668314113125, "recall": 0.8125, "accuracy": 0.85725, "f1": 0.8505626799267207, "negative_accuracy": 0.902, "balanced_accuracy": 0.8572500000000001, "AUC": 0.9365152499999999, "CI_95.0": [0.9294934485065154, 0.9435370514934844]}