{"model": "models.nn20nd", "dataset": "h112", "split": "train", "n": 4000, "TP": 1766, "FP": 26, "TN": 1974, "FN": 234, "precision": 0.9854910714285714, "recall": 0.883, "accuracy": 0.935, "f1": 0.931434599156118, "negative_accuracy": 0.987, "balanced_accuracy": 0.935, "AUC": 0.9919349999999999, "CI_95.0": [0.989929106860152, 0.9939408931398478]}