{"model": "nn20nd", "dataset": "h114_max_balanced_0", "split": "train", "n": 18990, "TP": 7896, "FP": 1016, "TN": 8479, "FN": 1599, "precision": 0.8859964093357271, "recall": 0.8315955766192733, "accuracy": 0.8622959452343338, "f1": 0.8579344814472756, "negative_accuracy": 0.8929963138493944, "balanced_accuracy": 0.8622959452343338, "AUC": 0.9415355494604987, "CI_95.0": [0.938490444020233, 0.9445806549007644]}