{"model": "models.nn20nd", "dataset": "h097", "split": "train", "n": 4000, "TP": 1760, "FP": 300, "TN": 1700, "FN": 240, "precision": 0.8543689320388349, "recall": 0.88, "accuracy": 0.865, "f1": 0.8669950738916256, "negative_accuracy": 0.85, "balanced_accuracy": 0.865, "AUC": 0.940897, "CI_95.0": [0.9342029305142463, 0.9475910694857537]}