{"model": "models.nn20nd", "dataset": "h103", "split": "train", "n": 4000, "TP": 1941, "FP": 294, "TN": 1706, "FN": 59, "precision": 0.8684563758389262, "recall": 0.9705, "accuracy": 0.91175, "f1": 0.9166469893742621, "negative_accuracy": 0.853, "balanced_accuracy": 0.9117500000000001, "AUC": 0.9822737500000002, "CI_95.0": [0.9791486086250537, 0.9853988913749466]}