{"model": "models.nn20nd", "dataset": "h114", "split": "train", "n": 4000, "TP": 1880, "FP": 163, "TN": 1837, "FN": 120, "precision": 0.9202153695545766, "recall": 0.94, "accuracy": 0.92925, "f1": 0.9300024734108335, "negative_accuracy": 0.9185, "balanced_accuracy": 0.9292499999999999, "AUC": 0.9790051249999999, "CI_95.0": [0.9752782683175566, 0.9827319816824432]}