{"model": "nn20nd", "dataset": "h097_max_balanced_0", "split": "train", "n": 23038, "TP": 8724, "FP": 2037, "TN": 9482, "FN": 2795, "precision": 0.810705324783942, "recall": 0.7573574094973522, "accuracy": 0.7902595711433285, "f1": 0.7831238779174147, "negative_accuracy": 0.8231617327893046, "balanced_accuracy": 0.7902595711433285, "AUC": 0.8742960642649302, "CI_95.0": [0.8699034749416816, 0.8786886535881788]}