{"model": "nn20nd_tfidf", "dataset": "h112_bayram", "congress": "112", "chamber": "House", "bayram": "style", "split": "train", "n": 4000, "TP": 1928, "FP": 78, "TN": 1922, "FN": 72, "precision": 0.9611166500498505, "recall": 0.964, "accuracy": 0.9625, "f1": 0.962556165751373, "negative_accuracy": 0.961, "balanced_accuracy": 0.9624999999999999, "AUC": 0.9928292500000001, "CI_95.0": [0.9910366599115521, 0.9946218400884481]}