{"model": "nn20nd_tfidf", "dataset": "h106_bayram", "congress": "106", "chamber": "House", "bayram": "style", "split": "train", "n": 4000, "TP": 1760, "FP": 173, "TN": 1827, "FN": 240, "precision": 0.9105018106570099, "recall": 0.88, "accuracy": 0.89675, "f1": 0.8949911009407577, "negative_accuracy": 0.9135, "balanced_accuracy": 0.8967499999999999, "AUC": 0.9632385, "CI_95.0": [0.9581427178061661, 0.9683342821938339]}