{"model": "nn20nd_tfidf", "dataset": "h097_bayram", "congress": "097", "chamber": "House", "bayram": "style", "split": "train", "n": 4000, "TP": 1764, "FP": 297, "TN": 1703, "FN": 236, "precision": 0.8558951965065502, "recall": 0.882, "accuracy": 0.86675, "f1": 0.8687515390297956, "negative_accuracy": 0.8515, "balanced_accuracy": 0.86675, "AUC": 0.9424480000000001, "CI_95.0": [0.9359159119833346, 0.9489800880166656]}