{"model": "nn20nd_tfidf", "dataset": "h103_bayram", "congress": "103", "chamber": "House", "bayram": "style", "split": "train", "n": 4000, "TP": 1700, "FP": 470, "TN": 1530, "FN": 300, "precision": 0.783410138248848, "recall": 0.85, "accuracy": 0.8075, "f1": 0.815347721822542, "negative_accuracy": 0.765, "balanced_accuracy": 0.8075, "AUC": 0.8931101249999999, "CI_95.0": [0.8835090016248848, 0.902711248375115]}