{"model": "nn20nd_tfidf", "dataset": "h109_bayram", "congress": "109", "chamber": "House", "bayram": "style", "split": "train", "n": 4000, "TP": 1650, "FP": 200, "TN": 1800, "FN": 350, "precision": 0.8918918918918919, "recall": 0.825, "accuracy": 0.8625, "f1": 0.8571428571428571, "negative_accuracy": 0.9, "balanced_accuracy": 0.8625, "AUC": 0.9404104999999999, "CI_95.0": [0.9336563843865555, 0.9471646156134443]}