{"model": "nn20nd_tfidf", "dataset": "h100_bayram", "congress": "100", "chamber": "House", "bayram": "style", "split": "train", "n": 4000, "TP": 1659, "FP": 196, "TN": 1804, "FN": 341, "precision": 0.8943396226415095, "recall": 0.8295, "accuracy": 0.86575, "f1": 0.8607003891050585, "negative_accuracy": 0.902, "balanced_accuracy": 0.86575, "AUC": 0.944721, "CI_95.0": [0.9381097794063934, 0.9513322205936067]}