{"model": "nn20nd_tfidf", "dataset": "h114_bayram", "congress": "114", "chamber": "House", "bayram": "style", "split": "train", "n": 4000, "TP": 1859, "FP": 134, "TN": 1866, "FN": 141, "precision": 0.9327646763672856, "recall": 0.9295, "accuracy": 0.93125, "f1": 0.9311294765840221, "negative_accuracy": 0.933, "balanced_accuracy": 0.93125, "AUC": 0.9789880000000001, "CI_95.0": [0.9753223382566483, 0.9826536617433519]}