{"model": "mnnb", "dataset": "h097_3gram_max_balanced_0", "congress": "097", "chamber": "House", "3gram_max_balanced_0": "style", "split": "train", "n": 23038, "TP": 6834, "FP": 2663, "TN": 8856, "FN": 4685, "precision": 0.719595661787933, "recall": 0.593280666724542, "accuracy": 0.6810487021442834, "f1": 0.6503616292348685, "negative_accuracy": 0.7688167375640247, "balanced_accuracy": 0.6810487021442834, "AUC": 0.6810487021442833, "CI_95.0": [0.6751377782116815, 0.686959626076885]}