{"model": "mnnb", "dataset": "h109_2gram_max_balanced_0", "congress": "109", "chamber": "House", "2gram_max_balanced_0": "style", "split": "train", "n": 25802, "TP": 8807, "FP": 1652, "TN": 11249, "FN": 4094, "precision": 0.8420499091691366, "recall": 0.6826602588946593, "accuracy": 0.7773040849546546, "f1": 0.7540239726027396, "negative_accuracy": 0.8719479110146501, "balanced_accuracy": 0.7773040849546546, "AUC": 0.7773040849546546, "CI_95.0": [0.7723603855653021, 0.7822477843440072]}