{"model": "mnnb", "dataset": "h112_2gram_max_balanced_0", "congress": "112", "chamber": "House", "2gram_max_balanced_0": "style", "split": "train", "n": 26090, "TP": 9200, "FP": 2257, "TN": 10788, "FN": 3845, "precision": 0.803002531203631, "recall": 0.7052510540436949, "accuracy": 0.7661172863165964, "f1": 0.7509591053791528, "negative_accuracy": 0.8269835185894979, "balanced_accuracy": 0.7661172863165964, "AUC": 0.7661172863165964, "CI_95.0": [0.7610340808493762, 0.7712004917838166]}