{"model": "mnnb", "dataset": "h112_bayram_1_1", "congress": "112", "chamber": "House", "bayram_1_1": "style", "split": "train", "n": 4000, "TP": 1927, "FP": 80, "TN": 1920, "FN": 73, "precision": 0.9601395117090185, "recall": 0.9635, "accuracy": 0.96175, "f1": 0.9618168205640131, "negative_accuracy": 0.96, "balanced_accuracy": 0.96175, "AUC": 0.96175, "CI_95.0": [0.9558049510453612, 0.9676950489546388]}