{"model": "mnnb", "dataset": "h103_3gram_max_balanced_0", "congress": "103", "chamber": "House", "3gram_max_balanced_0": "style", "split": "train", "n": 28186, "TP": 9490, "FP": 3803, "TN": 10290, "FN": 4603, "precision": 0.7139095764688181, "recall": 0.6733839494784645, "accuracy": 0.701766834598737, "f1": 0.6930548455415175, "negative_accuracy": 0.7301497197190094, "balanced_accuracy": 0.7017668345987369, "AUC": 0.7017668345987369, "CI_95.0": [0.6964361409974374, 0.7070975282000364]}