{"model": "mnnb", "dataset": "h106_bayram_1_1", "congress": "106", "chamber": "House", "bayram_1_1": "style", "split": "train", "n": 4000, "TP": 1937, "FP": 106, "TN": 1894, "FN": 63, "precision": 0.9481155163974547, "recall": 0.9685, "accuracy": 0.95775, "f1": 0.9581993569131833, "negative_accuracy": 0.947, "balanced_accuracy": 0.95775, "AUC": 0.95775, "CI_95.0": [0.9515234840901191, 0.9639765159098809]}