{"model": "mnnb", "dataset": "h112_bayram_3_7", "congress": "112", "chamber": "House", "bayram_3_7": "style", "split": "train", "n": 4000, "TP": 1736, "FP": 315, "TN": 1685, "FN": 264, "precision": 0.8464163822525598, "recall": 0.868, "accuracy": 0.85525, "f1": 0.8570723278202913, "negative_accuracy": 0.8425, "balanced_accuracy": 0.8552500000000001, "AUC": 0.85525, "CI_95.0": [0.8443507354715021, 0.8661492645284978]}