{"model": "mnnb", "dataset": "h114_bayram", "congress": "114", "chamber": "House", "bayram": "style", "split": "train", "n": 4000, "TP": 1551, "FP": 474, "TN": 1526, "FN": 449, "precision": 0.7659259259259259, "recall": 0.7755, "accuracy": 0.76925, "f1": 0.7706832298136644, "negative_accuracy": 0.763, "balanced_accuracy": 0.76925, "AUC": 0.7692500000000001, "CI_95.0": [0.7561917941159271, 0.7823082058840731]}