{"model": "mnnb", "dataset": "h100_2gram_max_balanced_0", "congress": "100", "chamber": "House", "2gram_max_balanced_0": "style", "split": "train", "n": 26218, "TP": 7886, "FP": 3622, "TN": 9487, "FN": 5223, "precision": 0.6852624261383385, "recall": 0.6015714394690671, "accuracy": 0.6626363567015028, "f1": 0.6406954543608075, "negative_accuracy": 0.7237012739339385, "balanced_accuracy": 0.6626363567015028, "AUC": 0.6626363567015029, "CI_95.0": [0.6569609241862395, 0.6683117892167663]}