{"model": "mnnb", "dataset": "h100_3gram_max_balanced_0", "congress": "100", "chamber": "House", "3gram_max_balanced_0": "style", "split": "train", "n": 26218, "TP": 7892, "FP": 3558, "TN": 9551, "FN": 5217, "precision": 0.6892576419213974, "recall": 0.6020291402853002, "accuracy": 0.6653062781295294, "f1": 0.6426971782238691, "negative_accuracy": 0.7285834159737585, "balanced_accuracy": 0.6653062781295294, "AUC": 0.6653062781295292, "CI_95.0": [0.6596457191651701, 0.6709668370938884]}