{"model": "mnnb", "dataset": "h097_2gram_max_balanced_0", "congress": "097", "chamber": "House", "2gram_max_balanced_0": "style", "split": "train", "n": 23038, "TP": 6817, "FP": 2832, "TN": 8687, "FN": 4702, "precision": 0.7064980827028707, "recall": 0.5918048441705009, "accuracy": 0.6729750846427641, "f1": 0.6440854119425548, "negative_accuracy": 0.7541453251150273, "balanced_accuracy": 0.6729750846427641, "AUC": 0.672975084642764, "CI_95.0": [0.6670083825583905, 0.6789417867271376]}