{"model": "mnnb", "dataset": "h097_bayram_3_7", "congress": "097", "chamber": "House", "bayram_3_7": "style", "split": "train", "n": 4000, "TP": 1504, "FP": 314, "TN": 1686, "FN": 496, "precision": 0.8272827282728272, "recall": 0.752, "accuracy": 0.7975, "f1": 0.787847040335254, "negative_accuracy": 0.843, "balanced_accuracy": 0.7975, "AUC": 0.7975, "CI_95.0": [0.7851233569485969, 0.8098766430514031]}