{"model": "mnnb", "dataset": "h114_bayram_3_7", "congress": "114", "chamber": "House", "bayram_3_7": "style", "split": "train", "n": 4000, "TP": 1708, "FP": 330, "TN": 1670, "FN": 292, "precision": 0.8380765456329735, "recall": 0.854, "accuracy": 0.8445, "f1": 0.8459633481921742, "negative_accuracy": 0.835, "balanced_accuracy": 0.8445, "AUC": 0.8444999999999999, "CI_95.0": [0.8332709650597028, 0.8557290349402971]}