{"model": "mnnb", "dataset": "h109_3gram_max_balanced_0", "congress": "109", "chamber": "House", "3gram_max_balanced_0": "style", "split": "train", "n": 25802, "TP": 8988, "FP": 1676, "TN": 11225, "FN": 3913, "precision": 0.8428357089272318, "recall": 0.6966901790558871, "accuracy": 0.7833888845825905, "f1": 0.7628262253341821, "negative_accuracy": 0.8700875901092938, "balanced_accuracy": 0.7833888845825905, "AUC": 0.7833888845825905, "CI_95.0": [0.7784749547339207, 0.7883028144312603]}