{"model": "mnnb", "dataset": "h114_bayram_1_1", "congress": "114", "chamber": "House", "bayram_1_1": "style", "split": "train", "n": 4000, "TP": 1932, "FP": 103, "TN": 1897, "FN": 68, "precision": 0.9493857493857494, "recall": 0.966, "accuracy": 0.95725, "f1": 0.9576208178438661, "negative_accuracy": 0.9485, "balanced_accuracy": 0.9572499999999999, "AUC": 0.95725, "CI_95.0": [0.9509852925062761, 0.963514707493724]}