{"model": "mnnb", "dataset": "h114_2gram_max_balanced_0", "congress": "114", "chamber": "House", "2gram_max_balanced_0": "style", "split": "train", "n": 18990, "TP": 6749, "FP": 1569, "TN": 7926, "FN": 2746, "precision": 0.8113729261841789, "recall": 0.7107951553449183, "accuracy": 0.7727751448130595, "f1": 0.757761185650929, "negative_accuracy": 0.8347551342812006, "balanced_accuracy": 0.7727751448130595, "AUC": 0.7727751448130595, "CI_95.0": [0.7668804729349961, 0.778669816691123]}