{"model": "mnnb", "dataset": "h100_bayram_1_1", "congress": "100", "chamber": "House", "bayram_1_1": "style", "split": "train", "n": 4000, "TP": 1833, "FP": 99, "TN": 1901, "FN": 167, "precision": 0.9487577639751553, "recall": 0.9165, "accuracy": 0.9335, "f1": 0.9323499491353001, "negative_accuracy": 0.9505, "balanced_accuracy": 0.9335, "AUC": 0.9335000000000001, "CI_95.0": [0.9257948446228202, 0.94120515537718]}