{"model": "mnnb", "dataset": "h106_2gram_max_balanced_0", "congress": "106", "chamber": "House", "2gram_max_balanced_0": "style", "split": "train", "n": 27700, "TP": 9999, "FP": 3252, "TN": 10598, "FN": 3851, "precision": 0.754584559655875, "recall": 0.7219494584837545, "accuracy": 0.7435740072202166, "f1": 0.7379063503191764, "negative_accuracy": 0.7651985559566787, "balanced_accuracy": 0.7435740072202166, "AUC": 0.7435740072202166, "CI_95.0": [0.7384379033038913, 0.748710111136542]}