{"model": "mnnb", "dataset": "h114_3gram_max_balanced_0", "congress": "114", "chamber": "House", "3gram_max_balanced_0": "style", "split": "train", "n": 18990, "TP": 6782, "FP": 1505, "TN": 7990, "FN": 2713, "precision": 0.8183902497888259, "recall": 0.7142706687730385, "accuracy": 0.7778830963665087, "f1": 0.7627938364638399, "negative_accuracy": 0.841495523959979, "balanced_accuracy": 0.7778830963665087, "AUC": 0.7778830963665087, "CI_95.0": [0.7720404398999342, 0.7837257528330831]}