{"model": "mnnb", "dataset": "h103_2gram_max_balanced_0", "congress": "103", "chamber": "House", "2gram_max_balanced_0": "style", "split": "train", "n": 28186, "TP": 9512, "FP": 3933, "TN": 10160, "FN": 4581, "precision": 0.7074748977314987, "recall": 0.6749450081600795, "accuracy": 0.6979351451075002, "f1": 0.6908272205679425, "negative_accuracy": 0.7209252820549209, "balanced_accuracy": 0.6979351451075002, "AUC": 0.6979351451075002, "CI_95.0": [0.6925813799068438, 0.7032889103081567]}