{"model": "mnnb", "dataset": "h112_3gram_max_balanced_0", "congress": "112", "chamber": "House", "3gram_max_balanced_0": "style", "split": "train", "n": 26090, "TP": 9403, "FP": 2192, "TN": 10853, "FN": 3642, "precision": 0.8109529969814575, "recall": 0.7208125718666155, "accuracy": 0.7763894212341893, "f1": 0.7632305194805193, "negative_accuracy": 0.8319662706017631, "balanced_accuracy": 0.7763894212341893, "AUC": 0.7763894212341893, "CI_95.0": [0.7713785240758506, 0.781400318392528]}