{"model": "mnnb", "dataset": "h106_3gram_max_balanced_0", "congress": "106", "chamber": "House", "3gram_max_balanced_0": "style", "split": "train", "n": 27700, "TP": 10421, "FP": 3383, "TN": 10467, "FN": 3429, "precision": 0.7549261083743842, "recall": 0.7524187725631769, "accuracy": 0.7540794223826714, "f1": 0.753670355102336, "negative_accuracy": 0.7557400722021661, "balanced_accuracy": 0.7540794223826714, "AUC": 0.7540794223826714, "CI_95.0": [0.7490080367459002, 0.7591508080194427]}