{"model": "nn20d_tfidf", "dataset": "h100_bayram", "congress": "100", "chamber": "House", "bayram": "style", "split": "train", "n": 4000, "TP": 1492, "FP": 419, "TN": 1581, "FN": 508, "precision": 0.7807430664573521, "recall": 0.746, "accuracy": 0.76825, "f1": 0.7629762209153669, "negative_accuracy": 0.7905, "balanced_accuracy": 0.76825, "AUC": 0.8542716250000001, "CI_95.0": [0.8428375950192198, 0.8657056549807803]}