{"model": "nn20d_tfidf", "dataset": "h112_bayram", "congress": "112", "chamber": "House", "bayram": "style", "split": "train", "n": 4000, "TP": 1806, "FP": 208, "TN": 1792, "FN": 194, "precision": 0.8967229394240318, "recall": 0.903, "accuracy": 0.8995, "f1": 0.8998505231689088, "negative_accuracy": 0.896, "balanced_accuracy": 0.8995, "AUC": 0.96354025, "CI_95.0": [0.9584987650682224, 0.9685817349317776]}