{"model": "nn20d_tfidf", "dataset": "h109_bayram", "congress": "109", "chamber": "House", "bayram": "style", "split": "train", "n": 4000, "TP": 1634, "FP": 224, "TN": 1776, "FN": 366, "precision": 0.8794402583423035, "recall": 0.817, "accuracy": 0.8525, "f1": 0.847071021254536, "negative_accuracy": 0.888, "balanced_accuracy": 0.8525, "AUC": 0.9288982499999999, "CI_95.0": [0.9212952785642676, 0.9365012214357322]}