{"model": "nn1000nd", "dataset": "h109_bayram", "congress": "109", "chamber": "House", "bayram": "style", "split": "train", "n": 4000, "TP": 1504, "FP": 158, "TN": 1842, "FN": 496, "precision": 0.9049338146811071, "recall": 0.752, "accuracy": 0.8365, "f1": 0.821409066084107, "negative_accuracy": 0.921, "balanced_accuracy": 0.8365, "AUC": 0.9322745, "CI_95.0": [0.9249696390137516, 0.9395793609862484]}