{"model": "nn1000nd", "dataset": "h114_bayram_3_7", "congress": "114", "chamber": "House", "bayram_3_7": "style", "split": "train", "n": 4000, "TP": 1994, "FP": 3, "TN": 1997, "FN": 6, "precision": 0.9984977466199298, "recall": 0.997, "accuracy": 0.99775, "f1": 0.9977483112334251, "negative_accuracy": 0.9985, "balanced_accuracy": 0.99775, "AUC": 0.9999727499999999, "CI_95.0": [0.9999442132722459, 1.0]}