{"model": "nn1000nd", "dataset": "h097_bayram_3_7", "congress": "097", "chamber": "House", "bayram_3_7": "style", "split": "train", "n": 4000, "TP": 1995, "FP": 0, "TN": 2000, "FN": 5, "precision": 1.0, "recall": 0.9975, "accuracy": 0.99875, "f1": 0.9987484355444306, "negative_accuracy": 1.0, "balanced_accuracy": 0.99875, "AUC": 0.9999970000000001, "CI_95.0": [0.999990881309817, 1.0]}