{"model": "nn1000nd", "dataset": "h109_max_balanced_0", "congress": "109", "chamber": "House", "max_balanced_0": "style", "split": "train", "n": 25802, "TP": 10758, "FP": 1241, "TN": 11660, "FN": 2143, "precision": 0.8965747145595466, "recall": 0.833888845825905, "accuracy": 0.8688473761723897, "f1": 0.8640963855421686, "negative_accuracy": 0.9038059065188745, "balanced_accuracy": 0.8688473761723897, "AUC": 0.9453774912285848, "CI_95.0": [0.9428360827282896, 0.9479188997288801]}