{"model": "nn1000nd", "dataset": "h103_2gram_max_balanced_0", "congress": "103", "chamber": "House", "2gram_max_balanced_0": "style", "split": "train", "n": 28186, "TP": 12015, "FP": 1617, "TN": 12476, "FN": 2078, "precision": 0.8813820422535211, "recall": 0.8525509118001845, "accuracy": 0.8689065493507415, "f1": 0.866726780883679, "negative_accuracy": 0.8852621869012985, "balanced_accuracy": 0.8689065493507415, "AUC": 0.9437494008752685, "CI_95.0": [0.9412563107948875, 0.9462424909556495]}