{"model": "nn1000nd", "dataset": "h106_bayram_1_1", "congress": "106", "chamber": "House", "bayram_1_1": "style", "split": "train", "n": 4000, "TP": 1567, "FP": 66, "TN": 1934, "FN": 433, "precision": 0.9595835884874464, "recall": 0.7835, "accuracy": 0.87525, "f1": 0.8626479493531517, "negative_accuracy": 0.967, "balanced_accuracy": 0.87525, "AUC": 0.9677000000000001, "CI_95.0": [0.9630511858264434, 0.9723488141735568]}