{"model": "nn1000nd", "dataset": "h114_2gram_max_balanced_0", "congress": "114", "chamber": "House", "2gram_max_balanced_0": "style", "split": "train", "n": 18990, "TP": 8496, "FP": 1068, "TN": 8427, "FN": 999, "precision": 0.8883312421580929, "recall": 0.8947867298578199, "accuracy": 0.8911532385466034, "f1": 0.8915473004879584, "negative_accuracy": 0.8875197472353871, "balanced_accuracy": 0.8911532385466034, "AUC": 0.9608144304768369, "CI_95.0": [0.9584498735881553, 0.9631789873655185]}