{"model": "nn1000nd", "dataset": "h100_3gram_max_balanced_0", "congress": "100", "chamber": "House", "3gram_max_balanced_0": "style", "split": "train", "n": 26218, "TP": 11657, "FP": 2459, "TN": 10650, "FN": 1452, "precision": 0.8258005100595069, "recall": 0.8892364024715844, "accuracy": 0.8508276756426882, "f1": 0.8563452708907254, "negative_accuracy": 0.8124189488137921, "balanced_accuracy": 0.8508276756426882, "AUC": 0.9316802187420484, "CI_95.0": [0.9287670360054436, 0.9345934014786532]}