{"model": "nn1000nd", "dataset": "h103_bayram", "congress": "103", "chamber": "House", "bayram": "style", "split": "train", "n": 4000, "TP": 1698, "FP": 198, "TN": 1802, "FN": 302, "precision": 0.8955696202531646, "recall": 0.849, "accuracy": 0.875, "f1": 0.8716632443531827, "negative_accuracy": 0.901, "balanced_accuracy": 0.875, "AUC": 0.9514507499999999, "CI_95.0": [0.9454585003331322, 0.9574429996668676]}