{"model": "nn1000nd", "dataset": "h100_bayram", "congress": "100", "chamber": "House", "bayram": "style", "split": "train", "n": 4000, "TP": 1838, "FP": 246, "TN": 1754, "FN": 162, "precision": 0.8819577735124761, "recall": 0.919, "accuracy": 0.898, "f1": 0.9000979431929481, "negative_accuracy": 0.877, "balanced_accuracy": 0.898, "AUC": 0.962068, "CI_95.0": [0.9568350762110246, 0.9673009237889755]}