{"model": "nn1000nd", "dataset": "h112_max_balanced_0", "congress": "112", "chamber": "House", "max_balanced_0": "style", "split": "train", "n": 26090, "TP": 11229, "FP": 2262, "TN": 10783, "FN": 1816, "precision": 0.8323326662219257, "recall": 0.8607895745496359, "accuracy": 0.8436949022614029, "f1": 0.8463219776906844, "negative_accuracy": 0.8266002299731698, "balanced_accuracy": 0.8436949022614029, "AUC": 0.9243546993108887, "CI_95.0": [0.9213104445036034, 0.9273989541181739]}