{"model": "nn1000nd", "dataset": "h106_bayram", "congress": "106", "chamber": "House", "bayram": "style", "split": "train", "n": 4000, "TP": 1685, "FP": 68, "TN": 1932, "FN": 315, "precision": 0.9612093553907587, "recall": 0.8425, "accuracy": 0.90425, "f1": 0.8979483080202506, "negative_accuracy": 0.966, "balanced_accuracy": 0.90425, "AUC": 0.9767232499999999, "CI_95.0": [0.9728851674413181, 0.9805613325586817]}