{"model": "nn1000nd", "dataset": "h109_bayram_3_7", "congress": "109", "chamber": "House", "bayram_3_7": "style", "split": "train", "n": 4000, "TP": 1648, "FP": 63, "TN": 1937, "FN": 352, "precision": 0.9631794272355347, "recall": 0.824, "accuracy": 0.89625, "f1": 0.8881703045001347, "negative_accuracy": 0.9685, "balanced_accuracy": 0.89625, "AUC": 0.9757282499999999, "CI_95.0": [0.9718970391856462, 0.9795594608143535]}