{"model": "nn1000nd", "dataset": "h106_3gram_max_balanced_0", "congress": "106", "chamber": "House", "style": "3gram_max_balanced_0", "split": "train", "n": 27700, "TP": 12566, "FP": 1562, "TN": 12288, "FN": 1284, "precision": 0.8894394110985278, "recall": 0.9072924187725632, "accuracy": 0.8972563176895307, "f1": 0.8982772178139967, "negative_accuracy": 0.8872202166064982, "balanced_accuracy": 0.8972563176895307, "AUC": 0.9633413416048691, "CI_95.0": [0.9614273965579879, 0.9652552866517502]}