{"model": "nn1000nd", "dataset": "h097_2gram_max_balanced_0", "congress": "097", "chamber": "House", "2gram_max_balanced_0": "style", "split": "train", "n": 23038, "TP": 8959, "FP": 1599, "TN": 9920, "FN": 2560, "precision": 0.848550861905664, "recall": 0.7777584859796858, "accuracy": 0.8194721764042018, "f1": 0.8116138968156905, "negative_accuracy": 0.8611858668287178, "balanced_accuracy": 0.8194721764042018, "AUC": 0.9017568297254779, "CI_95.0": [0.8979021988645605, 0.9056114605863953]}