{"model": "nn1000nd", "dataset": "h100_2gram_max_balanced_0", "congress": "100", "chamber": "House", "2gram_max_balanced_0": "style", "split": "train", "n": 26218, "TP": 11538, "FP": 2718, "TN": 10391, "FN": 1571, "precision": 0.8093434343434344, "recall": 0.8801586696162942, "accuracy": 0.8364100999313449, "f1": 0.8432669468298923, "negative_accuracy": 0.7926615302463956, "balanced_accuracy": 0.8364100999313449, "AUC": 0.9223786748778692, "CI_95.0": [0.9192429914127997, 0.9255143583429386]}