{"model": "nn1000nd", "dataset": "h100_max_balanced_0", "congress": "100", "chamber": "House", "max_balanced_0": "style", "split": "train", "n": 26218, "TP": 11088, "FP": 4449, "TN": 8660, "FN": 2021, "precision": 0.7136512840316663, "recall": 0.8458311083988099, "accuracy": 0.7532229765809749, "f1": 0.7741394959156601, "negative_accuracy": 0.6606148447631398, "balanced_accuracy": 0.7532229765809748, "AUC": 0.8488026169216124, "CI_95.0": [0.8442610212472238, 0.853344212596001]}