{"model": "nn1000nd", "dataset": "h106_2gram_max_balanced_0", "congress": "106", "chamber": "House", "2gram_max_balanced_0": "style", "split": "train", "n": 27700, "TP": 12202, "FP": 1506, "TN": 12344, "FN": 1648, "precision": 0.8901371461920047, "recall": 0.8810108303249098, "accuracy": 0.8861371841155234, "f1": 0.8855504753610567, "negative_accuracy": 0.8912635379061372, "balanced_accuracy": 0.8861371841155234, "AUC": 0.9557417247715987, "CI_95.0": [0.9536020455916581, 0.9578814039515393]}