{"model": "nn1000nd", "dataset": "h112_bayram_3_7", "congress": "112", "chamber": "House", "bayram_3_7": "style", "split": "train", "n": 4000, "TP": 1998, "FP": 2, "TN": 1998, "FN": 2, "precision": 0.999, "recall": 0.999, "accuracy": 0.999, "f1": 0.999, "negative_accuracy": 0.999, "balanced_accuracy": 0.999, "AUC": 0.9998805000000001, "CI_95.0": [0.9996538207573326, 1.0]}