{"model": "nn1000nd", "dataset": "h100_bayram_3_7", "congress": "100", "chamber": "House", "bayram_3_7": "style", "split": "train", "n": 4000, "TP": 1993, "FP": 0, "TN": 2000, "FN": 7, "precision": 1.0, "recall": 0.9965, "accuracy": 0.99825, "f1": 0.9982469321312296, "negative_accuracy": 1.0, "balanced_accuracy": 0.9982500000000001, "AUC": 0.9999975, "CI_95.0": [0.9999936439556082, 1.0]}