{"model": "nn1000nd", "dataset": "h114_bayram", "congress": "114", "chamber": "House", "bayram": "style", "split": "train", "n": 4000, "TP": 1833, "FP": 50, "TN": 1950, "FN": 167, "precision": 0.9734466277217206, "recall": 0.9165, "accuracy": 0.94575, "f1": 0.9441153747102755, "negative_accuracy": 0.975, "balanced_accuracy": 0.94575, "AUC": 0.9892235000000001, "CI_95.0": [0.9867787959392733, 0.991668204060727]}