{"model": "nn1000nd", "dataset": "h097_3gram_max_balanced_0", "congress": "097", "chamber": "House", "3gram_max_balanced_0": "style", "split": "train", "n": 23038, "TP": 9066, "FP": 1459, "TN": 10060, "FN": 2453, "precision": 0.8613776722090262, "recall": 0.7870474867610036, "accuracy": 0.8301935931938537, "f1": 0.8225367446924334, "negative_accuracy": 0.8733396996267037, "balanced_accuracy": 0.8301935931938536, "AUC": 0.9107545103711874, "CI_95.0": [0.9070969702465692, 0.9144120504958055]}