{"model": "nn1000nd", "dataset": "h112_bayram", "congress": "112", "chamber": "House", "bayram": "style", "split": "train", "n": 4000, "TP": 1623, "FP": 163, "TN": 1837, "FN": 377, "precision": 0.9087346024636058, "recall": 0.8115, "accuracy": 0.865, "f1": 0.8573692551505547, "negative_accuracy": 0.9185, "balanced_accuracy": 0.865, "AUC": 0.9494919999999999, "CI_95.0": [0.9434292888364975, 0.9555547111635023]}