{"model": "nn1000nd", "dataset": "h109_2gram_max_balanced_0", "congress": "109", "chamber": "House", "2gram_max_balanced_0": "style", "split": "train", "n": 25802, "TP": 11716, "FP": 1105, "TN": 11796, "FN": 1185, "precision": 0.9138132750955463, "recall": 0.908146655298039, "accuracy": 0.9112471901402992, "f1": 0.9109711530985148, "negative_accuracy": 0.9143477249825595, "balanced_accuracy": 0.9112471901402992, "AUC": 0.9715542421068408, "CI_95.0": [0.9698608828837793, 0.9732476013299024]}