{"model": "nn1000nd", "dataset": "h114_3gram_max_balanced_0", "congress": "114", "chamber": "House", "3gram_max_balanced_0": "style", "split": "train", "n": 18990, "TP": 8540, "FP": 982, "TN": 8513, "FN": 955, "precision": 0.8968704053770217, "recall": 0.89942074776198, "accuracy": 0.8979989468141127, "f1": 0.8981437661040123, "negative_accuracy": 0.8965771458662454, "balanced_accuracy": 0.8979989468141127, "AUC": 0.9636421153452066, "CI_95.0": [0.961378071660982, 0.9659061590294312]}