{"model": "nn1000nd", "dataset": "h106_bayram_3_7", "congress": "106", "chamber": "House", "bayram_3_7": "style", "split": "train", "n": 4000, "TP": 1490, "FP": 100, "TN": 1900, "FN": 510, "precision": 0.9371069182389937, "recall": 0.745, "accuracy": 0.8475, "f1": 0.83008356545961, "negative_accuracy": 0.95, "balanced_accuracy": 0.8474999999999999, "AUC": 0.9492125000000001, "CI_95.0": [0.943090969026348, 0.9553340309736522]}