{"model": "nn1000nd", "dataset": "h109_3gram_max_balanced_0", "congress": "109", "chamber": "House", "3gram_max_balanced_0": "style", "split": "train", "n": 25802, "TP": 11835, "FP": 965, "TN": 11936, "FN": 1066, "precision": 0.924609375, "recall": 0.9173707464537633, "accuracy": 0.9212851716921169, "f1": 0.9209758375160498, "negative_accuracy": 0.9251995969304705, "balanced_accuracy": 0.9212851716921169, "AUC": 0.9770475944655681, "CI_95.0": [0.9755658506823583, 0.9785293382487779]}