{"model": "nn1000nd", "dataset": "h097_max_balanced_0", "congress": "097", "chamber": "House", "max_balanced_0": "style", "split": "train", "n": 23038, "TP": 8150, "FP": 2423, "TN": 9096, "FN": 3369, "precision": 0.770831362905514, "recall": 0.7075266950256098, "accuracy": 0.7485892872645195, "f1": 0.7378236465688935, "negative_accuracy": 0.7896518795034291, "balanced_accuracy": 0.7485892872645195, "AUC": 0.8304502679799322, "CI_95.0": [0.8252915142110305, 0.8356090217488338]}