{"model": "nn1000nd", "dataset": "h112_bayram_1_1", "congress": "112", "chamber": "House", "bayram_1_1": "style", "split": "train", "n": 4000, "TP": 1808, "FP": 47, "TN": 1953, "FN": 192, "precision": 0.9746630727762803, "recall": 0.904, "accuracy": 0.94025, "f1": 0.9380025940337224, "negative_accuracy": 0.9765, "balanced_accuracy": 0.94025, "AUC": 0.9881907500000001, "CI_95.0": [0.9855430626727424, 0.9908384373272578]}