{"model": "nn1000nd", "dataset": "h112_2gram_max_balanced_0", "congress": "112", "chamber": "House", "2gram_max_balanced_0": "style", "split": "train", "n": 26090, "TP": 11658, "FP": 1229, "TN": 11816, "FN": 1387, "precision": 0.9046325754636455, "recall": 0.8936757378305864, "accuracy": 0.8997316979685703, "f1": 0.899120777417862, "negative_accuracy": 0.9057876581065543, "balanced_accuracy": 0.8997316979685703, "AUC": 0.9632637238700075, "CI_95.0": [0.9612972236371601, 0.9652302241028549]}