{"model": "nn1000nd", "dataset": "h112_3gram_max_balanced_0", "congress": "112", "chamber": "House", "3gram_max_balanced_0": "style", "split": "train", "n": 26090, "TP": 11718, "FP": 1077, "TN": 11968, "FN": 1327, "precision": 0.9158264947245017, "recall": 0.8982752012265236, "accuracy": 0.907857416634726, "f1": 0.9069659442724459, "negative_accuracy": 0.9174396320429283, "balanced_accuracy": 0.907857416634726, "AUC": 0.9676727035480714, "CI_95.0": [0.9658470081186561, 0.9694983989774868]}