{"model": "nn1000nd", "dataset": "h103_3gram_max_balanced_0", "congress": "103", "chamber": "House", "3gram_max_balanced_0": "style", "split": "train", "n": 28186, "TP": 12255, "FP": 1465, "TN": 12628, "FN": 1838, "precision": 0.8932215743440233, "recall": 0.8695806428723479, "accuracy": 0.882814163059675, "f1": 0.8812425844029769, "negative_accuracy": 0.896047683247002, "balanced_accuracy": 0.882814163059675, "AUC": 0.9522053980559919, "CI_95.0": [0.949943914755211, 0.9544668813567728]}