{"model": "transformer_e300_2_d3_10_l128_glove_not_trainable", "dataset": "h114_max_balanced_0_1_1", "congress": "114", "chamber": "House", "style": "max_balanced_0_1_1", "split": "train", "n": 18990, "TP": 6730, "FP": 1401, "TN": 8094, "FN": 2765, "precision": 0.8276964702988562, "recall": 0.708794102159031, "accuracy": 0.7806213796735124, "f1": 0.7636446159083172, "negative_accuracy": 0.8524486571879937, "balanced_accuracy": 0.7806213796735124, "AUC": 0.87813246127989, "CI_95.0": [0.8734945212835303, 0.8827704012762496]}