{"model": "transformer_e300_2_d3_10_l128_glove_not_trainable", "dataset": "h100_max_balanced_0_1_1", "congress": "100", "chamber": "House", "style": "max_balanced_0_1_1", "split": "train", "n": 26218, "TP": 6856, "FP": 3241, "TN": 9868, "FN": 6253, "precision": 0.6790135683866495, "recall": 0.5229994660157143, "accuracy": 0.637882370890228, "f1": 0.5908816685339998, "negative_accuracy": 0.7527652757647417, "balanced_accuracy": 0.637882370890228, "AUC": 0.704606760402945, "CI_95.0": [0.6984162369786396, 0.7107972838272504]}