{"model": "transformer_e300_2_d3_10_l128_glove_not_trainable", "dataset": "h097_max_balanced_0_1_1", "congress": "097", "chamber": "House", "style": "max_balanced_0_1_1", "split": "train", "n": 23038, "TP": 6622, "FP": 2212, "TN": 9307, "FN": 4897, "precision": 0.7496038034865293, "recall": 0.5748762913447348, "accuracy": 0.6914228665682784, "f1": 0.6507148823269298, "negative_accuracy": 0.8079694417918222, "balanced_accuracy": 0.6914228665682784, "AUC": 0.7792081040785792, "CI_95.0": [0.7734130257387645, 0.785003182418394]}