{"model": "transformer_e300_2_d3_10_l128_glove_not_trainable", "dataset": "h103_max_balanced_0_1_1", "congress": "103", "chamber": "House", "style": "max_balanced_0_1_1", "split": "train", "n": 28186, "TP": 10256, "FP": 5270, "TN": 8823, "FN": 3837, "precision": 0.6605693675125596, "recall": 0.7277371744837863, "accuracy": 0.6768963315120982, "f1": 0.6925284445794929, "negative_accuracy": 0.6260554885404102, "balanced_accuracy": 0.6768963315120982, "AUC": 0.7506923438698005, "CI_95.0": [0.7451167488346482, 0.7562679389049529]}