{"model": "transformer_e300_2_d3_10_l128_glove_not_trainable", "dataset": "h109_max_balanced_0_1_1", "congress": "109", "chamber": "House", "style": "max_balanced_0_1_1", "split": "train", "n": 25802, "TP": 9519, "FP": 1668, "TN": 11233, "FN": 3382, "precision": 0.8508983641727005, "recall": 0.7378497790868925, "accuracy": 0.8042787380823192, "f1": 0.7903520425107938, "negative_accuracy": 0.8707076970777459, "balanced_accuracy": 0.8042787380823192, "AUC": 0.9040369896137912, "CI_95.0": [0.900615998756197, 0.9074579804713854]}