{"model": "transformer_e300_2_d3_10_l128_glove_not_trainable", "dataset": "h106_max_balanced_0_1_1", "congress": "106", "chamber": "House", "style": "max_balanced_0_1_1", "split": "train", "n": 27700, "TP": 10575, "FP": 3573, "TN": 10277, "FN": 3275, "precision": 0.7474554707379135, "recall": 0.7635379061371841, "accuracy": 0.7527797833935018, "f1": 0.7554111007929137, "negative_accuracy": 0.7420216606498194, "balanced_accuracy": 0.7527797833935017, "AUC": 0.8571336495979354, "CI_95.0": [0.8529613890530842, 0.8613059101427866]}