{"model": "transformer_e300_2_d3_10_l128_glove_not_trainable", "dataset": "h112_max_balanced_0_1_1", "congress": "112", "chamber": "House", "style": "max_balanced_0_1_1", "split": "train", "n": 26090, "TP": 9750, "FP": 2340, "TN": 10705, "FN": 3295, "precision": 0.8064516129032258, "recall": 0.7474128018397853, "accuracy": 0.7840168646991185, "f1": 0.775810622637756, "negative_accuracy": 0.8206209275584515, "balanced_accuracy": 0.7840168646991184, "AUC": 0.8829110013822776, "CI_95.0": [0.8790509090998729, 0.8867710936646823]}