{"model": "cnn2_avg_drop_128_7_l256_s1_d3_5_e300_glove840_trainable", "dataset": "h097_max_balanced_0_1_1", "congress": "097", "chamber": "House", "style": "max_balanced_0_1_1", "split": "train", "n": 23038, "TP": 9385, "FP": 1900, "TN": 9619, "FN": 2134, "precision": 0.8316349136021267, "recall": 0.8147408629221287, "accuracy": 0.8248979946175883, "f1": 0.8231012103139799, "negative_accuracy": 0.835055126313048, "balanced_accuracy": 0.8248979946175883, "AUC": 0.9104373023139709, "CI_95.0": [0.9068409891340706, 0.9140336154938712]}