{"model": "cnn2_avg_drop_128_7_l256_s1_d3_5_e300_glove840_trainable", "dataset": "h112_max_balanced_0_1_1", "congress": "112", "chamber": "House", "style": "max_balanced_0_1_1", "split": "train", "n": 26090, "TP": 12148, "FP": 661, "TN": 12384, "FN": 897, "precision": 0.9483956593020533, "recall": 0.9312380222307397, "accuracy": 0.9402836335760828, "f1": 0.9397385317552409, "negative_accuracy": 0.9493292449214258, "balanced_accuracy": 0.9402836335760827, "AUC": 0.9884462355078634, "CI_95.0": [0.9875740576364739, 0.9893184133792529]}