{"model": "cnn2_avg_drop_128_7_l256_s1_d3_5_e300_glove840_trainable", "dataset": "h100_max_balanced_0_1_1", "congress": "100", "chamber": "House", "style": "max_balanced_0_1_1", "split": "train", "n": 26218, "TP": 12240, "FP": 773, "TN": 12336, "FN": 869, "precision": 0.9405978636747867, "recall": 0.9337096651155694, "accuracy": 0.9373712716454344, "f1": 0.9371411071127784, "negative_accuracy": 0.9410328781752995, "balanced_accuracy": 0.9373712716454344, "AUC": 0.9877090449435911, "CI_95.0": [0.9867853529334895, 0.9886327369536928]}