{"model": "cnn2_avg_drop_128_7_l256_s1_d3_5_e300_glove840_trainable", "dataset": "h109_max_balanced_0_1_1", "congress": "109", "chamber": "House", "style": "max_balanced_0_1_1", "split": "train", "n": 25802, "TP": 11704, "FP": 623, "TN": 12278, "FN": 1197, "precision": 0.9494605337876206, "recall": 0.9072164948453608, "accuracy": 0.9294628323385784, "f1": 0.9278579356270811, "negative_accuracy": 0.951709169831796, "balanced_accuracy": 0.9294628323385784, "AUC": 0.9828088278915426, "CI_95.0": [0.9816019783416109, 0.9840156774414742]}