{"model": "cnn2_avg_drop_128_7_l256_s1_d3_5_e300_glove840_trainable", "dataset": "h106_max_balanced_0_1_1", "congress": "106", "chamber": "House", "style": "max_balanced_0_1_1", "split": "train", "n": 27700, "TP": 12507, "FP": 1318, "TN": 12532, "FN": 1343, "precision": 0.9046654611211573, "recall": 0.9030324909747293, "accuracy": 0.9039350180505415, "f1": 0.9038482384823848, "negative_accuracy": 0.9048375451263538, "balanced_accuracy": 0.9039350180505415, "AUC": 0.9704822948298557, "CI_95.0": [0.9688713695132515, 0.9720932201464599]}