{"model": "cnn2_avg_drop_128_7_l256_s1_d3_5_e300_glove840_trainable", "dataset": "h114_max_balanced_0_1_1", "congress": "114", "chamber": "House", "style": "max_balanced_0_1_1", "split": "train", "n": 18990, "TP": 8752, "FP": 533, "TN": 8962, "FN": 743, "precision": 0.9425955842757135, "recall": 0.9217482885729331, "accuracy": 0.9328067403896788, "f1": 0.9320553780617679, "negative_accuracy": 0.9438651922064244, "balanced_accuracy": 0.9328067403896787, "AUC": 0.9857320931362394, "CI_95.0": [0.9845564661231919, 0.986907720149287]}