{"model": "cnn2_avg_drop_128_7_l256_s1_d3_5_e300_glove840_trainable", "dataset": "h103_max_balanced_0_1_1", "congress": "103", "chamber": "House", "style": "max_balanced_0_1_1", "split": "train", "n": 28186, "TP": 13954, "FP": 36, "TN": 14057, "FN": 139, "precision": 0.9974267333809864, "recall": 0.9901369474207053, "accuracy": 0.9937912438799404, "f1": 0.9937684720293417, "negative_accuracy": 0.9974455403391754, "balanced_accuracy": 0.9937912438799403, "AUC": 0.9998768129818358, "CI_95.0": [0.9998338546920008, 0.9999197712716709]}