{"model": "nnmulti", "dataset": "h103_max_balanced_0", "congress": "103", "chamber": "House", "max_balanced_0": "style", "split": "train", "n": 28186, "TP": 12247, "FP": 3123, "TN": 10970, "FN": 1846, "precision": 0.7968119713728041, "recall": 0.8690129851699425, "accuracy": 0.8237068047967075, "f1": 0.8313477921460816, "negative_accuracy": 0.7784006244234727, "balanced_accuracy": 0.8237068047967075, "AUC": 0.9103519383601797, "CI_95.0": [0.9070784533629385, 0.9136254233574209]}