{"model": "nnmulti", "dataset": "h106_max_balanced_0", "congress": "106", "chamber": "House", "max_balanced_0": "style", "split": "train", "n": 27700, "TP": 10647, "FP": 2194, "TN": 11656, "FN": 3203, "precision": 0.8291410326298575, "recall": 0.7687364620938628, "accuracy": 0.8051624548736462, "f1": 0.7977970102281668, "negative_accuracy": 0.8415884476534295, "balanced_accuracy": 0.8051624548736462, "AUC": 0.8940360698041159, "CI_95.0": [0.8904365589568539, 0.8976355806513778]}