{"model": "nnmulti", "dataset": "h112_bayram", "congress": "112", "chamber": "House", "bayram": "style", "split": "train", "n": 4000, "TP": 1614, "FP": 93, "TN": 1907, "FN": 386, "precision": 0.945518453427065, "recall": 0.807, "accuracy": 0.88025, "f1": 0.8707850013487995, "negative_accuracy": 0.9535, "balanced_accuracy": 0.88025, "AUC": 0.9593009999999998, "CI_95.0": [0.9537320671293743, 0.9648699328706254]}