{"model": "nnmulti", "dataset": "h097_max_balanced_0", "congress": "097", "chamber": "House", "max_balanced_0": "style", "split": "train", "n": 23038, "TP": 7628, "FP": 2110, "TN": 9409, "FN": 3891, "precision": 0.7833230642842473, "recall": 0.6622102613074051, "accuracy": 0.7395173192117371, "f1": 0.717692995248624, "negative_accuracy": 0.8168243771160691, "balanced_accuracy": 0.7395173192117371, "AUC": 0.8236525067372467, "CI_95.0": [0.8183674887469714, 0.8289375247275219]}