{"model": "cnn2_128_7_e128_s1_d3_10", "dataset": "h097_max_balanced_0_1_1", "congress": "097", "chamber": "House", "style": "max_balanced_0_1_1", "split": "train", "n": 23038, "TP": 9837, "FP": 1763, "TN": 9756, "FN": 1682, "precision": 0.8480172413793103, "recall": 0.8539803802413404, "accuracy": 0.8504644500390659, "f1": 0.8509883645486396, "negative_accuracy": 0.8469485198367914, "balanced_accuracy": 0.8504644500390659, "AUC": 0.924693505661025, "CI_95.0": [0.9213245500929718, 0.9280624612290783]}