{"model": "cnn2_128_7_e128_s1_d3_10", "dataset": "h109_max_balanced_0_1_1", "congress": "109", "chamber": "House", "style": "max_balanced_0_1_1", "split": "train", "n": 25802, "TP": 11953, "FP": 969, "TN": 11932, "FN": 948, "precision": 0.9250116081101997, "recall": 0.9265173242384311, "accuracy": 0.9257034338423378, "f1": 0.9257638539286682, "negative_accuracy": 0.9248895434462445, "balanced_accuracy": 0.9257034338423378, "AUC": 0.9770740070521247, "CI_95.0": [0.9755467759986587, 0.9786012381055906]}