{"model": "cnn2_128_7_e128_s1_d3_10", "dataset": "h103_max_balanced_0_1_1", "congress": "103", "chamber": "House", "style": "max_balanced_0_1_1", "split": "train", "n": 28186, "TP": 13064, "FP": 1797, "TN": 12296, "FN": 1029, "precision": 0.8790794697530449, "recall": 0.926985028028099, "accuracy": 0.8997374583126375, "f1": 0.9023969054362091, "negative_accuracy": 0.8724898885971759, "balanced_accuracy": 0.8997374583126374, "AUC": 0.9655962068156092, "CI_95.0": [0.9637374086580938, 0.9674550049731246]}