{"model": "cnn2_128_7_e128_s1_d3_10", "dataset": "h114_max_balanced_0_1_1", "congress": "114", "chamber": "House", "style": "max_balanced_0_1_1", "split": "train", "n": 18990, "TP": 9056, "FP": 265, "TN": 9230, "FN": 439, "precision": 0.9715695740800343, "recall": 0.95376513954713, "accuracy": 0.9629278567667193, "f1": 0.9625850340136054, "negative_accuracy": 0.9720905739863086, "balanced_accuracy": 0.9629278567667193, "AUC": 0.9948233889347822, "CI_95.0": [0.9941753804165244, 0.9954713974530399]}