{"model": "cnn2_128_7_e128_s1_d3_10", "dataset": "h112_max_balanced_0_1_1", "congress": "112", "chamber": "House", "style": "max_balanced_0_1_1", "split": "train", "n": 26090, "TP": 12079, "FP": 1320, "TN": 11725, "FN": 966, "precision": 0.9014851854616016, "recall": 0.925948639325412, "accuracy": 0.9123802223073975, "f1": 0.913553168960823, "negative_accuracy": 0.8988118052893829, "balanced_accuracy": 0.9123802223073975, "AUC": 0.9746164359271157, "CI_95.0": [0.9730450805790524, 0.976187791275179]}