{"model": "cnn2_128_7_e128_s1_d3_10", "dataset": "h100_max_balanced_0_1_1", "congress": "100", "chamber": "House", "style": "max_balanced_0_1_1", "split": "train", "n": 26218, "TP": 12391, "FP": 327, "TN": 12782, "FN": 718, "precision": 0.9742884101273785, "recall": 0.9452284689907697, "accuracy": 0.9601418872530323, "f1": 0.959538467495257, "negative_accuracy": 0.9750553055152948, "balanced_accuracy": 0.9601418872530323, "AUC": 0.9926183828636544, "CI_95.0": [0.9918448296015984, 0.9933919361257105]}