{"model": "cnn2_128_7_e128_s1_d3_10", "dataset": "h106_max_balanced_0_1_1", "congress": "106", "chamber": "House", "style": "max_balanced_0_1_1", "split": "train", "n": 27700, "TP": 13826, "FP": 47, "TN": 13803, "FN": 24, "precision": 0.9966121242701651, "recall": 0.9982671480144404, "accuracy": 0.9974368231046932, "f1": 0.9974389496086281, "negative_accuracy": 0.9966064981949458, "balanced_accuracy": 0.9974368231046931, "AUC": 0.9999598613301357, "CI_95.0": [0.9999325025438757, 0.9999872201163957]}