{"model": "transformer_e300_2_d3_10_l128_glove840_not_trainable", "dataset": "h109_max_balanced_0_1_1", "congress": "109", "chamber": "House", "style": "max_balanced_0_1_1", "split": "train", "n": 25802, "TP": 10132, "FP": 2391, "TN": 10510, "FN": 2769, "precision": 0.8090713087918231, "recall": 0.7853654755445314, "accuracy": 0.8000155026742113, "f1": 0.7970421648835745, "negative_accuracy": 0.8146655298038912, "balanced_accuracy": 0.8000155026742113, "AUC": 0.899965693078258, "CI_95.0": [0.8964467078128933, 0.9034846783436228]}