{"model": "transformer_e300_2_d3_10_l128_glove840_not_trainable", "dataset": "h097_max_balanced_0_1_1", "congress": "097", "chamber": "House", "style": "max_balanced_0_1_1", "split": "train", "n": 23038, "TP": 7598, "FP": 4977, "TN": 6542, "FN": 3921, "precision": 0.6042147117296223, "recall": 0.6596058685649796, "accuracy": 0.6137685562982897, "f1": 0.6306964389474558, "negative_accuracy": 0.5679312440316, "balanced_accuracy": 0.6137685562982897, "AUC": 0.6774917733121544, "CI_95.0": [0.6706627400714364, 0.6843208065528723]}