{"model": "transformer_e300_2_d3_10_l128_glove840_not_trainable", "dataset": "h103_max_balanced_0_1_1", "congress": "103", "chamber": "House", "style": "max_balanced_0_1_1", "split": "train", "n": 28186, "TP": 9219, "FP": 3356, "TN": 10737, "FN": 4874, "precision": 0.7331212723658052, "recall": 0.6541545448094799, "accuracy": 0.7080110693251969, "f1": 0.6913904304784761, "negative_accuracy": 0.761867593840914, "balanced_accuracy": 0.7080110693251969, "AUC": 0.7982434089583086, "CI_95.0": [0.7932310207147005, 0.8032557972019166]}