{"model": "transformer_e300_2_d3_10_l128_glove840_not_trainable", "dataset": "h114_max_balanced_0_1_1", "congress": "114", "chamber": "House", "style": "max_balanced_0_1_1", "split": "train", "n": 18990, "TP": 7240, "FP": 1009, "TN": 8486, "FN": 2255, "precision": 0.8776821432900958, "recall": 0.7625065824117957, "accuracy": 0.8281200631911533, "f1": 0.8160504959422904, "negative_accuracy": 0.8937335439705107, "balanced_accuracy": 0.8281200631911532, "AUC": 0.9265817684593842, "CI_95.0": [0.9232127310626429, 0.9299508058561256]}