{"model": "transformer_e300_2_d3_10_l128_glove840_not_trainable", "dataset": "h106_max_balanced_0_1_1", "congress": "106", "chamber": "House", "style": "max_balanced_0_1_1", "split": "train", "n": 27700, "TP": 10463, "FP": 3495, "TN": 10355, "FN": 3387, "precision": 0.7496059607393609, "recall": 0.7554512635379061, "accuracy": 0.7515523465703972, "f1": 0.7525172612197929, "negative_accuracy": 0.747653429602888, "balanced_accuracy": 0.751552346570397, "AUC": 0.863180408971836, "CI_95.0": [0.8591424336551836, 0.8672183842884884]}