{"model": "transformer_e300_2_d3_10_l128_glove840_not_trainable", "dataset": "h112_max_balanced_0_1_1", "congress": "112", "chamber": "House", "style": "max_balanced_0_1_1", "split": "train", "n": 26090, "TP": 9397, "FP": 2776, "TN": 10269, "FN": 3648, "precision": 0.7719543251458145, "recall": 0.7203526255270218, "accuracy": 0.7537753928708317, "f1": 0.7452613212784519, "negative_accuracy": 0.7871981602146416, "balanced_accuracy": 0.7537753928708317, "AUC": 0.8428300333148178, "CI_95.0": [0.8382230226851914, 0.8474370439444441]}