{"model": "transformer_e300_2_d3_10_l128_glove840_not_trainable", "dataset": "h100_max_balanced_0_1_1", "congress": "100", "chamber": "House", "style": "max_balanced_0_1_1", "split": "train", "n": 26218, "TP": 8125, "FP": 3119, "TN": 9990, "FN": 4984, "precision": 0.7226076129491285, "recall": 0.6198031886490197, "accuracy": 0.6909375238385842, "f1": 0.6672689196402907, "negative_accuracy": 0.7620718590281486, "balanced_accuracy": 0.6909375238385842, "AUC": 0.7806600758734507, "CI_95.0": [0.7752498162110033, 0.786070335535898]}