{"model": "lstm_glove_50", "dataset": "h100_bayram_1_1", "congress": "100", "chamber": "House", "bayram_1_1": "style", "split": "train", "n": 4000, "TP": 1111, "FP": 582, "TN": 1418, "FN": 889, "precision": 0.6562315416420555, "recall": 0.5555, "accuracy": 0.63225, "f1": 0.6016788518819388, "negative_accuracy": 0.709, "balanced_accuracy": 0.63225, "AUC": 0.68302075, "CI_95.0": [0.6667087609851508, 0.6993327390148492]}