{"model": "lstm_glove_50", "dataset": "h112_bayram_1_1", "congress": "112", "chamber": "House", "bayram_1_1": "style", "split": "train", "n": 4000, "TP": 1891, "FP": 64, "TN": 1936, "FN": 109, "precision": 0.9672634271099744, "recall": 0.9455, "accuracy": 0.95675, "f1": 0.9562579013906447, "negative_accuracy": 0.968, "balanced_accuracy": 0.95675, "AUC": 0.9914897500000001, "CI_95.0": [0.9894420645272789, 0.9935374354727212]}