{"model": "lstm_glove_50", "dataset": "h097_bayram_1_1", "congress": "097", "chamber": "House", "bayram_1_1": "style", "split": "train", "n": 4000, "TP": 1773, "FP": 62, "TN": 1938, "FN": 227, "precision": 0.9662125340599454, "recall": 0.8865, "accuracy": 0.92775, "f1": 0.9246414602346804, "negative_accuracy": 0.969, "balanced_accuracy": 0.92775, "AUC": 0.9817662499999998, "CI_95.0": [0.9784431613684527, 0.985089338631547]}