{"model": "cnn2_a10-4_avg_drop_128_7_l64_s1_d3_10_e300_glove840_trainable", "dataset": "h103_max_balanced_0_1_1", "congress": "103", "chamber": "House", "style": "max_balanced_0_1_1", "split": "train", "n": 28186, "TP": 12315, "FP": 2036, "TN": 12057, "FN": 1778, "precision": 0.8581283534248484, "recall": 0.8738380756403888, "accuracy": 0.864684595189101, "f1": 0.8659119673744903, "negative_accuracy": 0.8555311147378131, "balanced_accuracy": 0.8646845951891009, "AUC": 0.9423222183598186, "CI_95.0": [0.939835180292864, 0.9448092564267732]}