{"model": "cnn2_a10-4_avg_drop_128_7_l64_s1_d3_10_e300_glove840_trainable", "dataset": "h100_max_balanced_0_1_1", "congress": "100", "chamber": "House", "style": "max_balanced_0_1_1", "split": "train", "n": 26218, "TP": 11956, "FP": 1338, "TN": 11771, "FN": 1153, "precision": 0.8993530916202799, "recall": 0.9120451598138684, "accuracy": 0.904988938896941, "f1": 0.9056546604552513, "negative_accuracy": 0.8979327179800137, "balanced_accuracy": 0.904988938896941, "AUC": 0.9715911375263048, "CI_95.0": [0.9699737065455968, 0.9732085685070128]}