{"model": "cnn2_a10-4_avg_drop_128_7_l64_s1_d3_10_e300_glove840_trainable", "dataset": "h106_max_balanced_0_1_1", "congress": "106", "chamber": "House", "style": "max_balanced_0_1_1", "split": "train", "n": 27700, "TP": 11585, "FP": 1681, "TN": 12169, "FN": 2265, "precision": 0.8732850897030001, "recall": 0.8364620938628159, "accuracy": 0.8575451263537907, "f1": 0.8544770615134976, "negative_accuracy": 0.8786281588447653, "balanced_accuracy": 0.8575451263537905, "AUC": 0.9389756259041562, "CI_95.0": [0.9363932912567141, 0.9415579605515982]}