{"model": "cnn2_a10-4_avg_drop_128_7_l64_s1_d3_10_e300_glove840_trainable", "dataset": "h114_max_balanced_0_1_1", "congress": "114", "chamber": "House", "style": "max_balanced_0_1_1", "split": "train", "n": 18990, "TP": 8734, "FP": 892, "TN": 8603, "FN": 761, "precision": 0.9073343029295657, "recall": 0.9198525539757767, "accuracy": 0.912954186413902, "f1": 0.9135505465195335, "negative_accuracy": 0.9060558188520274, "balanced_accuracy": 0.912954186413902, "AUC": 0.9788819924346979, "CI_95.0": [0.9773710584371402, 0.9803929264322555]}