{"model": "cnn2_a10-4_avg_drop_128_7_l64_s1_d3_10_e300_glove840_trainable", "dataset": "h109_max_balanced_0_1_1", "congress": "109", "chamber": "House", "style": "max_balanced_0_1_1", "split": "train", "n": 25802, "TP": 11107, "FP": 1442, "TN": 11459, "FN": 1794, "precision": 0.885090445453821, "recall": 0.8609410123246259, "accuracy": 0.8745833656305713, "f1": 0.8728487229862475, "negative_accuracy": 0.8882257189365166, "balanced_accuracy": 0.8745833656305713, "AUC": 0.9510011340648998, "CI_95.0": [0.9486602297358658, 0.9533420383939338]}