{"model": "cnn2_a10-4_avg_drop_128_7_l64_s1_d3_10_e300_glove840_trainable", "dataset": "h112_max_balanced_0_1_1", "congress": "112", "chamber": "House", "style": "max_balanced_0_1_1", "split": "train", "n": 26090, "TP": 11398, "FP": 1101, "TN": 11944, "FN": 1647, "precision": 0.9119129530362429, "recall": 0.8737447297815255, "accuracy": 0.8946722882330395, "f1": 0.8924209207641716, "negative_accuracy": 0.9155998466845535, "balanced_accuracy": 0.8946722882330396, "AUC": 0.9669829720836902, "CI_95.0": [0.9652248488700699, 0.9687410952973106]}