{"model": "cnn2_a10-4_avg_drop_128_7_l64_s1_d3_10_e300_glove840_trainable", "dataset": "h097_max_balanced_0_1_1", "congress": "097", "chamber": "House", "style": "max_balanced_0_1_1", "split": "train", "n": 23038, "TP": 9794, "FP": 1127, "TN": 10392, "FN": 1725, "precision": 0.8968043219485395, "recall": 0.8502474173105304, "accuracy": 0.8762045316433719, "f1": 0.8729055258467023, "negative_accuracy": 0.9021616459762132, "balanced_accuracy": 0.8762045316433718, "AUC": 0.954079307523495, "CI_95.0": [0.95174137912155, 0.95641723592544]}