{"model": "cnn2_128_7_e64_s1", "dataset": "h112_bayram_1_1", "congress": "112", "chamber": "House", "style": "bayram_1_1", "split": "train", "n": 4000, "TP": 1984, "FP": 10, "TN": 1990, "FN": 16, "precision": 0.9949849548645938, "recall": 0.992, "accuracy": 0.9935, "f1": 0.9934902353530296, "negative_accuracy": 0.995, "balanced_accuracy": 0.9935, "AUC": 0.9995145, "CI_95.0": [0.9990241716816339, 1.0]}