{"model": "cnn2_128_7_e64_s1", "dataset": "h103_bayram_1_1", "congress": "103", "chamber": "House", "style": "bayram_1_1", "split": "train", "n": 4000, "TP": 1980, "FP": 0, "TN": 2000, "FN": 20, "precision": 1.0, "recall": 0.99, "accuracy": 0.995, "f1": 0.9949748743718593, "negative_accuracy": 1.0, "balanced_accuracy": 0.995, "AUC": 0.9999925000000002, "CI_95.0": [0.9999826598187138, 1.0]}