{"model": "transformer_e128_2_nd_l128", "dataset": "h100_max_balanced_0_1_1", "congress": "100", "chamber": "House", "style": "max_balanced_0_1_1", "split": "train", "n": 26218, "TP": 9242, "FP": 1380, "TN": 11729, "FN": 3867, "precision": 0.8700809640369045, "recall": 0.7050118239377526, "accuracy": 0.7998703181020673, "f1": 0.7788968016518477, "negative_accuracy": 0.8947288122663819, "balanced_accuracy": 0.7998703181020672, "AUC": 0.8952671580181778, "CI_95.0": [0.8915788708720455, 0.8989554451643101]}