{"model": "transformer_e128_2_nd_l128", "dataset": "h097_max_balanced_0_1_1", "congress": "097", "chamber": "House", "style": "max_balanced_0_1_1", "split": "train", "n": 23038, "TP": 9684, "FP": 1101, "TN": 10418, "FN": 1835, "precision": 0.8979137691237831, "recall": 0.8406979772549701, "accuracy": 0.872558381803976, "f1": 0.8683644189383071, "negative_accuracy": 0.904418786352982, "balanced_accuracy": 0.872558381803976, "AUC": 0.9507418117992414, "CI_95.0": [0.9482570760919894, 0.9532265475064935]}