{"model": "transformer_e128_2_nd_l128", "dataset": "h103_max_balanced_0_1_1", "congress": "103", "chamber": "House", "style": "max_balanced_0_1_1", "split": "train", "n": 28186, "TP": 13100, "FP": 3536, "TN": 10557, "FN": 993, "precision": 0.7874489059870161, "recall": 0.9295394876889236, "accuracy": 0.8393173916128575, "f1": 0.8526147938429497, "negative_accuracy": 0.7490952955367913, "balanced_accuracy": 0.8393173916128575, "AUC": 0.9341616530173766, "CI_95.0": [0.9314730315724862, 0.9368502744622671]}