{"model": "transformer_e128_2_nd_l128", "dataset": "h112_max_balanced_0_1_1", "congress": "112", "chamber": "House", "style": "max_balanced_0_1_1", "split": "train", "n": 26090, "TP": 11225, "FP": 1390, "TN": 11655, "FN": 1820, "precision": 0.8898137138327388, "recall": 0.8604829436565734, "accuracy": 0.8769643541586815, "f1": 0.8749025720966485, "negative_accuracy": 0.8934457646607896, "balanced_accuracy": 0.8769643541586816, "AUC": 0.9505902306798075, "CI_95.0": [0.9482359634871489, 0.9529444978724662]}