{"model": "transformer_e128_2_nd_l128", "dataset": "h106_max_balanced_0_1_1", "congress": "106", "chamber": "House", "style": "max_balanced_0_1_1", "split": "train", "n": 27700, "TP": 13023, "FP": 1948, "TN": 11902, "FN": 827, "precision": 0.8698817714247545, "recall": 0.9402888086642599, "accuracy": 0.8998194945848376, "f1": 0.9037160403872176, "negative_accuracy": 0.8593501805054151, "balanced_accuracy": 0.8998194945848375, "AUC": 0.9703380077936632, "CI_95.0": [0.9686795630555147, 0.9719964525318117]}