{"model": "transformer_e128_2_nd_l128", "dataset": "h109_max_balanced_0_1_1", "congress": "109", "chamber": "House", "style": "max_balanced_0_1_1", "split": "train", "n": 25802, "TP": 11792, "FP": 569, "TN": 12332, "FN": 1109, "precision": 0.9539681255561848, "recall": 0.9140376714983335, "accuracy": 0.9349662816835904, "f1": 0.9335761222389359, "negative_accuracy": 0.9558948918688474, "balanced_accuracy": 0.9349662816835904, "AUC": 0.9839287221623672, "CI_95.0": [0.982702975198, 0.9851544691267343]}