{"model": "transformer_e128_2_nd_l128", "dataset": "h114_max_balanced_0_1_1", "congress": "114", "chamber": "House", "style": "max_balanced_0_1_1", "split": "train", "n": 18990, "TP": 8372, "FP": 509, "TN": 8986, "FN": 1123, "precision": 0.9426866343880194, "recall": 0.881727224855187, "accuracy": 0.9140600315955766, "f1": 0.9111885067479322, "negative_accuracy": 0.9463928383359663, "balanced_accuracy": 0.9140600315955767, "AUC": 0.9772888144615346, "CI_95.0": [0.9756416227516315, 0.9789360061714377]}