{"model": "cnn3_avg_drop_128_7_l256_s1_d4_5_e300_glove840_trainable", "dataset": "h100_max_balanced_0_1_1", "congress": "100", "chamber": "House", "style": "max_balanced_0_1_1", "split": "train", "n": 26218, "TP": 10504, "FP": 1158, "TN": 11951, "FN": 2605, "precision": 0.9007031383982165, "recall": 0.8012815622854528, "accuracy": 0.85647265237623, "f1": 0.8480884905736548, "negative_accuracy": 0.9116637424670074, "balanced_accuracy": 0.85647265237623, "AUC": 0.9488745325237095, "CI_95.0": [0.9465085519236309, 0.951240513123788]}