{"model": "cnn3_avg_drop_128_7_l256_s1_d4_5_e300_glove840_trainable", "dataset": "h097_max_balanced_0_1_1", "congress": "097", "chamber": "House", "style": "max_balanced_0_1_1", "split": "train", "n": 23038, "TP": 9273, "FP": 1851, "TN": 9668, "FN": 2246, "precision": 0.8336030204962244, "recall": 0.80501779668374, "accuracy": 0.8221633822380415, "f1": 0.8190610784790002, "negative_accuracy": 0.8393089677923431, "balanced_accuracy": 0.8221633822380415, "AUC": 0.9099354195461014, "CI_95.0": [0.9063346494999974, 0.9135361895922053]}