{"model": "cnn3_avg_drop_128_7_l256_s1_d4_5_e300_glove840_trainable", "dataset": "h114_max_balanced_0_1_1", "congress": "114", "chamber": "House", "style": "max_balanced_0_1_1", "split": "train", "n": 18990, "TP": 9075, "FP": 257, "TN": 9238, "FN": 420, "precision": 0.9724603514787827, "recall": 0.9557661927330173, "accuracy": 0.9643496577145866, "f1": 0.9640410049397142, "negative_accuracy": 0.9729331226961558, "balanced_accuracy": 0.9643496577145866, "AUC": 0.9964674237514768, "CI_95.0": [0.9960538550255463, 0.9968809924774072]}