{"model": "cnn3_avg_drop_128_7_l256_s1_d4_5_e300_glove840_trainable", "dataset": "h106_max_balanced_0_1_1", "congress": "106", "chamber": "House", "style": "max_balanced_0_1_1", "split": "train", "n": 27700, "TP": 12597, "FP": 1247, "TN": 12603, "FN": 1253, "precision": 0.9099248772031204, "recall": 0.9095306859205776, "accuracy": 0.9097472924187726, "f1": 0.909727738860403, "negative_accuracy": 0.9099638989169675, "balanced_accuracy": 0.9097472924187726, "AUC": 0.9745531754616896, "CI_95.0": [0.9731027080205185, 0.9760036429028608]}