{"model": "cnn3_avg_drop_128_7_l256_s1_d4_5_e300_glove840_trainable", "dataset": "h103_max_balanced_0_1_1", "congress": "103", "chamber": "House", "style": "max_balanced_0_1_1", "split": "train", "n": 28186, "TP": 12070, "FP": 2811, "TN": 11282, "FN": 2023, "precision": 0.8111014044755057, "recall": 0.856453558504222, "accuracy": 0.8284964166607536, "f1": 0.833160764823635, "negative_accuracy": 0.8005392748172852, "balanced_accuracy": 0.8284964166607536, "AUC": 0.9148450635689371, "CI_95.0": [0.911693924450256, 0.9179962026876183]}