{"model": "cnn3_avg_drop_128_7_l256_s1_d4_5_e300_glove840_trainable", "dataset": "h109_max_balanced_0_1_1", "congress": "109", "chamber": "House", "style": "max_balanced_0_1_1", "split": "train", "n": 25802, "TP": 11793, "FP": 677, "TN": 12224, "FN": 1108, "precision": 0.945709703287891, "recall": 0.9141151848693899, "accuracy": 0.9308193163320673, "f1": 0.9296440818257066, "negative_accuracy": 0.9475234477947446, "balanced_accuracy": 0.9308193163320673, "AUC": 0.9843943070878123, "CI_95.0": [0.9832829758318719, 0.9855056383437527]}