{"model": "cnn3_avg_drop_128_7_l256_s1_d4_5_e300_glove840_trainable", "dataset": "h112_max_balanced_0_1_1", "congress": "112", "chamber": "House", "style": "max_balanced_0_1_1", "split": "train", "n": 26090, "TP": 12583, "FP": 311, "TN": 12734, "FN": 462, "precision": 0.9758802543818831, "recall": 0.964584131851284, "accuracy": 0.9703717899578382, "f1": 0.970199313774625, "negative_accuracy": 0.9761594480643925, "balanced_accuracy": 0.9703717899578382, "AUC": 0.9975744779437161, "CI_95.0": [0.997310921121972, 0.9978380347654603]}