{"model": "cnn2_32_5", "dataset": "h097_bayram_1_1", "congress": "097", "chamber": "House", "style": "bayram_1_1", "split": "train", "n": 4000, "TP": 619, "FP": 523, "TN": 1477, "FN": 1381, "precision": 0.542031523642732, "recall": 0.3095, "accuracy": 0.524, "f1": 0.39401654996817315, "negative_accuracy": 0.7385, "balanced_accuracy": 0.524, "AUC": 0.5366259999999999, "CI_95.0": [0.5187871237160455, 0.5544648762839544]}