{"model": "cnn2_avg_drop_128_7_l128_s1_d3_20_e300_glove840_trainable", "dataset": "h106_max_balanced_0_1_1", "congress": "106", "chamber": "House", "style": "max_balanced_0_1_1", "split": "train", "n": 27700, "TP": 12461, "FP": 1795, "TN": 12055, "FN": 1389, "precision": 0.8740881032547699, "recall": 0.8997111913357401, "accuracy": 0.8850541516245487, "f1": 0.8867145805166156, "negative_accuracy": 0.8703971119133574, "balanced_accuracy": 0.8850541516245487, "AUC": 0.9602855035253943, "CI_95.0": [0.9583323963994828, 0.9622386106513059]}