{"model": "cnn2_avg_drop_128_7_l128_s1_d3_20_e300_glove840_trainable", "dataset": "h109_max_balanced_0_1_1", "congress": "109", "chamber": "House", "style": "max_balanced_0_1_1", "split": "train", "n": 25802, "TP": 11778, "FP": 1129, "TN": 11772, "FN": 1123, "precision": 0.912528085534981, "recall": 0.9129524843035424, "accuracy": 0.9127199441903728, "f1": 0.9127402355858649, "negative_accuracy": 0.9124874040772033, "balanced_accuracy": 0.9127199441903728, "AUC": 0.9749175990086412, "CI_95.0": [0.9733890996531468, 0.9764460983641355]}