{"model": "cnn2_avg_drop_128_7_l128_s1_d3_20_e300_glove840_trainable", "dataset": "h103_max_balanced_0_1_1", "congress": "103", "chamber": "House", "style": "max_balanced_0_1_1", "split": "train", "n": 28186, "TP": 13248, "FP": 915, "TN": 13178, "FN": 845, "precision": 0.9353950434230036, "recall": 0.9400411551834243, "accuracy": 0.9375576527354006, "f1": 0.9377123442808607, "negative_accuracy": 0.9350741502873767, "balanced_accuracy": 0.9375576527354006, "AUC": 0.987549861439087, "CI_95.0": [0.9866441763835383, 0.9884555464946356]}