{"model": "cnn2_avg_drop_128_7_l128_s1_d3_20_e300_glove840_trainable", "dataset": "h100_max_balanced_0_1_1", "congress": "100", "chamber": "House", "style": "max_balanced_0_1_1", "split": "train", "n": 26218, "TP": 10199, "FP": 1031, "TN": 12078, "FN": 2910, "precision": 0.9081923419412289, "recall": 0.7780151041269356, "accuracy": 0.8496834236021055, "f1": 0.8380788035662927, "negative_accuracy": 0.9213517430772752, "balanced_accuracy": 0.8496834236021054, "AUC": 0.9384572738173459, "CI_95.0": [0.9357858199674846, 0.9411287276672072]}