{"model": "cnn2_avg_drop_128_7_l128_s1_d3_20_e300_glove840_trainable", "dataset": "h114_max_balanced_0_1_1", "congress": "114", "chamber": "House", "style": "max_balanced_0_1_1", "split": "train", "n": 18990, "TP": 8840, "FP": 356, "TN": 9139, "FN": 655, "precision": 0.9612875163114397, "recall": 0.9310163243812533, "accuracy": 0.9467614533965245, "f1": 0.9459097961585791, "negative_accuracy": 0.9625065824117957, "balanced_accuracy": 0.9467614533965245, "AUC": 0.9914015608115021, "CI_95.0": [0.9905749002104347, 0.9922282214125695]}