{"model": "cnn2_avg_drop_128_7_l128_s1_d3_20_e300_glove840_trainable", "dataset": "h097_max_balanced_0_1_1", "congress": "097", "chamber": "House", "style": "max_balanced_0_1_1", "split": "train", "n": 23038, "TP": 8445, "FP": 1366, "TN": 10153, "FN": 3074, "precision": 0.8607685251248598, "recall": 0.7331365569927946, "accuracy": 0.8072749370605087, "f1": 0.7918424753867792, "negative_accuracy": 0.8814133171282229, "balanced_accuracy": 0.8072749370605088, "AUC": 0.8982768562259671, "CI_95.0": [0.8944127978032836, 0.9021409146486505]}