{"model": "cnn2_avg_drop_128_7_l128_s1_d3_20_e300_glove840_trainable", "dataset": "h112_max_balanced_0_1_1", "congress": "112", "chamber": "House", "style": "max_balanced_0_1_1", "split": "train", "n": 26090, "TP": 12271, "FP": 1067, "TN": 11978, "FN": 774, "precision": 0.9200029989503674, "recall": 0.9406669221924109, "accuracy": 0.9294365657339977, "f1": 0.9302202175643408, "negative_accuracy": 0.9182062092755845, "balanced_accuracy": 0.9294365657339977, "AUC": 0.9842268669013019, "CI_95.0": [0.9831347876167063, 0.9853189461858975]}