{"model": "models.svm", "dataset": "h112", "split": "train", "n": 4000, "TP": 1878, "FP": 115, "TN": 1885, "FN": 122, "precision": 0.9422980431510286, "recall": 0.939, "accuracy": 0.94075, "f1": 0.9406461307287752, "negative_accuracy": 0.9425, "balanced_accuracy": 0.94075, "AUC": 0.985632875, "CI_95.0": [0.9826291773735047, 0.9886365726264952]}