{"model": "models.svm", "dataset": "h109", "split": "train", "n": 4000, "TP": 1852, "FP": 138, "TN": 1862, "FN": 148, "precision": 0.9306532663316583, "recall": 0.926, "accuracy": 0.9285, "f1": 0.9283208020050125, "negative_accuracy": 0.931, "balanced_accuracy": 0.9285000000000001, "AUC": 0.9776520000000001, "CI_95.0": [0.9733904551238627, 0.9819135448761375]}