{"model": "cnn3_a10-4_avg_drop_128_7_l128_s1_d4_10_e300_glove840_trainable", "dataset": "h112_max_balanced_0_1_1", "congress": "112", "chamber": "House", "style": "max_balanced_0_1_1", "split": "train", "n": 26090, "TP": 12029, "FP": 604, "TN": 12441, "FN": 1016, "precision": 0.9521887121032218, "recall": 0.9221157531621311, "accuracy": 0.9379072441548486, "f1": 0.9369109743749513, "negative_accuracy": 0.9536987351475661, "balanced_accuracy": 0.9379072441548486, "AUC": 0.9879966522111963, "CI_95.0": [0.9871253620561025, 0.98886794236629]}