{"model": "cnn3_a10-4_avg_drop_128_7_l128_s1_d4_10_e300_glove840_trainable", "dataset": "h109_max_balanced_0_1_1", "congress": "109", "chamber": "House", "style": "max_balanced_0_1_1", "split": "train", "n": 25802, "TP": 11917, "FP": 921, "TN": 11980, "FN": 984, "precision": 0.9282598535597445, "recall": 0.9237268428803969, "accuracy": 0.9261685140686768, "f1": 0.9259878006138546, "negative_accuracy": 0.9286101852569568, "balanced_accuracy": 0.9261685140686768, "AUC": 0.9806903263559263, "CI_95.0": [0.9793882913580427, 0.98199236135381]}