{"model": "cnn3_a10-4_avg_drop_128_7_l128_s1_d4_10_e300_glove840_trainable", "dataset": "h097_max_balanced_0_1_1", "congress": "097", "chamber": "House", "style": "max_balanced_0_1_1", "split": "train", "n": 23038, "TP": 10180, "FP": 853, "TN": 10666, "FN": 1339, "precision": 0.9226864859965558, "recall": 0.883757270596406, "accuracy": 0.9048528518100529, "f1": 0.9028024122029088, "negative_accuracy": 0.9259484330237, "balanced_accuracy": 0.9048528518100529, "AUC": 0.9713805032266789, "CI_95.0": [0.9696563619274166, 0.9731046445259413]}