{"model": "cnn3_a10-4_avg_drop_128_7_l128_s1_d4_10_e300_glove840_trainable", "dataset": "h100_max_balanced_0_1_1", "congress": "100", "chamber": "House", "style": "max_balanced_0_1_1", "split": "train", "n": 26218, "TP": 11337, "FP": 1720, "TN": 11389, "FN": 1772, "precision": 0.868269893543693, "recall": 0.8648256922724845, "accuracy": 0.8668090624761614, "f1": 0.8665443705572117, "negative_accuracy": 0.8687924326798383, "balanced_accuracy": 0.8668090624761614, "AUC": 0.9462399887257117, "CI_95.0": [0.9437764652384506, 0.9487035122129728]}