{"model": "cnn3_a10-4_avg_drop_128_7_l128_s1_d4_10_e300_glove840_trainable", "dataset": "h106_max_balanced_0_1_1", "congress": "106", "chamber": "House", "style": "max_balanced_0_1_1", "split": "train", "n": 27700, "TP": 12647, "FP": 1120, "TN": 12730, "FN": 1203, "precision": 0.9186460376262076, "recall": 0.9131407942238268, "accuracy": 0.9161371841155235, "f1": 0.915885143208893, "negative_accuracy": 0.9191335740072202, "balanced_accuracy": 0.9161371841155235, "AUC": 0.9769957512804808, "CI_95.0": [0.9756190340945641, 0.9783724684663975]}