{"model": "cnn3_a10-4_avg_drop_128_7_l128_s1_d4_10_e300_glove840_trainable", "dataset": "h114_max_balanced_0_1_1", "congress": "114", "chamber": "House", "style": "max_balanced_0_1_1", "split": "train", "n": 18990, "TP": 8108, "FP": 727, "TN": 8768, "FN": 1387, "precision": 0.9177136389360498, "recall": 0.8539231174302264, "accuracy": 0.8886782517114271, "f1": 0.8846699399890889, "negative_accuracy": 0.9234333859926277, "balanced_accuracy": 0.8886782517114271, "AUC": 0.9646986898400838, "CI_95.0": [0.9625472197260265, 0.966850159954141]}