{"model": "cnn3_a10-4_avg_drop_128_7_l128_s1_d4_10_e300_glove840_trainable", "dataset": "h103_max_balanced_0_1_1", "congress": "103", "chamber": "House", "style": "max_balanced_0_1_1", "split": "train", "n": 28186, "TP": 12020, "FP": 2215, "TN": 11878, "FN": 2073, "precision": 0.8443976115208992, "recall": 0.8529056978641879, "accuracy": 0.8478677357553396, "f1": 0.848630330415137, "negative_accuracy": 0.8428297736464911, "balanced_accuracy": 0.8478677357553395, "AUC": 0.9284536983341882, "CI_95.0": [0.925596721852803, 0.9313106748155735]}