{"model": "cnn2_avg_drop_128_7_l256_s1_d3_30_e300_glove840_trainable", "dataset": "h112_max_balanced_0_1_1", "congress": "112", "chamber": "House", "style": "max_balanced_0_1_1", "split": "train", "n": 26090, "TP": 12323, "FP": 940, "TN": 12105, "FN": 722, "precision": 0.9291261403905602, "recall": 0.9446531238022231, "accuracy": 0.9362974319662706, "f1": 0.9368253002888856, "negative_accuracy": 0.9279417401303182, "balanced_accuracy": 0.9362974319662707, "AUC": 0.9863331649253162, "CI_95.0": [0.9853452618524611, 0.9873210679981713]}