{"model": "cnn2_avg_drop_128_7_l256_s1_d3_30_e300_glove840_trainable", "dataset": "h106_max_balanced_0_1_1", "congress": "106", "chamber": "House", "style": "max_balanced_0_1_1", "split": "train", "n": 27700, "TP": 12623, "FP": 1726, "TN": 12124, "FN": 1227, "precision": 0.8797128719771413, "recall": 0.9114079422382672, "accuracy": 0.8933935018050542, "f1": 0.8952799744671798, "negative_accuracy": 0.8753790613718412, "balanced_accuracy": 0.8933935018050542, "AUC": 0.9651586961904886, "CI_95.0": [0.9633768259839272, 0.96694056639705]}