{"model": "cnn2_avg_drop_128_7_l256_s1_d3_30_e300_glove840_trainable", "dataset": "h103_max_balanced_0_1_1", "congress": "103", "chamber": "House", "style": "max_balanced_0_1_1", "split": "train", "n": 28186, "TP": 13409, "FP": 957, "TN": 13136, "FN": 684, "precision": 0.9333843797856048, "recall": 0.951465266444334, "accuracy": 0.9417796068970411, "f1": 0.9423381004251731, "negative_accuracy": 0.9320939473497482, "balanced_accuracy": 0.9417796068970411, "AUC": 0.9888658199206637, "CI_95.0": [0.9880166587950273, 0.9897149810463001]}