{"model": "cnn2_avg_drop_128_7_l256_s1_d3_30_e300_glove840_trainable", "dataset": "h109_max_balanced_0_1_1", "congress": "109", "chamber": "House", "style": "max_balanced_0_1_1", "split": "train", "n": 25802, "TP": 11441, "FP": 717, "TN": 12184, "FN": 1460, "precision": 0.9410264846191808, "recall": 0.8868304782574994, "accuracy": 0.9156266956049919, "f1": 0.9131250249411389, "negative_accuracy": 0.9444229129524843, "balanced_accuracy": 0.9156266956049919, "AUC": 0.9779847516100217, "CI_95.0": [0.9766013637554836, 0.9793681394645599]}