{"model": "cnn2_avg_drop_128_7_l256_s1_d3_30_e300_glove840_trainable", "dataset": "h100_max_balanced_0_1_1", "congress": "100", "chamber": "House", "style": "max_balanced_0_1_1", "split": "train", "n": 26218, "TP": 10304, "FP": 862, "TN": 12247, "FN": 2805, "precision": 0.9228013612753, "recall": 0.7860248684110154, "accuracy": 0.8601342589060951, "f1": 0.8489392378990731, "negative_accuracy": 0.9342436494011748, "balanced_accuracy": 0.8601342589060951, "AUC": 0.9491879208905799, "CI_95.0": [0.9468319538046632, 0.9515438879764966]}