{"model": "cnn2_avg_drop_128_7_l256_s1_d3_30_e300_glove840_trainable", "dataset": "h114_max_balanced_0_1_1", "congress": "114", "chamber": "House", "style": "max_balanced_0_1_1", "split": "train", "n": 18990, "TP": 8308, "FP": 860, "TN": 8635, "FN": 1187, "precision": 0.9061954624781849, "recall": 0.8749868351764086, "accuracy": 0.8922064244339126, "f1": 0.8903177409848362, "negative_accuracy": 0.9094260136914165, "balanced_accuracy": 0.8922064244339125, "AUC": 0.9638015185509625, "CI_95.0": [0.9616007694418472, 0.9660022676600778]}