{"model": "cnn2_avg_drop_128_7_l256_s1_d3_30_e300_glove840_trainable", "dataset": "h097_max_balanced_0_1_1", "congress": "097", "chamber": "House", "style": "max_balanced_0_1_1", "split": "train", "n": 23038, "TP": 8711, "FP": 1746, "TN": 9773, "FN": 2808, "precision": 0.8330305058812278, "recall": 0.7562288393089678, "accuracy": 0.8023265908499002, "f1": 0.7927739352020385, "negative_accuracy": 0.8484243423908325, "balanced_accuracy": 0.8023265908499002, "AUC": 0.8920493942147212, "CI_95.0": [0.8880446727334421, 0.8960541156960002]}