{"model": "transformer_2_2", "dataset": "h112_max_balanced_0_1_1", "congress": "112", "chamber": "House", "style": "max_balanced_0_1_1", "split": "train", "n": 26090, "TP": 10937, "FP": 1243, "TN": 11802, "FN": 2108, "precision": 0.8979474548440066, "recall": 0.8384055193560751, "accuracy": 0.8715599846684553, "f1": 0.8671555996035679, "negative_accuracy": 0.9047144499808356, "balanced_accuracy": 0.8715599846684554, "AUC": 0.9484486036996975, "CI_95.0": [0.9460418632220586, 0.9508553441773364]}