{"model": "transformer_2_2", "dataset": "h109_max_balanced_0_1_1", "congress": "109", "chamber": "House", "style": "max_balanced_0_1_1", "split": "train", "n": 25802, "TP": 11588, "FP": 582, "TN": 12319, "FN": 1313, "precision": 0.952177485620378, "recall": 0.8982249438028059, "accuracy": 0.9265560809239594, "f1": 0.9244146623589006, "negative_accuracy": 0.9548872180451128, "balanced_accuracy": 0.9265560809239594, "AUC": 0.9809668594078507, "CI_95.0": [0.979631025522712, 0.9823026932929894]}