{"model": "transformer_2_2", "dataset": "h100_max_balanced_0_1_1", "congress": "100", "chamber": "House", "style": "max_balanced_0_1_1", "split": "train", "n": 26218, "TP": 10992, "FP": 838, "TN": 12271, "FN": 2117, "precision": 0.92916314454776, "recall": 0.83850789533908, "accuracy": 0.8872911740025936, "f1": 0.8815108865632142, "negative_accuracy": 0.9360744526661072, "balanced_accuracy": 0.8872911740025936, "AUC": 0.9621184228442462, "CI_95.0": [0.960136064643491, 0.9641007810450014]}