{"model": "transformer_2_2", "dataset": "h097_max_balanced_0_1_1", "congress": "097", "chamber": "House", "style": "max_balanced_0_1_1", "split": "train", "n": 23038, "TP": 8743, "FP": 1125, "TN": 10394, "FN": 2776, "precision": 0.8859951357924605, "recall": 0.7590068582342218, "accuracy": 0.8306710651966317, "f1": 0.817599476317389, "negative_accuracy": 0.9023352721590416, "balanced_accuracy": 0.8306710651966317, "AUC": 0.9201087434393995, "CI_95.0": [0.9167446696595782, 0.9234728172192208]}