{"model": "transformer_2_2", "dataset": "h106_max_balanced_0_1_1", "congress": "106", "chamber": "House", "style": "max_balanced_0_1_1", "split": "train", "n": 27700, "TP": 12595, "FP": 1356, "TN": 12494, "FN": 1255, "precision": 0.9028026664755214, "recall": 0.9093862815884477, "accuracy": 0.905740072202166, "f1": 0.9060825150174455, "negative_accuracy": 0.9020938628158844, "balanced_accuracy": 0.905740072202166, "AUC": 0.970102876357049, "CI_95.0": [0.9684357923792608, 0.9717699603348371]}