{"model": "transformer_2_2", "dataset": "h114_max_balanced_0_1_1", "congress": "114", "chamber": "House", "style": "max_balanced_0_1_1", "split": "train", "n": 18990, "TP": 8779, "FP": 1009, "TN": 8486, "FN": 716, "precision": 0.8969145892930118, "recall": 0.9245918904686677, "accuracy": 0.9091627172195893, "f1": 0.9105429653062284, "negative_accuracy": 0.8937335439705107, "balanced_accuracy": 0.9091627172195893, "AUC": 0.975479913626556, "CI_95.0": [0.9737481822242875, 0.9772116450288244]}