{"model": "transformer_2_2", "dataset": "h103_max_balanced_0_1_1", "congress": "103", "chamber": "House", "style": "max_balanced_0_1_1", "split": "train", "n": 28186, "TP": 12223, "FP": 792, "TN": 13301, "FN": 1870, "precision": 0.9391471379177871, "recall": 0.8673100120627262, "accuracy": 0.9055559497622934, "f1": 0.9018002065810831, "negative_accuracy": 0.9438018874618604, "balanced_accuracy": 0.9055559497622934, "AUC": 0.9743890204092693, "CI_95.0": [0.9728932206355578, 0.9758848201829808]}