{"model": "lstm", "dataset": "h103_max_balanced_0", "congress": "103", "chamber": "House", "max_balanced_0": "style", "split": "train", "n": 28186, "TP": 11884, "FP": 2698, "TN": 11395, "FN": 2209, "precision": 0.8149773693594843, "recall": 0.8432555169232953, "accuracy": 0.8259064783935287, "f1": 0.8288753269398431, "negative_accuracy": 0.8085574398637622, "balanced_accuracy": 0.8259064783935287, "AUC": 0.9045603183108444, "CI_95.0": [0.9011222353850027, 0.9079984012366861]}