{"model": "lstm", "dataset": "h114_max_balanced_0", "congress": "114", "chamber": "House", "max_balanced_0": "style", "split": "train", "n": 18990, "TP": 7742, "FP": 1385, "TN": 8110, "FN": 1753, "precision": 0.8482524378218472, "recall": 0.815376513954713, "accuracy": 0.8347551342812006, "f1": 0.8314896359145096, "negative_accuracy": 0.8541337546076883, "balanced_accuracy": 0.8347551342812006, "AUC": 0.9140100177444352, "CI_95.0": [0.9100807681648824, 0.9179392673239881]}