{"model": "lstm", "dataset": "h114_bayram", "congress": "114", "chamber": "House", "bayram": "style", "split": "train", "n": 4000, "TP": 1773, "FP": 196, "TN": 1804, "FN": 227, "precision": 0.9004570848146267, "recall": 0.8865, "accuracy": 0.89425, "f1": 0.8934240362811792, "negative_accuracy": 0.902, "balanced_accuracy": 0.89425, "AUC": 0.9606495, "CI_95.0": [0.9553215242331536, 0.9659774757668464]}