{"model": "lstm", "dataset": "h103_bayram", "congress": "103", "chamber": "House", "bayram": "style", "split": "train", "n": 4000, "TP": 1518, "FP": 486, "TN": 1514, "FN": 482, "precision": 0.7574850299401198, "recall": 0.759, "accuracy": 0.758, "f1": 0.7582417582417583, "negative_accuracy": 0.757, "balanced_accuracy": 0.758, "AUC": 0.84122675, "CI_95.0": [0.8292226481766415, 0.8532308518233586]}