{"model": "lstm", "dataset": "h109_max_balanced_0", "congress": "109", "chamber": "House", "max_balanced_0": "style", "split": "train", "n": 25802, "TP": 10300, "FP": 1103, "TN": 11798, "FN": 2601, "precision": 0.9032710690169253, "recall": 0.7983877218820247, "accuracy": 0.8564452368033486, "f1": 0.847597103357472, "negative_accuracy": 0.9145027517246725, "balanced_accuracy": 0.8564452368033486, "AUC": 0.9347470049427649, "CI_95.0": [0.931861092463753, 0.9376329174217767]}