{"model": "transformer_e64_2_d3_10", "dataset": "h103_max_balanced_0_1_1", "congress": "103", "chamber": "House", "style": "max_balanced_0_1_1", "split": "train", "n": 28186, "TP": 12870, "FP": 1548, "TN": 12545, "FN": 1223, "precision": 0.8926342072409488, "recall": 0.9132193287447669, "accuracy": 0.9016887816646562, "f1": 0.9028094419697659, "negative_accuracy": 0.8901582345845456, "balanced_accuracy": 0.9016887816646562, "AUC": 0.9691476850500091, "CI_95.0": [0.9674700764932677, 0.9708252936067506]}