{"model": "transformer_e64_2_d3_10", "dataset": "h114_max_balanced_0_1_1", "congress": "114", "chamber": "House", "style": "max_balanced_0_1_1", "split": "train", "n": 18990, "TP": 7947, "FP": 529, "TN": 8966, "FN": 1548, "precision": 0.9375884851344974, "recall": 0.8369668246445497, "accuracy": 0.8906266456029489, "f1": 0.8844249067942797, "negative_accuracy": 0.9442864665613481, "balanced_accuracy": 0.8906266456029489, "AUC": 0.9665385595533915, "CI_95.0": [0.9644232061585197, 0.9686539129482633]}