{"model": "transformer_e64_2_d3_10", "dataset": "h106_max_balanced_0_1_1", "congress": "106", "chamber": "House", "style": "max_balanced_0_1_1", "split": "train", "n": 27700, "TP": 12457, "FP": 815, "TN": 13035, "FN": 1393, "precision": 0.9385925256178421, "recall": 0.8994223826714801, "accuracy": 0.9202888086642599, "f1": 0.9185900744782833, "negative_accuracy": 0.9411552346570398, "balanced_accuracy": 0.92028880866426, "AUC": 0.9808106713237497, "CI_95.0": [0.9795830086197266, 0.9820383340277727]}