{"model": "transformer_e64_2_d3_10", "dataset": "h100_max_balanced_0_1_1", "congress": "100", "chamber": "House", "style": "max_balanced_0_1_1", "split": "train", "n": 26218, "TP": 9969, "FP": 855, "TN": 12254, "FN": 3140, "precision": 0.9210088691796009, "recall": 0.7604699061713327, "accuracy": 0.8476237699290564, "f1": 0.8330756695775708, "negative_accuracy": 0.9347776336867801, "balanced_accuracy": 0.8476237699290564, "AUC": 0.9420093170577654, "CI_95.0": [0.9394203778426842, 0.9445982562728465]}