{"model": "transformer_e64_2_d3_10", "dataset": "h112_max_balanced_0_1_1", "congress": "112", "chamber": "House", "style": "max_balanced_0_1_1", "split": "train", "n": 26090, "TP": 10841, "FP": 1542, "TN": 11503, "FN": 2204, "precision": 0.8754744407655657, "recall": 0.8310463779225757, "accuracy": 0.8564200843234956, "f1": 0.8526820827434324, "negative_accuracy": 0.8817937907244154, "balanced_accuracy": 0.8564200843234956, "AUC": 0.9369533505874423, "CI_95.0": [0.9342486895941653, 0.9396580115807194]}