{"model": "transformer_e64_2_d3_10", "dataset": "h109_max_balanced_0_1_1", "congress": "109", "chamber": "House", "style": "max_balanced_0_1_1", "split": "train", "n": 25802, "TP": 10424, "FP": 1124, "TN": 11777, "FN": 2477, "precision": 0.9026671285071008, "recall": 0.8079993798930315, "accuracy": 0.8604371754127587, "f1": 0.852713812425866, "negative_accuracy": 0.9128749709324858, "balanced_accuracy": 0.8604371754127587, "AUC": 0.9426424336432282, "CI_95.0": [0.9400321478730823, 0.9452527194133741]}