{"model": "transformer_e64_2_d3_10", "dataset": "h097_max_balanced_0_1_1", "congress": "097", "chamber": "House", "style": "max_balanced_0_1_1", "split": "train", "n": 23038, "TP": 7857, "FP": 1018, "TN": 10501, "FN": 3662, "precision": 0.8852957746478873, "recall": 0.6820904592412536, "accuracy": 0.7968573660908065, "f1": 0.7705207413945279, "negative_accuracy": 0.9116242729403594, "balanced_accuracy": 0.7968573660908065, "AUC": 0.8992378633561036, "CI_95.0": [0.8954004775723989, 0.9030752491398082]}