{"model": "models.mnnb", "dataset": "h106", "split": "train", "n": 4000, "TP": 1505, "FP": 543, "TN": 1457, "FN": 495, "precision": 0.73486328125, "recall": 0.7525, "accuracy": 0.7405, "f1": 0.7435770750988141, "negative_accuracy": 0.7285, "balanced_accuracy": 0.7404999999999999, "AUC": 0.7405, "CI_95.0": [0.7269170180800996, 0.7540829819199005]}