{"model": "mnnb", "dataset": "h100_max_balanced_0", "split": "train", "n": 26218, "TP": 7743, "FP": 3761, "TN": 9348, "FN": 5366, "precision": 0.6730702364394993, "recall": 0.5906629033488443, "accuracy": 0.6518803875200244, "f1": 0.6291797017836103, "negative_accuracy": 0.7130978716912045, "balanced_accuracy": 0.6518803875200244, "AUC": 0.6518803875200244, "CI_95.0": [0.6461616896562251, 0.6575990853838237]}