{"model": "mnnb", "dataset": "h112_max_balanced_0", "split": "train", "n": 26090, "TP": 8796, "FP": 2469, "TN": 10576, "FN": 4249, "precision": 0.7808255659121172, "recall": 0.6742813338443848, "accuracy": 0.7425067075507857, "f1": 0.7236528177704648, "negative_accuracy": 0.8107320812571867, "balanced_accuracy": 0.7425067075507857, "AUC": 0.7425067075507858, "CI_95.0": [0.7372657723567806, 0.7477476427447911]}