{"model": "models.mnnb", "dataset": "h114", "split": "train", "n": 4000, "TP": 1549, "FP": 474, "TN": 1526, "FN": 451, "precision": 0.7656945130993574, "recall": 0.7745, "accuracy": 0.76875, "f1": 0.7700720855083272, "negative_accuracy": 0.763, "balanced_accuracy": 0.76875, "AUC": 0.7687499999999999, "CI_95.0": [0.7556816805471793, 0.7818183194528205]}