{"model": "mnnb", "dataset": "h109_max_balanced_0", "split": "train", "n": 25802, "TP": 8546, "FP": 2048, "TN": 10853, "FN": 4355, "precision": 0.8066830281291297, "recall": 0.662429269048911, "accuracy": 0.751840942562592, "f1": 0.7274739306235369, "negative_accuracy": 0.8412526160762731, "balanced_accuracy": 0.751840942562592, "AUC": 0.751840942562592, "CI_95.0": [0.7466844225795478, 0.7569974625456363]}