{"model": "models.mnnb", "dataset": "h109", "split": "train", "n": 4000, "TP": 1539, "FP": 489, "TN": 1511, "FN": 461, "precision": 0.7588757396449705, "recall": 0.7695, "accuracy": 0.7625, "f1": 0.7641509433962265, "negative_accuracy": 0.7555, "balanced_accuracy": 0.7625, "AUC": 0.7625000000000001, "CI_95.0": [0.7493107632540797, 0.7756892367459204]}