{"model": "lstm_glove", "dataset": "h114_bayram_1_1", "congress": "114", "chamber": "House", "bayram_1_1": "style", "split": "train", "n": 4000, "TP": 1944, "FP": 78, "TN": 1922, "FN": 56, "precision": 0.9614243323442137, "recall": 0.972, "accuracy": 0.9665, "f1": 0.9666832421680756, "negative_accuracy": 0.961, "balanced_accuracy": 0.9664999999999999, "AUC": 0.994166, "CI_95.0": [0.9924051358121149, 0.9959268641878851]}