{"model": "lstm_glove", "dataset": "h112_bayram_1_1", "congress": "112", "chamber": "House", "bayram_1_1": "style", "split": "train", "n": 4000, "TP": 1868, "FP": 62, "TN": 1938, "FN": 132, "precision": 0.9678756476683937, "recall": 0.934, "accuracy": 0.9515, "f1": 0.9506361323155217, "negative_accuracy": 0.969, "balanced_accuracy": 0.9515, "AUC": 0.9902810000000001, "CI_95.0": [0.9880571746021238, 0.9925048253978763]}