{"model": "lstm_glove", "dataset": "h100_bayram", "congress": "100", "chamber": "House", "bayram": "style", "split": "train", "n": 4000, "TP": 1416, "FP": 1137, "TN": 863, "FN": 584, "precision": 0.554641598119859, "recall": 0.708, "accuracy": 0.56975, "f1": 0.6220074676037778, "negative_accuracy": 0.4315, "balanced_accuracy": 0.56975, "AUC": 0.6171555000000001, "CI_95.0": [0.5998984678322048, 0.6344125321677954]}