{"model": "lstm_glove", "dataset": "h109_bayram", "congress": "109", "chamber": "House", "bayram": "style", "split": "train", "n": 4000, "TP": 1219, "FP": 797, "TN": 1203, "FN": 781, "precision": 0.6046626984126984, "recall": 0.6095, "accuracy": 0.6055, "f1": 0.6070717131474104, "negative_accuracy": 0.6015, "balanced_accuracy": 0.6055, "AUC": 0.6564262500000001, "CI_95.0": [0.6396837208072769, 0.6731687791927233]}