{"model": "lstm_glove", "dataset": "h103_bayram_1_1", "congress": "103", "chamber": "House", "bayram_1_1": "style", "split": "train", "n": 4000, "TP": 1765, "FP": 427, "TN": 1573, "FN": 235, "precision": 0.8052007299270073, "recall": 0.8825, "accuracy": 0.8345, "f1": 0.8420801526717557, "negative_accuracy": 0.7865, "balanced_accuracy": 0.8345, "AUC": 0.918422, "CI_95.0": [0.9100890020972578, 0.9267549979027421]}