{"model": "lstm_glove", "dataset": "h106_bayram", "congress": "106", "chamber": "House", "bayram": "style", "split": "train", "n": 4000, "TP": 925, "FP": 529, "TN": 1471, "FN": 1075, "precision": 0.6361760660247593, "recall": 0.4625, "accuracy": 0.599, "f1": 0.5356108859293573, "negative_accuracy": 0.7355, "balanced_accuracy": 0.599, "AUC": 0.6525182500000001, "CI_95.0": [0.6357128100126508, 0.6693236899873494]}