{"model": "cnn2_avg_drop_128_7_l128_s1_d3_5_e300_glove840_trainable", "dataset": "h100_max_balanced_0_1_1", "congress": "100", "chamber": "House", "style": "max_balanced_0_1_1", "split": "train", "n": 26218, "TP": 12174, "FP": 877, "TN": 12232, "FN": 935, "precision": 0.9328020841314841, "recall": 0.9286749561370051, "accuracy": 0.9308871767487985, "f1": 0.9307339449541284, "negative_accuracy": 0.933099397360592, "balanced_accuracy": 0.9308871767487985, "AUC": 0.983717293753465, "CI_95.0": [0.9825831197142418, 0.9848514677926881]}