{"model": "cnn2_avg_drop_128_7_l128_s1_d3_5_e300_glove840_trainable", "dataset": "h112_max_balanced_0_1_1", "congress": "112", "chamber": "House", "style": "max_balanced_0_1_1", "split": "train", "n": 26090, "TP": 12268, "FP": 940, "TN": 12105, "FN": 777, "precision": 0.9288310115081768, "recall": 0.940436949022614, "accuracy": 0.9341893445764661, "f1": 0.9345979507103951, "negative_accuracy": 0.9279417401303182, "balanced_accuracy": 0.9341893445764661, "AUC": 0.9855293077695937, "CI_95.0": [0.984499740834996, 0.9865588747041913]}