{"model": "cnn2_avg_drop_128_7_l128_s1_d3_5_e300_glove840_trainable", "dataset": "h109_max_balanced_0_1_1", "congress": "109", "chamber": "House", "style": "max_balanced_0_1_1", "split": "train", "n": 25802, "TP": 11148, "FP": 584, "TN": 12317, "FN": 1753, "precision": 0.9502216160927378, "recall": 0.8641190605379427, "accuracy": 0.9094256259204713, "f1": 0.9051272682986239, "negative_accuracy": 0.9547321913029998, "balanced_accuracy": 0.9094256259204713, "AUC": 0.9759431686215156, "CI_95.0": [0.9744612311768389, 0.9774251060661924]}