{"model": "cnn2_avg_drop_128_7_l128_s1_d3_5_e300_glove840_trainable", "dataset": "h114_max_balanced_0_1_1", "congress": "114", "chamber": "House", "style": "max_balanced_0_1_1", "split": "train", "n": 18990, "TP": 8903, "FP": 481, "TN": 9014, "FN": 592, "precision": 0.9487425404944586, "recall": 0.9376513954713007, "accuracy": 0.9434965771458662, "f1": 0.9431643625192012, "negative_accuracy": 0.9493417588204318, "balanced_accuracy": 0.9434965771458663, "AUC": 0.9900049608992953, "CI_95.0": [0.9890250385735625, 0.9909848832250282]}