{"model": "cnn2_avg_drop_128_7_l128_s1_d3_5_e300_glove840_trainable", "dataset": "h103_max_balanced_0_1_1", "congress": "103", "chamber": "House", "style": "max_balanced_0_1_1", "split": "train", "n": 28186, "TP": 12998, "FP": 1903, "TN": 12190, "FN": 1095, "precision": 0.8722904503053487, "recall": 0.9223018519832541, "accuracy": 0.8936351380117789, "f1": 0.896599296406153, "negative_accuracy": 0.8649684240403037, "balanced_accuracy": 0.8936351380117789, "AUC": 0.9636711859172675, "CI_95.0": [0.9618030729931241, 0.965539298841411]}