{"model": "cnn2_avg_drop_128_7_l128_s1_d3_5_e300_glove840_trainable", "dataset": "h097_max_balanced_0_1_1", "congress": "097", "chamber": "House", "style": "max_balanced_0_1_1", "split": "train", "n": 23038, "TP": 9218, "FP": 1859, "TN": 9660, "FN": 2301, "precision": 0.8321747765640516, "recall": 0.8002430766559597, "accuracy": 0.8194287698584947, "f1": 0.8158966188705965, "negative_accuracy": 0.8386144630610296, "balanced_accuracy": 0.8194287698584947, "AUC": 0.9060119147293917, "CI_95.0": [0.9023092575518041, 0.9097145719069792]}