{"model": "cnn2_avg_drop_128_7_l128_s1_d3_5_e300_glove840_trainable", "dataset": "h106_max_balanced_0_1_1", "congress": "106", "chamber": "House", "style": "max_balanced_0_1_1", "split": "train", "n": 27700, "TP": 12753, "FP": 1936, "TN": 11914, "FN": 1097, "precision": 0.868200694397168, "recall": 0.9207942238267148, "accuracy": 0.8905054151624548, "f1": 0.8937243771680857, "negative_accuracy": 0.860216606498195, "balanced_accuracy": 0.890505415162455, "AUC": 0.9644790548554003, "CI_95.0": [0.9626612334201695, 0.9662968762906311]}