{"model": "cnn2_a10-4_avg_drop_128_7_l128_s1_d3_5_e300_glove840_trainable", "dataset": "h100_max_balanced_0_1_1", "congress": "100", "chamber": "House", "style": "max_balanced_0_1_1", "split": "train", "n": 26218, "TP": 10846, "FP": 2006, "TN": 11103, "FN": 2263, "precision": 0.843915343915344, "recall": 0.8273705088107407, "accuracy": 0.8371729346250667, "f1": 0.83556103385848, "negative_accuracy": 0.8469753604393928, "balanced_accuracy": 0.8371729346250667, "AUC": 0.922553343015536, "CI_95.0": [0.9194695408975819, 0.9256371451334902]}