{"model": "cnn2_a10-4_avg_drop_128_7_l128_s1_d3_5_e300_glove840_trainable", "dataset": "h097_max_balanced_0_1_1", "congress": "097", "chamber": "House", "style": "max_balanced_0_1_1", "split": "train", "n": 23038, "TP": 10374, "FP": 1627, "TN": 9892, "FN": 1145, "precision": 0.8644279643363053, "recall": 0.9005990103307578, "accuracy": 0.8796770552999392, "f1": 0.8821428571428571, "negative_accuracy": 0.8587551002691206, "balanced_accuracy": 0.8796770552999392, "AUC": 0.9578420660578213, "CI_95.0": [0.9556226210166971, 0.9600615110989454]}