{"model": "cnn2_a10-4_avg_drop_128_7_l128_s1_d3_5_e300_glove840_trainable", "dataset": "h112_max_balanced_0_1_1", "congress": "112", "chamber": "House", "style": "max_balanced_0_1_1", "split": "train", "n": 26090, "TP": 11374, "FP": 1496, "TN": 11549, "FN": 1671, "precision": 0.8837606837606837, "recall": 0.8719049444231506, "accuracy": 0.8786124952088923, "f1": 0.8777927841018714, "negative_accuracy": 0.885320045994634, "balanced_accuracy": 0.8786124952088923, "AUC": 0.9559891204209388, "CI_95.0": [0.9538589188606593, 0.9581193219812182]}