{"model": "cnn2_a10-4_avg_drop_128_7_l128_s1_d3_5_e300_glove840_trainable", "dataset": "h114_max_balanced_0_1_1", "congress": "114", "chamber": "House", "style": "max_balanced_0_1_1", "split": "train", "n": 18990, "TP": 8327, "FP": 657, "TN": 8838, "FN": 1168, "precision": 0.9268699910952805, "recall": 0.8769878883622959, "accuracy": 0.9038967877830437, "f1": 0.9012392445478652, "negative_accuracy": 0.9308056872037914, "balanced_accuracy": 0.9038967877830437, "AUC": 0.9733050209902332, "CI_95.0": [0.9715377399776608, 0.9750723020028056]}