{"model": "cnn2_a10-4_avg_drop_128_7_l128_s1_d3_5_e300_glove840_trainable", "dataset": "h106_max_balanced_0_1_1", "congress": "106", "chamber": "House", "style": "max_balanced_0_1_1", "split": "train", "n": 27700, "TP": 12364, "FP": 1166, "TN": 12684, "FN": 1486, "precision": 0.9138211382113821, "recall": 0.8927075812274369, "accuracy": 0.9042599277978339, "f1": 0.9031409788166546, "negative_accuracy": 0.9158122743682311, "balanced_accuracy": 0.904259927797834, "AUC": 0.97148187256448, "CI_95.0": [0.9699092595467905, 0.9730544855821696]}