{"model": "cnn2_a10-4_avg_drop_128_7_l128_s1_d3_5_e300_glove840_trainable", "dataset": "h109_max_balanced_0_1_1", "congress": "109", "chamber": "House", "style": "max_balanced_0_1_1", "split": "train", "n": 25802, "TP": 12027, "FP": 720, "TN": 12181, "FN": 874, "precision": 0.9435161214403389, "recall": 0.9322533136966127, "accuracy": 0.9382218432679638, "f1": 0.9378509045539614, "negative_accuracy": 0.9441903728393147, "balanced_accuracy": 0.9382218432679637, "AUC": 0.9869362691984762, "CI_95.0": [0.9859544732603682, 0.9879180651365842]}