{"model": "cnn2_a10-4_avg_drop_128_7_l128_s1_d3_5_e300_glove840_trainable", "dataset": "h103_max_balanced_0_1_1", "congress": "103", "chamber": "House", "style": "max_balanced_0_1_1", "split": "train", "n": 28186, "TP": 12522, "FP": 1948, "TN": 12145, "FN": 1571, "precision": 0.8653766413268832, "recall": 0.8885262186901298, "accuracy": 0.8751507840772015, "f1": 0.876798655603403, "negative_accuracy": 0.861775349464273, "balanced_accuracy": 0.8751507840772015, "AUC": 0.9514489482490112, "CI_95.0": [0.9492228658111831, 0.9536750306868392]}