{"model": "models.boost", "dataset": "h114", "split": "train", "n": 4000, "TP": 1686, "FP": 297, "TN": 1703, "FN": 314, "precision": 0.8502269288956127, "recall": 0.843, "accuracy": 0.84725, "f1": 0.8465980416771278, "negative_accuracy": 0.8515, "balanced_accuracy": 0.8472500000000001, "AUC": 0.84725, "CI_95.0": [0.8360995399646016, 0.8584004600353983]}