{"model": "models.boost", "dataset": "h103", "split": "train", "n": 4000, "TP": 1692, "FP": 321, "TN": 1679, "FN": 308, "precision": 0.8405365126676602, "recall": 0.846, "accuracy": 0.84275, "f1": 0.8432594069274857, "negative_accuracy": 0.8395, "balanced_accuracy": 0.84275, "AUC": 0.84275, "CI_95.0": [0.8314662333655336, 0.8540337666344664]}