{"model": "nnmulti2_tanh_hd", "dataset": "h097_max_balanced_0_10_50", "congress": "097", "chamber": "House", "style": "max_balanced_0_10_50", "split": "train", "n": 23038, "TP": 7665, "FP": 2515, "TN": 9004, "FN": 3854, "precision": 0.7529469548133595, "recall": 0.66542234568973, "accuracy": 0.7235437103915271, "f1": 0.7064841697774091, "negative_accuracy": 0.7816650750933241, "balanced_accuracy": 0.723543710391527, "AUC": 0.8022931475741686, "CI_95.0": [0.7967236405458801, 0.8078626546024571]}