{"model": "cnn2_avg_128_7_l128_s1_e300_glove840_not_trainable", "dataset": "h103_max_balanced_0_1_1", "congress": "103", "chamber": "House", "style": "max_balanced_0_1_1", "split": "train", "n": 28186, "TP": 13834, "FP": 426, "TN": 13667, "FN": 259, "precision": 0.9701262272089761, "recall": 0.9816220818846235, "accuracy": 0.9756971546157667, "f1": 0.9758402990865164, "negative_accuracy": 0.9697722273469098, "balanced_accuracy": 0.9756971546157667, "AUC": 0.9977211949879385, "CI_95.0": [0.9973738682267661, 0.998068521749111]}