{"model": "cnn2_avg_128_7_l128_s1_e300_glove840_not_trainable", "dataset": "h112_max_balanced_0_1_1", "congress": "112", "chamber": "House", "style": "max_balanced_0_1_1", "split": "train", "n": 26090, "TP": 11444, "FP": 546, "TN": 12499, "FN": 1601, "precision": 0.9544620517097582, "recall": 0.877270985051744, "accuracy": 0.917707934074358, "f1": 0.9142400639105253, "negative_accuracy": 0.958144883096972, "balanced_accuracy": 0.9177079340743579, "AUC": 0.9793088758272694, "CI_95.0": [0.977986291327787, 0.9806314603267519]}