{"model": "cnn2_avg_128_7_l128_s1_e300_glove840_not_trainable", "dataset": "h106_max_balanced_0_1_1", "congress": "106", "chamber": "House", "style": "max_balanced_0_1_1", "split": "train", "n": 27700, "TP": 12688, "FP": 348, "TN": 13502, "FN": 1162, "precision": 0.9733046946916232, "recall": 0.9161010830324909, "accuracy": 0.9454873646209386, "f1": 0.9438369411589674, "negative_accuracy": 0.9748736462093863, "balanced_accuracy": 0.9454873646209386, "AUC": 0.9916853028190125, "CI_95.0": [0.9909905548847994, 0.9923800507532256]}