{"model": "cnn2_avg_128_7_l128_s1_e300_glove840_not_trainable", "dataset": "h100_max_balanced_0_1_1", "congress": "100", "chamber": "House", "style": "max_balanced_0_1_1", "split": "train", "n": 26218, "TP": 11298, "FP": 1457, "TN": 11652, "FN": 1811, "precision": 0.8857702861622893, "recall": 0.8618506369669693, "accuracy": 0.8753528110458464, "f1": 0.8736467677080111, "negative_accuracy": 0.8888549851247235, "balanced_accuracy": 0.8753528110458464, "AUC": 0.9496849825571322, "CI_95.0": [0.9472755924984754, 0.952094372615789]}