{"model": "cnn2_avg_128_7_l128_s1_e300_glove840_not_trainable", "dataset": "h097_max_balanced_0_1_1", "congress": "097", "chamber": "House", "style": "max_balanced_0_1_1", "split": "train", "n": 23038, "TP": 9973, "FP": 497, "TN": 11022, "FN": 1546, "precision": 0.952531041069723, "recall": 0.8657869606736696, "accuracy": 0.9113204271204097, "f1": 0.9070899085906589, "negative_accuracy": 0.9568538935671499, "balanced_accuracy": 0.9113204271204097, "AUC": 0.9763954119186982, "CI_95.0": [0.9748329676746418, 0.9779578561627545]}