{"model": "cnn2_avg_128_7_l128_s1_e300_glove840_not_trainable", "dataset": "h114_max_balanced_0_1_1", "congress": "114", "chamber": "House", "style": "max_balanced_0_1_1", "split": "train", "n": 18990, "TP": 9012, "FP": 146, "TN": 9349, "FN": 483, "precision": 0.9840576545097183, "recall": 0.94913112164297, "accuracy": 0.9668773038441285, "f1": 0.9662788827534445, "negative_accuracy": 0.984623486045287, "balanced_accuracy": 0.9668773038441285, "AUC": 0.9970907278878798, "CI_95.0": [0.9967120919900325, 0.997469363785727]}