{"model": "cnn2_avg_128_7_l128_s1_e300_glove840_not_trainable", "dataset": "h109_max_balanced_0_1_1", "congress": "109", "chamber": "House", "style": "max_balanced_0_1_1", "split": "train", "n": 25802, "TP": 12225, "FP": 484, "TN": 12417, "FN": 676, "precision": 0.9619167519080967, "recall": 0.9476009611658011, "accuracy": 0.9550422447872258, "f1": 0.9547051932838734, "negative_accuracy": 0.9624835284086505, "balanced_accuracy": 0.9550422447872258, "AUC": 0.992479809076654, "CI_95.0": [0.9917527280327094, 0.9932068901205986]}