{"model": "cnn3_a10-4_avg_drop_128_7_l128_s1_d4_20_e300_glove840_trainable", "dataset": "h106_max_balanced_0_1_1", "congress": "106", "chamber": "House", "style": "max_balanced_0_1_1", "split": "train", "n": 27700, "TP": 12394, "FP": 1525, "TN": 12325, "FN": 1456, "precision": 0.8904375314318558, "recall": 0.8948736462093863, "accuracy": 0.8923826714801444, "f1": 0.8926500774244661, "negative_accuracy": 0.8898916967509025, "balanced_accuracy": 0.8923826714801444, "AUC": 0.9624498950853002, "CI_95.0": [0.9605465129129958, 0.9643532772576047]}