{"model": "cnn3_a10-4_avg_drop_128_7_l128_s1_d4_20_e300_glove840_trainable", "dataset": "h097_max_balanced_0_1_1", "congress": "097", "chamber": "House", "style": "max_balanced_0_1_1", "split": "train", "n": 23038, "TP": 10997, "FP": 346, "TN": 11173, "FN": 522, "precision": 0.9694966058361986, "recall": 0.9546835662817953, "accuracy": 0.9623231183262436, "f1": 0.9620330679730558, "negative_accuracy": 0.969962670370692, "balanced_accuracy": 0.9623231183262436, "AUC": 0.9949414699716577, "CI_95.0": [0.994412665751444, 0.9954702741918713]}