{"model": "cnn3_a10-4_avg_drop_128_7_l128_s1_d4_20_e300_glove840_trainable", "dataset": "h109_max_balanced_0_1_1", "congress": "109", "chamber": "House", "style": "max_balanced_0_1_1", "split": "train", "n": 25802, "TP": 12095, "FP": 932, "TN": 11969, "FN": 806, "precision": 0.9284562831043218, "recall": 0.9375242229284552, "accuracy": 0.9326408805518952, "f1": 0.9329682196852823, "negative_accuracy": 0.9277575381753352, "balanced_accuracy": 0.9326408805518952, "AUC": 0.9844409256635835, "CI_95.0": [0.9833210761047556, 0.9855607752224115]}