{"model": "cnn3_a10-4_avg_drop_128_7_l128_s1_d4_20_e300_glove840_trainable", "dataset": "h103_max_balanced_0_1_1", "congress": "103", "chamber": "House", "style": "max_balanced_0_1_1", "split": "train", "n": 28186, "TP": 13200, "FP": 1441, "TN": 12652, "FN": 893, "precision": 0.9015777610818934, "recall": 0.9366352089689917, "accuracy": 0.9171929326616051, "f1": 0.9187721862601796, "negative_accuracy": 0.8977506563542184, "balanced_accuracy": 0.9171929326616051, "AUC": 0.977292858623521, "CI_95.0": [0.9759242624778073, 0.9786614547692347]}