{"model": "cnn3_a10-4_avg_drop_128_7_l128_s1_d4_20_e300_glove840_trainable", "dataset": "h100_max_balanced_0_1_1", "congress": "100", "chamber": "House", "style": "max_balanced_0_1_1", "split": "train", "n": 26218, "TP": 11655, "FP": 1722, "TN": 11387, "FN": 1454, "precision": 0.8712715855572999, "recall": 0.88908383553284, "accuracy": 0.878861850636967, "f1": 0.880087593445594, "negative_accuracy": 0.8686398657410939, "balanced_accuracy": 0.878861850636967, "AUC": 0.9550638487517776, "CI_95.0": [0.9528626264225203, 0.957265071081035]}