{"model": "cnn3_a10-4_avg_drop_128_7_l128_s1_d4_20_e300_glove840_trainable", "dataset": "h112_max_balanced_0_1_1", "congress": "112", "chamber": "House", "style": "max_balanced_0_1_1", "split": "train", "n": 26090, "TP": 11856, "FP": 1429, "TN": 11616, "FN": 1189, "precision": 0.8924350771546857, "recall": 0.908853967037179, "accuracy": 0.8996550402453047, "f1": 0.9005696923661223, "negative_accuracy": 0.8904561134534305, "balanced_accuracy": 0.8996550402453047, "AUC": 0.9686428571323638, "CI_95.0": [0.966939319762337, 0.9703463945023905]}