{"model": "cnn3_a10-4_avg_drop_128_7_l128_s1_d4_20_e300_glove840_trainable", "dataset": "h114_max_balanced_0_1_1", "congress": "114", "chamber": "House", "style": "max_balanced_0_1_1", "split": "train", "n": 18990, "TP": 8140, "FP": 764, "TN": 8731, "FN": 1355, "precision": 0.9141958670260557, "recall": 0.8572933122696156, "accuracy": 0.8884149552395998, "f1": 0.8848306973205065, "negative_accuracy": 0.919536598209584, "balanced_accuracy": 0.8884149552395998, "AUC": 0.9626043140690161, "CI_95.0": [0.9603595928296706, 0.9648490353083616]}