{"model": "lstm_drop", "dataset": "h114_bayram_1_1", "congress": "114", "chamber": "House", "bayram_1_1": "style", "split": "train", "n": 4000, "TP": 1985, "FP": 29, "TN": 1971, "FN": 15, "precision": 0.9856007944389275, "recall": 0.9925, "accuracy": 0.989, "f1": 0.98903836571998, "negative_accuracy": 0.9855, "balanced_accuracy": 0.9890000000000001, "AUC": 0.9993452500000001, "CI_95.0": [0.9989604360069545, 0.9997300639930456]}