{"model": "lstm_drop", "dataset": "h112_bayram_1_1", "congress": "112", "chamber": "House", "bayram_1_1": "style", "split": "train", "n": 4000, "TP": 1782, "FP": 147, "TN": 1853, "FN": 218, "precision": 0.9237947122861586, "recall": 0.891, "accuracy": 0.90875, "f1": 0.9071010435225249, "negative_accuracy": 0.9265, "balanced_accuracy": 0.90875, "AUC": 0.971655, "CI_95.0": [0.9673319644307097, 0.9759780355692904]}