{"model": "lstm_drop", "dataset": "h100_bayram_1_1", "congress": "100", "chamber": "House", "bayram_1_1": "style", "split": "train", "n": 4000, "TP": 1539, "FP": 334, "TN": 1666, "FN": 461, "precision": 0.8216764548852109, "recall": 0.7695, "accuracy": 0.80125, "f1": 0.7947327652982185, "negative_accuracy": 0.833, "balanced_accuracy": 0.80125, "AUC": 0.8934743749999999, "CI_95.0": [0.8839540802498111, 0.9029946697501887]}