{"model": "lstm_drop", "dataset": "h109_bayram_1_1", "congress": "109", "chamber": "House", "bayram_1_1": "style", "split": "train", "n": 4000, "TP": 1933, "FP": 132, "TN": 1868, "FN": 67, "precision": 0.9360774818401937, "recall": 0.9665, "accuracy": 0.95025, "f1": 0.9510455104551045, "negative_accuracy": 0.934, "balanced_accuracy": 0.95025, "AUC": 0.9920854999999998, "CI_95.0": [0.9901523257466293, 0.9940186742533704]}