{"model": "lstm_drop", "dataset": "h097_bayram_1_1", "congress": "097", "chamber": "House", "bayram_1_1": "style", "split": "train", "n": 4000, "TP": 1885, "FP": 89, "TN": 1911, "FN": 115, "precision": 0.9549138804457954, "recall": 0.9425, "accuracy": 0.949, "f1": 0.9486663311524912, "negative_accuracy": 0.9555, "balanced_accuracy": 0.9490000000000001, "AUC": 0.9885645, "CI_95.0": [0.9860894519819279, 0.991039548018072]}