{"model": "lstm_drop", "dataset": "h103_bayram_1_1", "congress": "103", "chamber": "House", "bayram_1_1": "style", "split": "train", "n": 4000, "TP": 1762, "FP": 272, "TN": 1728, "FN": 238, "precision": 0.8662733529990168, "recall": 0.881, "accuracy": 0.8725, "f1": 0.8735746157659892, "negative_accuracy": 0.864, "balanced_accuracy": 0.8725, "AUC": 0.94561525, "CI_95.0": [0.9390747754066479, 0.9521557245933522]}