{"model": "lstm_drop", "dataset": "h106_bayram_1_1", "congress": "106", "chamber": "House", "bayram_1_1": "style", "split": "train", "n": 4000, "TP": 1254, "FP": 599, "TN": 1401, "FN": 746, "precision": 0.6767404209390178, "recall": 0.627, "accuracy": 0.66375, "f1": 0.650921359979237, "negative_accuracy": 0.7005, "balanced_accuracy": 0.6637500000000001, "AUC": 0.7234181249999999, "CI_95.0": [0.7077610798309565, 0.7390751701690433]}