{"model": "cnn2_128_7_e128_s1_d2_95", "dataset": "h103_bayram_1_1", "congress": "103", "chamber": "House", "style": "bayram_1_1", "split": "train", "n": 4000, "TP": 1894, "FP": 309, "TN": 1691, "FN": 106, "precision": 0.8597367226509306, "recall": 0.947, "accuracy": 0.89625, "f1": 0.90126100404473, "negative_accuracy": 0.8455, "balanced_accuracy": 0.89625, "AUC": 0.9636913750000001, "CI_95.0": [0.9585329604126844, 0.9688497895873158]}