{"model": "cnn2_128_7_e128_s1_d2_95", "dataset": "h100_bayram_1_1", "congress": "100", "chamber": "House", "style": "bayram_1_1", "split": "train", "n": 4000, "TP": 739, "FP": 418, "TN": 1582, "FN": 1261, "precision": 0.6387208297320657, "recall": 0.3695, "accuracy": 0.58025, "f1": 0.4681659803611023, "negative_accuracy": 0.791, "balanced_accuracy": 0.58025, "AUC": 0.635207875, "CI_95.0": [0.6181712210879954, 0.6522445289120046]}