{"model": "cnn2_128_7_e128_s1_d2_95", "dataset": "h114_bayram_1_1", "congress": "114", "chamber": "House", "style": "bayram_1_1", "split": "train", "n": 4000, "TP": 1815, "FP": 84, "TN": 1916, "FN": 185, "precision": 0.9557661927330173, "recall": 0.9075, "accuracy": 0.93275, "f1": 0.9310079507566041, "negative_accuracy": 0.958, "balanced_accuracy": 0.93275, "AUC": 0.9813554999999999, "CI_95.0": [0.9779038012212267, 0.9848071987787732]}