{"model": "cnn2_128_7_e128_s1_d2_95", "dataset": "h106_bayram_1_1", "congress": "106", "chamber": "House", "style": "bayram_1_1", "split": "train", "n": 4000, "TP": 1995, "FP": 5, "TN": 1995, "FN": 5, "precision": 0.9975, "recall": 0.9975, "accuracy": 0.9975, "f1": 0.9975, "negative_accuracy": 0.9975, "balanced_accuracy": 0.9975, "AUC": 0.9999355, "CI_95.0": [0.9998510503849537, 1.0]}