{"model": "models.svm", "dataset": "h114", "split": "train", "n": 4000, "TP": 1844, "FP": 130, "TN": 1870, "FN": 156, "precision": 0.9341438703140831, "recall": 0.922, "accuracy": 0.9285, "f1": 0.9280322093608455, "negative_accuracy": 0.935, "balanced_accuracy": 0.9285000000000001, "AUC": 0.9776831250000001, "CI_95.0": [0.9733972171242242, 0.981969032875776]}