{"model": "models.svm", "dataset": "h100", "split": "train", "n": 4000, "TP": 1807, "FP": 194, "TN": 1806, "FN": 193, "precision": 0.9030484757621189, "recall": 0.9035, "accuracy": 0.90325, "f1": 0.9032741814546363, "negative_accuracy": 0.903, "balanced_accuracy": 0.90325, "AUC": 0.9668344999999999, "CI_95.0": [0.9621291584516374, 0.9715398415483625]}