{"model": "cnn2_avg_drop_128_7_l128_s1_d3_10_e300_glove_not_trainable", "dataset": "h106_max_balanced_0_1_1", "congress": "106", "chamber": "House", "style": "max_balanced_0_1_1", "split": "train", "n": 27700, "TP": 12963, "FP": 910, "TN": 12940, "FN": 887, "precision": 0.9344049592734088, "recall": 0.935956678700361, "accuracy": 0.9351263537906137, "f1": 0.9351801753057029, "negative_accuracy": 0.9342960288808664, "balanced_accuracy": 0.9351263537906137, "AUC": 0.9861952508178133, "CI_95.0": [0.9852191766849047, 0.987171324950722]}