{"model": "cnn2_avg_drop_128_7_l128_s1_d3_10_e300_glove_not_trainable", "dataset": "h100_max_balanced_0_1_1", "congress": "100", "chamber": "House", "style": "max_balanced_0_1_1", "split": "train", "n": 26218, "TP": 10448, "FP": 2508, "TN": 10601, "FN": 2661, "precision": 0.806421735103427, "recall": 0.7970096880006102, "accuracy": 0.8028453734075826, "f1": 0.8016880874736236, "negative_accuracy": 0.8086810588145549, "balanced_accuracy": 0.8028453734075826, "AUC": 0.8900147219705544, "CI_95.0": [0.8862196327698099, 0.893809811171299]}