{"model": "cnn2_avg_drop_128_7_l128_s1_d3_10_e300_glove_not_trainable", "dataset": "h109_max_balanced_0_1_1", "congress": "109", "chamber": "House", "style": "max_balanced_0_1_1", "split": "train", "n": 25802, "TP": 11456, "FP": 422, "TN": 12479, "FN": 1445, "precision": 0.9644721333557839, "recall": 0.887993178823347, "accuracy": 0.9276412681187505, "f1": 0.924653940836999, "negative_accuracy": 0.9672893574141539, "balanced_accuracy": 0.9276412681187505, "AUC": 0.9863991131331171, "CI_95.0": [0.9853699320058973, 0.987428294260337]}