{"model": "cnn2_avg_drop_128_7_l128_s1_d3_10_e300_glove_not_trainable", "dataset": "h103_max_balanced_0_1_1", "congress": "103", "chamber": "House", "style": "max_balanced_0_1_1", "split": "train", "n": 28186, "TP": 12626, "FP": 2102, "TN": 11991, "FN": 1467, "precision": 0.8572786529060293, "recall": 0.8959057688214007, "accuracy": 0.8733768537571844, "f1": 0.8761666840151279, "negative_accuracy": 0.8508479386929682, "balanced_accuracy": 0.8733768537571844, "AUC": 0.9488977134583205, "CI_95.0": [0.9465579655119205, 0.9512374614047205]}