{"model": "cnn2_avg_drop_128_7_l128_s1_d3_10_e300_glove_not_trainable", "dataset": "h112_max_balanced_0_1_1", "congress": "112", "chamber": "House", "style": "max_balanced_0_1_1", "split": "train", "n": 26090, "TP": 12573, "FP": 323, "TN": 12722, "FN": 472, "precision": 0.9749534739454094, "recall": 0.9638175546186278, "accuracy": 0.9695285550019165, "f1": 0.9693535330172314, "negative_accuracy": 0.975239555385205, "balanced_accuracy": 0.9695285550019164, "AUC": 0.9971445130302705, "CI_95.0": [0.9968368374062714, 0.9974521886542697]}