{"model": "cnn2_avg_drop_128_7_l128_s1_d3_10_e300_glove_not_trainable", "dataset": "h097_max_balanced_0_1_1", "congress": "097", "chamber": "House", "style": "max_balanced_0_1_1", "split": "train", "n": 23038, "TP": 9158, "FP": 1574, "TN": 9945, "FN": 2361, "precision": 0.8533358181140515, "recall": 0.7950342911711086, "accuracy": 0.8291952426425905, "f1": 0.823154015549863, "negative_accuracy": 0.8633561941140724, "balanced_accuracy": 0.8291952426425905, "AUC": 0.9158253249154604, "CI_95.0": [0.9123145975732657, 0.9193360522576551]}