{"model": "cnn2_avg_drop_128_7_l128_s1_d3_10_e300_glove_not_trainable", "dataset": "h114_max_balanced_0_1_1", "congress": "114", "chamber": "House", "style": "max_balanced_0_1_1", "split": "train", "n": 18990, "TP": 9008, "FP": 112, "TN": 9383, "FN": 487, "precision": 0.987719298245614, "recall": 0.9487098472880463, "accuracy": 0.9684570826750921, "f1": 0.9678216492076283, "negative_accuracy": 0.9882043180621379, "balanced_accuracy": 0.9684570826750921, "AUC": 0.9973705070793337, "CI_95.0": [0.9970237741501526, 0.9977172400085148]}