{"model": "cnn2_avg_drop_128_7_l128_s1_d3_10_e256", "dataset": "h097_max_balanced_0_1_1", "congress": "097", "chamber": "House", "style": "max_balanced_0_1_1", "split": "train", "n": 23038, "TP": 9509, "FP": 695, "TN": 10824, "FN": 2010, "precision": 0.9318894551156409, "recall": 0.8255056862574877, "accuracy": 0.8825852938623144, "f1": 0.8754776043824518, "negative_accuracy": 0.9396649014671412, "balanced_accuracy": 0.8825852938623144, "AUC": 0.9620268127873914, "CI_95.0": [0.9599606607323039, 0.964092964842479]}