{"model": "cnn2_avg_drop_128_7_l128_s1_d3_10_e256", "dataset": "h114_max_balanced_0_1_1", "congress": "114", "chamber": "House", "style": "max_balanced_0_1_1", "split": "train", "n": 18990, "TP": 8628, "FP": 437, "TN": 9058, "FN": 867, "precision": 0.9517926089354661, "recall": 0.9086887835703001, "accuracy": 0.9313322801474461, "f1": 0.929741379310345, "negative_accuracy": 0.9539757767245919, "balanced_accuracy": 0.931332280147446, "AUC": 0.9853827670726063, "CI_95.0": [0.9842222947673429, 0.9865432393778697]}