{"model": "cnn2_avg_drop_128_7_l128_s1_d3_10_e256", "dataset": "h100_max_balanced_0_1_1", "congress": "100", "chamber": "House", "style": "max_balanced_0_1_1", "split": "train", "n": 26218, "TP": 11999, "FP": 828, "TN": 12281, "FN": 1110, "precision": 0.9354486629765338, "recall": 0.9153253489968723, "accuracy": 0.9260813181783507, "f1": 0.9252776064157927, "negative_accuracy": 0.9368372873598291, "balanced_accuracy": 0.9260813181783507, "AUC": 0.9817779833780246, "CI_95.0": [0.9805600820820288, 0.9829958846740203]}