{"model": "cnn2_avg_drop_128_7_l128_s1_d3_10_e256", "dataset": "h106_max_balanced_0_1_1", "congress": "106", "chamber": "House", "style": "max_balanced_0_1_1", "split": "train", "n": 27700, "TP": 12744, "FP": 822, "TN": 13028, "FN": 1106, "precision": 0.9394073418841221, "recall": 0.92014440433213, "accuracy": 0.9303971119133574, "f1": 0.9296761015465421, "negative_accuracy": 0.9406498194945848, "balanced_accuracy": 0.9303971119133574, "AUC": 0.9844581579324636, "CI_95.0": [0.9834126002660368, 0.9855037155988904]}