{"model": "cnn2_avg_drop_128_7_l128_s1_d3_10_e256", "dataset": "h112_max_balanced_0_1_1", "congress": "112", "chamber": "House", "style": "max_balanced_0_1_1", "split": "train", "n": 26090, "TP": 12458, "FP": 421, "TN": 12624, "FN": 587, "precision": 0.9673111266402671, "recall": 0.9550019164430816, "accuracy": 0.961364507474128, "f1": 0.9611171115568584, "negative_accuracy": 0.9677270985051744, "balanced_accuracy": 0.9613645074741279, "AUC": 0.9956828391740651, "CI_95.0": [0.9952665329653867, 0.9960991453827435]}