{"model": "cnn2_avg_drop_128_7_l128_s1_d3_10_e256", "dataset": "h109_max_balanced_0_1_1", "congress": "109", "chamber": "House", "style": "max_balanced_0_1_1", "split": "train", "n": 25802, "TP": 12199, "FP": 622, "TN": 12279, "FN": 702, "precision": 0.9514858435379455, "recall": 0.9455856135183319, "accuracy": 0.9486861483605922, "f1": 0.9485265531451675, "negative_accuracy": 0.9517866832028525, "balanced_accuracy": 0.9486861483605922, "AUC": 0.9906199177663706, "CI_95.0": [0.9898222950444377, 0.9914175404883034]}