{"model": "cnn2_avg_drop_128_7_l128_s1_d3_10_e256", "dataset": "h103_max_balanced_0_1_1", "congress": "103", "chamber": "House", "style": "max_balanced_0_1_1", "split": "train", "n": 28186, "TP": 13243, "FP": 2473, "TN": 11620, "FN": 850, "precision": 0.8426444387884958, "recall": 0.9396863691194209, "accuracy": 0.8821045909316682, "f1": 0.8885236002549565, "negative_accuracy": 0.8245228127439154, "balanced_accuracy": 0.8821045909316682, "AUC": 0.9608029471476414, "CI_95.0": [0.9588544329220119, 0.9627514613732708]}