{"model": "logistic_sig", "dataset": "h112_bayram", "congress": "112", "chamber": "House", "bayram": "style", "split": "train", "n": 4000, "TP": 1933, "FP": 46, "TN": 1954, "FN": 67, "precision": 0.976755937342092, "recall": 0.9665, "accuracy": 0.97175, "f1": 0.9716009047499371, "negative_accuracy": 0.977, "balanced_accuracy": 0.97175, "AUC": 0.9963515, "CI_95.0": [0.9951808046210168, 0.9975221953789831]}