{"model": "logistic_sig", "dataset": "h114_bayram", "congress": "114", "chamber": "House", "bayram": "style", "split": "train", "n": 4000, "TP": 1706, "FP": 173, "TN": 1827, "FN": 294, "precision": 0.9079297498669505, "recall": 0.853, "accuracy": 0.88325, "f1": 0.8796081464294921, "negative_accuracy": 0.9135, "balanced_accuracy": 0.88325, "AUC": 0.9555287499999999, "CI_95.0": [0.9498285431656642, 0.9612289568343356]}