{"model": "cnn3_avg_drop_128_7_l64_s1_d4_20_e300_glove840_trainable", "dataset": "h109_max_balanced_0_1_1", "congress": "109", "chamber": "House", "style": "max_balanced_0_1_1", "split": "train", "n": 25802, "TP": 11548, "FP": 1022, "TN": 11879, "FN": 1353, "precision": 0.9186953062848051, "recall": 0.8951244089605457, "accuracy": 0.9079528718703976, "f1": 0.9067567037022497, "negative_accuracy": 0.9207813347802496, "balanced_accuracy": 0.9079528718703976, "AUC": 0.9719040106040646, "CI_95.0": [0.9702691318012654, 0.9735388894068638]}