{"model": "cnn3_avg_drop_128_7_l64_s1_d4_20_e300_glove840_trainable", "dataset": "h103_max_balanced_0_1_1", "congress": "103", "chamber": "House", "style": "max_balanced_0_1_1", "split": "train", "n": 28186, "TP": 13203, "FP": 970, "TN": 13123, "FN": 890, "precision": 0.9315600084668031, "recall": 0.9368480806073938, "accuracy": 0.9340097920953665, "f1": 0.9341965612396519, "negative_accuracy": 0.9311715035833392, "balanced_accuracy": 0.9340097920953665, "AUC": 0.9850254275597523, "CI_95.0": [0.9840011016367103, 0.9860497534827943]}