{"model": "cnn3_avg_drop_128_7_l64_s1_d4_20_e300_glove840_trainable", "dataset": "h106_max_balanced_0_1_1", "congress": "106", "chamber": "House", "style": "max_balanced_0_1_1", "split": "train", "n": 27700, "TP": 12782, "FP": 1000, "TN": 12850, "FN": 1068, "precision": 0.9274415904803367, "recall": 0.9228880866425992, "accuracy": 0.9253429602888087, "f1": 0.9251592356687899, "negative_accuracy": 0.927797833935018, "balanced_accuracy": 0.9253429602888086, "AUC": 0.9825125180831238, "CI_95.0": [0.9813955290756705, 0.9836295070905771]}