{"model": "cnn3_avg_drop_128_7_l64_s1_d4_20_e300_glove840_trainable", "dataset": "h100_max_balanced_0_1_1", "congress": "100", "chamber": "House", "style": "max_balanced_0_1_1", "split": "train", "n": 26218, "TP": 12006, "FP": 873, "TN": 12236, "FN": 1103, "precision": 0.9322152341020266, "recall": 0.9158593332824777, "accuracy": 0.9246319322602792, "f1": 0.9239649068800985, "negative_accuracy": 0.9334045312380808, "balanced_accuracy": 0.9246319322602792, "AUC": 0.9811647071133466, "CI_95.0": [0.9799317090581051, 0.982397705168588]}