{"model": "cnn3_avg_drop_128_7_l64_s1_d4_20_e300_glove840_trainable", "dataset": "h114_max_balanced_0_1_1", "congress": "114", "chamber": "House", "style": "max_balanced_0_1_1", "split": "train", "n": 18990, "TP": 8706, "FP": 752, "TN": 8743, "FN": 789, "precision": 0.9204905899767393, "recall": 0.9169036334913112, "accuracy": 0.9188520273828331, "f1": 0.9186936105102095, "negative_accuracy": 0.9208004212743549, "balanced_accuracy": 0.9188520273828331, "AUC": 0.9810057952953815, "CI_95.0": [0.979576723051076, 0.9824348675396869]}