{"model": "cnn3_avg_drop_128_7_l64_s1_d4_20_e300_glove840_trainable", "dataset": "h112_max_balanced_0_1_1", "congress": "112", "chamber": "House", "style": "max_balanced_0_1_1", "split": "train", "n": 26090, "TP": 12016, "FP": 856, "TN": 12189, "FN": 1029, "precision": 0.9334990677439403, "recall": 0.9211192027596781, "accuracy": 0.9277500958221541, "f1": 0.9272678164911061, "negative_accuracy": 0.9343809888846302, "balanced_accuracy": 0.9277500958221541, "AUC": 0.9828858503623026, "CI_95.0": [0.981747125091578, 0.9840245756330271]}