{"model": "cnn3_avg_drop_128_7_l64_s1_d4_20_e300_glove840_trainable", "dataset": "h097_max_balanced_0_1_1", "congress": "097", "chamber": "House", "style": "max_balanced_0_1_1", "split": "train", "n": 23038, "TP": 8320, "FP": 1936, "TN": 9583, "FN": 3199, "precision": 0.8112324492979719, "recall": 0.7222849205660213, "accuracy": 0.7771073877940794, "f1": 0.7641791044776118, "negative_accuracy": 0.8319298550221373, "balanced_accuracy": 0.7771073877940793, "AUC": 0.8649107581542752, "CI_95.0": [0.8603646951583015, 0.8694568211502489]}