{"model": "lstm_drop_128_l350", "dataset": "h103_bayram_1_1", "congress": "103", "chamber": "House", "bayram_1_1": "style", "split": "train", "n": 4000, "TP": 712, "FP": 218, "TN": 1782, "FN": 1288, "precision": 0.7655913978494624, "recall": 0.356, "accuracy": 0.6235, "f1": 0.48600682593856664, "negative_accuracy": 0.891, "balanced_accuracy": 0.6234999999999999, "AUC": 0.8069868750000001, "CI_95.0": [0.7935185103036854, 0.8204552396963148]}