{"model": "lstm_drop_128_l350", "dataset": "h112_bayram_1_1", "congress": "112", "chamber": "House", "bayram_1_1": "style", "split": "train", "n": 4000, "TP": 1766, "FP": 131, "TN": 1869, "FN": 234, "precision": 0.9309435951502372, "recall": 0.883, "accuracy": 0.90875, "f1": 0.9063382088786245, "negative_accuracy": 0.9345, "balanced_accuracy": 0.90875, "AUC": 0.97506225, "CI_95.0": [0.9712500786449082, 0.9788744213550918]}