{"model": "lstm_drop_128_l350", "dataset": "h109_bayram_1_1", "congress": "109", "chamber": "House", "bayram_1_1": "style", "split": "train", "n": 4000, "TP": 1702, "FP": 277, "TN": 1723, "FN": 298, "precision": 0.8600303183425972, "recall": 0.851, "accuracy": 0.85625, "f1": 0.8554913294797688, "negative_accuracy": 0.8615, "balanced_accuracy": 0.85625, "AUC": 0.9459417499999999, "CI_95.0": [0.9397835068254994, 0.9520999931745004]}