{"model": "lstm_drop_128_l350", "dataset": "h097_bayram_1_1", "congress": "097", "chamber": "House", "bayram_1_1": "style", "split": "train", "n": 4000, "TP": 1961, "FP": 12, "TN": 1988, "FN": 39, "precision": 0.9939178915357324, "recall": 0.9805, "accuracy": 0.98725, "f1": 0.9871633526302542, "negative_accuracy": 0.994, "balanced_accuracy": 0.98725, "AUC": 0.9994927499999998, "CI_95.0": [0.9992541219973837, 0.9997313780026159]}