{"model": "lstm_drop_128_l350", "dataset": "h106_bayram_1_1", "congress": "106", "chamber": "House", "bayram_1_1": "style", "split": "train", "n": 4000, "TP": 1435, "FP": 393, "TN": 1607, "FN": 565, "precision": 0.7850109409190372, "recall": 0.7175, "accuracy": 0.7605, "f1": 0.7497387669801463, "negative_accuracy": 0.8035, "balanced_accuracy": 0.7605, "AUC": 0.8357454999999999, "CI_95.0": [0.823453299196059, 0.8480377008039408]}