{"model": "lstm_drop_128_l350", "dataset": "h100_bayram_1_1", "congress": "100", "chamber": "House", "bayram_1_1": "style", "split": "train", "n": 4000, "TP": 1779, "FP": 394, "TN": 1606, "FN": 221, "precision": 0.8186838472158307, "recall": 0.8895, "accuracy": 0.84625, "f1": 0.8526240115025161, "negative_accuracy": 0.803, "balanced_accuracy": 0.84625, "AUC": 0.9266089999999999, "CI_95.0": [0.9187339097548686, 0.9344840902451312]}