{"model": "lstm_drop_128_l350", "dataset": "h114_bayram_1_1", "congress": "114", "chamber": "House", "bayram_1_1": "style", "split": "train", "n": 4000, "TP": 1887, "FP": 139, "TN": 1861, "FN": 113, "precision": 0.9313919052319842, "recall": 0.9435, "accuracy": 0.937, "f1": 0.9374068554396422, "negative_accuracy": 0.9305, "balanced_accuracy": 0.937, "AUC": 0.9873660000000001, "CI_95.0": [0.9849311085003037, 0.9898008914996964]}