{"model": "cnn2_avg_drop_128_7_l128_s1_d3_30_e300_glove840_trainable", "dataset": "h103_max_balanced_0_1_1", "congress": "103", "chamber": "House", "style": "max_balanced_0_1_1", "split": "train", "n": 28186, "TP": 13246, "FP": 2276, "TN": 11817, "FN": 847, "precision": 0.8533694111583559, "recall": 0.939899240757823, "accuracy": 0.8892003122117363, "f1": 0.894546682424447, "negative_accuracy": 0.8385013836656496, "balanced_accuracy": 0.8892003122117363, "AUC": 0.9640158845069329, "CI_95.0": [0.9621652834275232, 0.9658664855863426]}