{"model": "cnn2_avg_drop_128_7_l128_s1_d3_30_e300_glove840_trainable", "dataset": "h112_max_balanced_0_1_1", "congress": "112", "chamber": "House", "style": "max_balanced_0_1_1", "split": "train", "n": 26090, "TP": 11926, "FP": 1586, "TN": 11459, "FN": 1119, "precision": 0.8826228537596211, "recall": 0.9142200076657723, "accuracy": 0.8963204292832503, "f1": 0.8981436156192341, "negative_accuracy": 0.8784208509007283, "balanced_accuracy": 0.8963204292832503, "AUC": 0.9675385246194257, "CI_95.0": [0.9657619650444702, 0.9693150841943812]}