{"model": "cnn2_avg_drop_128_7_l128_s1_d3_30_e300_glove840_trainable", "dataset": "h100_max_balanced_0_1_1", "congress": "100", "chamber": "House", "style": "max_balanced_0_1_1", "split": "train", "n": 26218, "TP": 12114, "FP": 1027, "TN": 12082, "FN": 995, "precision": 0.9218476523856632, "recall": 0.9240979479746739, "accuracy": 0.9228774124647189, "f1": 0.9229714285714287, "negative_accuracy": 0.921656876954764, "balanced_accuracy": 0.922877412464719, "AUC": 0.9810342122776862, "CI_95.0": [0.9797862581471439, 0.9822821664082284]}