{"model": "cnn2_avg_drop_128_7_l128_s1_d3_30_e300_glove840_trainable", "dataset": "h109_max_balanced_0_1_1", "congress": "109", "chamber": "House", "style": "max_balanced_0_1_1", "split": "train", "n": 25802, "TP": 11925, "FP": 1316, "TN": 11585, "FN": 976, "precision": 0.9006117362736954, "recall": 0.9243469498488489, "accuracy": 0.9111696767692427, "f1": 0.912324994262107, "negative_accuracy": 0.8979924036896365, "balanced_accuracy": 0.9111696767692428, "AUC": 0.9747430241886479, "CI_95.0": [0.9732117926306858, 0.97627425574661]}