{"model": "cnn2_avg_drop_128_7_l128_s1_d3_30_e300_glove840_trainable", "dataset": "h114_max_balanced_0_1_1", "congress": "114", "chamber": "House", "style": "max_balanced_0_1_1", "split": "train", "n": 18990, "TP": 8463, "FP": 472, "TN": 9023, "FN": 1032, "precision": 0.9471740346950196, "recall": 0.8913112164296998, "accuracy": 0.9208004212743549, "f1": 0.9183939229517092, "negative_accuracy": 0.95028962611901, "balanced_accuracy": 0.9208004212743549, "AUC": 0.9806536906844625, "CI_95.0": [0.9792019588805324, 0.9821054224883926]}