{"model": "cnn2_avg_drop_128_7_l128_s1_d3_30_e300_glove840_trainable", "dataset": "h097_max_balanced_0_1_1", "congress": "097", "chamber": "House", "style": "max_balanced_0_1_1", "split": "train", "n": 23038, "TP": 9955, "FP": 1103, "TN": 10416, "FN": 1564, "precision": 0.9002532103454512, "recall": 0.8642243250282142, "accuracy": 0.884234742599184, "f1": 0.8818709305930814, "negative_accuracy": 0.9042451601701537, "balanced_accuracy": 0.8842347425991839, "AUC": 0.9586190466174092, "CI_95.0": [0.9564070675339695, 0.9608310257008488]}