{"model": "cnn2_avg_drop_128_7_l128_s1_d3_30_e300_glove840_trainable", "dataset": "h106_max_balanced_0_1_1", "congress": "106", "chamber": "House", "style": "max_balanced_0_1_1", "split": "train", "n": 27700, "TP": 12421, "FP": 2030, "TN": 11820, "FN": 1429, "precision": 0.8595252923673102, "recall": 0.8968231046931407, "accuracy": 0.8751263537906138, "f1": 0.8777781703826719, "negative_accuracy": 0.8534296028880867, "balanced_accuracy": 0.8751263537906138, "AUC": 0.9543446597766163, "CI_95.0": [0.9522186853226059, 0.9564706342306267]}