{"model": "rf_cv_per4e", "dataset": "h114_2gram_max_balanced_0", "congress": "114", "chamber": "House", "style": "2gram_max_balanced_0", "split": "train", "n": 18990, "TP": 9331, "FP": 81, "TN": 9414, "FN": 164, "precision": 0.9913939651508712, "recall": 0.9827277514481306, "accuracy": 0.9870984728804634, "f1": 0.9870418363569049, "negative_accuracy": 0.9914691943127962, "balanced_accuracy": 0.9870984728804635, "AUC": 0.9870984728804633, "CI_95.0": [0.9854945506607737, 0.9887023951001528]}