{"model": "rf_cv_per4e", "dataset": "h097_max_balanced_0", "congress": "097", "chamber": "House", "style": "max_balanced_0", "split": "train", "n": 23038, "TP": 11492, "FP": 13, "TN": 11506, "FN": 27, "precision": 0.9988700564971752, "recall": 0.997656046531817, "accuracy": 0.9982637381717163, "f1": 0.9982626824183461, "negative_accuracy": 0.9988714298116156, "balanced_accuracy": 0.9982637381717163, "AUC": 0.9982637381717163, "CI_95.0": [0.9977261761954632, 0.9988013001479694]}