{"model": "rf_cv_per4e", "dataset": "h114_3gram_max_balanced_0", "congress": "114", "chamber": "House", "style": "3gram_max_balanced_0", "split": "train", "n": 18990, "TP": 9332, "FP": 82, "TN": 9413, "FN": 163, "precision": 0.9912895687274272, "recall": 0.9828330700368615, "accuracy": 0.9870984728804634, "f1": 0.9870432069384949, "negative_accuracy": 0.9913638757240653, "balanced_accuracy": 0.9870984728804634, "AUC": 0.9870984728804633, "CI_95.0": [0.9854944932993651, 0.9887024524615614]}