{"model": "rf_cv_per4e", "dataset": "h109_3gram_max_balanced_0", "congress": "109", "chamber": "House", "style": "3gram_max_balanced_0", "split": "train", "n": 25802, "TP": 12893, "FP": 22, "TN": 12879, "FN": 8, "precision": 0.9982965543941154, "recall": 0.999379893031548, "accuracy": 0.9988372994341523, "f1": 0.9988379299659126, "negative_accuracy": 0.9982947058367568, "balanced_accuracy": 0.9988372994341523, "AUC": 0.9988372994341523, "CI_95.0": [0.9984215185667563, 0.9992530803015484]}