{"model": "rf_cv_per4e", "dataset": "h097_2gram_max_balanced_0", "congress": "097", "chamber": "House", "style": "2gram_max_balanced_0", "split": "train", "n": 23038, "TP": 11492, "FP": 10, "TN": 11509, "FN": 27, "precision": 0.9991305859850461, "recall": 0.997656046531817, "accuracy": 0.9983939578088376, "f1": 0.9983927718170367, "negative_accuracy": 0.9991318690858582, "balanced_accuracy": 0.9983939578088377, "AUC": 0.9983939578088377, "CI_95.0": [0.9978769462525995, 0.9989109693650758]}