{"model": "rf_cv_per4e", "dataset": "h112_3gram_max_balanced_0", "congress": "112", "chamber": "House", "style": "3gram_max_balanced_0", "split": "train", "n": 26090, "TP": 12766, "FP": 155, "TN": 12890, "FN": 279, "precision": 0.9880040244563114, "recall": 0.9786124952088923, "accuracy": 0.9833652740513606, "f1": 0.9832858353231149, "negative_accuracy": 0.988118052893829, "balanced_accuracy": 0.9833652740513606, "AUC": 0.9833652740513608, "CI_95.0": [0.9818143415766862, 0.9849162065260353]}