{"model": "rf_cv_per4e", "dataset": "h097_3gram_max_balanced_0", "congress": "097", "chamber": "House", "style": "3gram_max_balanced_0", "split": "train", "n": 23038, "TP": 11493, "FP": 11, "TN": 11508, "FN": 26, "precision": 0.9990438108484005, "recall": 0.9977428596232312, "accuracy": 0.9983939578088376, "f1": 0.9983929114363896, "negative_accuracy": 0.9990450559944439, "balanced_accuracy": 0.9983939578088376, "AUC": 0.9983939578088377, "CI_95.0": [0.997876926806114, 0.9989109888115614]}