{"model": "rf_cv_per4e", "dataset": "h100_3gram_max_balanced_0", "congress": "100", "chamber": "House", "style": "3gram_max_balanced_0", "split": "train", "n": 26218, "TP": 13091, "FP": 9, "TN": 13100, "FN": 18, "precision": 0.9993129770992366, "recall": 0.9986268975513006, "accuracy": 0.9989701731634755, "f1": 0.9989698195276431, "negative_accuracy": 0.9993134487756503, "balanced_accuracy": 0.9989701731634755, "AUC": 0.9989701731634756, "CI_95.0": [0.9985819348730705, 0.9993584114538807]}