{"model": "rf_cv_per4e", "dataset": "h106_3gram_max_balanced_0", "congress": "106", "chamber": "House", "style": "3gram_max_balanced_0", "split": "train", "n": 27700, "TP": 13829, "FP": 19, "TN": 13831, "FN": 21, "precision": 0.998627960716349, "recall": 0.9984837545126354, "accuracy": 0.9985559566787003, "f1": 0.9985558524081162, "negative_accuracy": 0.9986281588447653, "balanced_accuracy": 0.9985559566787003, "AUC": 0.9985559566787003, "CI_95.0": [0.998108759129312, 0.9990031542280887]}