{"model": "rf_cv_per4e", "dataset": "h103_3gram_max_balanced_0", "congress": "103", "chamber": "House", "style": "3gram_max_balanced_0", "split": "train", "n": 28186, "TP": 14074, "FP": 13, "TN": 14080, "FN": 19, "precision": 0.9990771633420884, "recall": 0.9986518129567871, "accuracy": 0.9988646845951891, "f1": 0.9988644428672817, "negative_accuracy": 0.9990775562335912, "balanced_accuracy": 0.9988646845951892, "AUC": 0.9988646845951892, "CI_95.0": [0.9984715423681205, 0.9992578268222578]}