{"model": "rf_cv_per4e", "dataset": "h100_2gram_max_balanced_0", "congress": "100", "chamber": "House", "style": "2gram_max_balanced_0", "split": "train", "n": 26218, "TP": 13092, "FP": 10, "TN": 13099, "FN": 17, "precision": 0.9992367577469089, "recall": 0.9987031810206728, "accuracy": 0.9989701731634755, "f1": 0.9989698981343712, "negative_accuracy": 0.9992371653062782, "balanced_accuracy": 0.9989701731634755, "AUC": 0.9989701731634756, "CI_95.0": [0.9985819260879577, 0.9993584202389935]}