{"model": "rf_cv_per4e", "dataset": "h100_max_balanced_0", "congress": "100", "chamber": "House", "style": "max_balanced_0", "split": "train", "n": 26218, "TP": 13093, "FP": 15, "TN": 13094, "FN": 16, "precision": 0.9988556606652426, "recall": 0.998779464490045, "accuracy": 0.9988176062247311, "f1": 0.9988175611244612, "negative_accuracy": 0.9988557479594172, "balanced_accuracy": 0.9988176062247311, "AUC": 0.998817606224731, "CI_95.0": [0.9984016105920337, 0.9992336018574284]}