{"model": "nn20nd", "dataset": "h097_bayram", "congress": "097", "chamber": "House", "bayram": "style", "split": "train", "n": 4000, "TP": 1766, "FP": 305, "TN": 1695, "FN": 234, "precision": 0.852728150651859, "recall": 0.883, "accuracy": 0.86525, "f1": 0.8676000982559569, "negative_accuracy": 0.8475, "balanced_accuracy": 0.8652500000000001, "AUC": 0.9421980000000002, "CI_95.0": [0.9355909702453147, 0.9488050297546857]}