{"model": "nn20nd", "dataset": "h112_bayram_3_7", "congress": "112", "chamber": "House", "bayram_3_7": "style", "split": "train", "n": 4000, "TP": 1993, "FP": 31, "TN": 1969, "FN": 7, "precision": 0.9846837944664032, "recall": 0.9965, "accuracy": 0.9905, "f1": 0.9905566600397615, "negative_accuracy": 0.9845, "balanced_accuracy": 0.9905, "AUC": 0.9993330000000001, "CI_95.0": [0.9986408469203892, 1.0]}