{"model": "nn20nd", "dataset": "h109_max_balanced_0", "congress": "109", "chamber": "House", "max_balanced_0": "style", "split": "train", "n": 25802, "TP": 10636, "FP": 1203, "TN": 11698, "FN": 2265, "precision": 0.8983866880648703, "recall": 0.8244322145570111, "accuracy": 0.8655918145880165, "f1": 0.8598221503637834, "negative_accuracy": 0.9067514146190218, "balanced_accuracy": 0.8655918145880164, "AUC": 0.943690477387134, "CI_95.0": [0.9411072294916771, 0.9462737252825908]}