{"model": "nn20nd", "dataset": "h100_bayram", "congress": "100", "chamber": "House", "bayram": "style", "split": "train", "n": 4000, "TP": 1584, "FP": 136, "TN": 1864, "FN": 416, "precision": 0.9209302325581395, "recall": 0.792, "accuracy": 0.862, "f1": 0.8516129032258065, "negative_accuracy": 0.932, "balanced_accuracy": 0.8620000000000001, "AUC": 0.9473682499999999, "CI_95.0": [0.9409793812299535, 0.9537571187700463]}