{"model": "nn20nd", "dataset": "h112_max_balanced_0", "congress": "112", "chamber": "House", "max_balanced_0": "style", "split": "train", "n": 26090, "TP": 10984, "FP": 2148, "TN": 10897, "FN": 2061, "precision": 0.83643009442583, "recall": 0.8420084323495592, "accuracy": 0.8386738213875048, "f1": 0.8392099935057493, "negative_accuracy": 0.8353392104254503, "balanced_accuracy": 0.8386738213875048, "AUC": 0.9217221896489745, "CI_95.0": [0.9186197293668302, 0.9248246499311187]}