{"model": "nn20nd", "dataset": "h109_bayram_3_7", "congress": "109", "chamber": "House", "bayram_3_7": "style", "split": "train", "n": 4000, "TP": 1913, "FP": 61, "TN": 1939, "FN": 87, "precision": 0.9690982776089159, "recall": 0.9565, "accuracy": 0.963, "f1": 0.9627579265223957, "negative_accuracy": 0.9695, "balanced_accuracy": 0.9630000000000001, "AUC": 0.9941622500000001, "CI_95.0": [0.9925932929205309, 0.9957312070794694]}