{"model": "nn20nd", "dataset": "h106_max_balanced_0", "congress": "106", "chamber": "House", "max_balanced_0": "style", "split": "train", "n": 27700, "TP": 10789, "FP": 1525, "TN": 12325, "FN": 3061, "precision": 0.8761572194250447, "recall": 0.7789891696750902, "accuracy": 0.8344404332129964, "f1": 0.8247209906742088, "negative_accuracy": 0.8898916967509025, "balanced_accuracy": 0.8344404332129964, "AUC": 0.9234622580771286, "CI_95.0": [0.92047756697912, 0.9264469491751371]}