{"model": "nn20nd", "dataset": "h100_bayram_3_7", "congress": "100", "chamber": "House", "bayram_3_7": "style", "split": "train", "n": 4000, "TP": 1981, "FP": 9, "TN": 1991, "FN": 19, "precision": 0.9954773869346734, "recall": 0.9905, "accuracy": 0.993, "f1": 0.992982456140351, "negative_accuracy": 0.9955, "balanced_accuracy": 0.9930000000000001, "AUC": 0.9997557500000002, "CI_95.0": [0.9996218785831451, 0.9998896214168552]}