{"model": "nn20nd", "dataset": "h112_bayram", "congress": "112", "chamber": "House", "bayram": "style", "split": "train", "n": 4000, "TP": 1765, "FP": 23, "TN": 1977, "FN": 235, "precision": 0.9871364653243848, "recall": 0.8825, "accuracy": 0.9355, "f1": 0.9318901795142556, "negative_accuracy": 0.9885, "balanced_accuracy": 0.9355, "AUC": 0.9921007500000002, "CI_95.0": [0.9901110982675748, 0.9940904017324256]}