{"model": "nn20nd", "dataset": "h109_bayram_1_1", "congress": "109", "chamber": "House", "bayram_1_1": "style", "split": "train", "n": 4000, "TP": 1955, "FP": 37, "TN": 1963, "FN": 45, "precision": 0.981425702811245, "recall": 0.9775, "accuracy": 0.9795, "f1": 0.9794589178356714, "negative_accuracy": 0.9815, "balanced_accuracy": 0.9795, "AUC": 0.9978095000000001, "CI_95.0": [0.9968931775397473, 0.998725822460253]}