{"model": "nn20nd", "dataset": "h103_bayram_1_1", "congress": "103", "chamber": "House", "bayram_1_1": "style", "split": "train", "n": 4000, "TP": 1981, "FP": 16, "TN": 1984, "FN": 19, "precision": 0.9919879819729595, "recall": 0.9905, "accuracy": 0.99125, "f1": 0.9912434325744308, "negative_accuracy": 0.992, "balanced_accuracy": 0.99125, "AUC": 0.99959725, "CI_95.0": [0.9993679393513942, 0.9998265606486058]}