{"model": "transformer_e64_2_d3_10_l128", "dataset": "h106_max_balanced_0_1_1", "congress": "106", "chamber": "House", "style": "max_balanced_0_1_1", "split": "train", "n": 27700, "TP": 12383, "FP": 785, "TN": 13065, "FN": 1467, "precision": 0.9403857837181046, "recall": 0.8940794223826715, "accuracy": 0.9187003610108303, "f1": 0.9166481604856023, "negative_accuracy": 0.9433212996389891, "balanced_accuracy": 0.9187003610108303, "AUC": 0.9805890158870831, "CI_95.0": [0.9793563232402929, 0.9818217085338734]}