{"model": "transformer_e64_2_d3_10_l128", "dataset": "h112_max_balanced_0_1_1", "congress": "112", "chamber": "House", "style": "max_balanced_0_1_1", "split": "train", "n": 26090, "TP": 12220, "FP": 1848, "TN": 11197, "FN": 825, "precision": 0.8686380437873188, "recall": 0.9367573783058644, "accuracy": 0.8975469528555002, "f1": 0.9014126064987276, "negative_accuracy": 0.8583365274051361, "balanced_accuracy": 0.8975469528555002, "AUC": 0.969685434489012, "CI_95.0": [0.967951942602132, 0.971418926375892]}