{"model": "transformer_e64_2_d3_10_l128", "dataset": "h103_max_balanced_0_1_1", "congress": "103", "chamber": "House", "style": "max_balanced_0_1_1", "split": "train", "n": 28186, "TP": 12813, "FP": 1617, "TN": 12476, "FN": 1280, "precision": 0.8879417879417879, "recall": 0.909174767615128, "accuracy": 0.8972184772582132, "f1": 0.8984328436700206, "negative_accuracy": 0.8852621869012985, "balanced_accuracy": 0.8972184772582132, "AUC": 0.9660830816470305, "CI_95.0": [0.9642926408067355, 0.9678735224873255]}