{"model": "transformer_e64_2_d3_10_l128", "dataset": "h097_max_balanced_0_1_1", "congress": "097", "chamber": "House", "style": "max_balanced_0_1_1", "split": "train", "n": 23038, "TP": 9669, "FP": 1056, "TN": 10463, "FN": 1850, "precision": 0.9015384615384615, "recall": 0.8393957808837573, "accuracy": 0.8738605781751888, "f1": 0.8693580291314511, "negative_accuracy": 0.9083253754666204, "balanced_accuracy": 0.8738605781751889, "AUC": 0.9515748715508783, "CI_95.0": [0.9491085703781056, 0.954041172723651]}