{"model": "transformer_e64_2_d3_10_l128", "dataset": "h100_max_balanced_0_1_1", "congress": "100", "chamber": "House", "style": "max_balanced_0_1_1", "split": "train", "n": 26218, "TP": 9674, "FP": 792, "TN": 12317, "FN": 3435, "precision": 0.9243263902159373, "recall": 0.7379662827065375, "accuracy": 0.8387748874818827, "f1": 0.8206998939554613, "negative_accuracy": 0.9395834922572278, "balanced_accuracy": 0.8387748874818827, "AUC": 0.9355348848890944, "CI_95.0": [0.9327636417787752, 0.9383061279994136]}