{"model": "transformer_e64_2_d3_10_l128", "dataset": "h109_max_balanced_0_1_1", "congress": "109", "chamber": "House", "style": "max_balanced_0_1_1", "split": "train", "n": 25802, "TP": 10196, "FP": 1013, "TN": 11888, "FN": 2705, "precision": 0.909626193237577, "recall": 0.7903263312921479, "accuracy": 0.855902643205953, "f1": 0.8457901285773539, "negative_accuracy": 0.9214789551197582, "balanced_accuracy": 0.8559026432059531, "AUC": 0.9411552956686284, "CI_95.0": [0.9385123537088836, 0.9437982376283732]}