{"model": "transformer_e64_2_d3_10_l128", "dataset": "h114_max_balanced_0_1_1", "congress": "114", "chamber": "House", "style": "max_balanced_0_1_1", "split": "train", "n": 18990, "TP": 8427, "FP": 877, "TN": 8618, "FN": 1068, "precision": 0.9057394668959587, "recall": 0.8875197472353871, "accuracy": 0.8975776724591891, "f1": 0.8965370498430767, "negative_accuracy": 0.9076355976829911, "balanced_accuracy": 0.8975776724591891, "AUC": 0.9683263966706237, "CI_95.0": [0.9662752301923803, 0.9703775631488671]}