{"model": "nn1000hd", "dataset": "h097_max_balanced_0", "split": "train", "n": 23038, "TP": 9371, "FP": 2785, "TN": 8734, "FN": 2148, "precision": 0.770895031260283, "recall": 0.81352547964233, "accuracy": 0.785875510026912, "f1": 0.791636747624076, "negative_accuracy": 0.758225540411494, "balanced_accuracy": 0.785875510026912, "AUC": 0.8717779985088405, "CI_95.0": [0.8673318238580747, 0.8762241731596063]}