{"model": "nn1000hd", "dataset": "h100_max_balanced_0", "split": "train", "n": 26218, "TP": 10589, "FP": 3215, "TN": 9894, "FN": 2520, "precision": 0.7670964937699217, "recall": 0.8077656571820886, "accuracy": 0.7812571515752537, "f1": 0.7869059562293313, "negative_accuracy": 0.7547486459684186, "balanced_accuracy": 0.7812571515752536, "AUC": 0.8694533970238133, "CI_95.0": [0.8652602607171526, 0.873646533330474]}