{"model": "cnn2_avg_drop_128_7_l128_s1_d3_10_e300_glove840_not_trainable", "dataset": "h106_max_balanced_0_1_1", "congress": "106", "chamber": "House", "style": "max_balanced_0_1_1", "split": "train", "n": 27700, "TP": 13465, "FP": 288, "TN": 13562, "FN": 385, "precision": 0.9790591143750454, "recall": 0.972202166064982, "accuracy": 0.9757039711191335, "f1": 0.9756185921820093, "negative_accuracy": 0.9792057761732852, "balanced_accuracy": 0.9757039711191335, "AUC": 0.9978607983943488, "CI_95.0": [0.9975954387404012, 0.9981261580482964]}