{"model": "cnn2_avg_drop_128_7_l128_s1_d3_10_e300_glove840_not_trainable", "dataset": "h109_max_balanced_0_1_1", "congress": "109", "chamber": "House", "style": "max_balanced_0_1_1", "split": "train", "n": 25802, "TP": 12567, "FP": 192, "TN": 12709, "FN": 334, "precision": 0.984951798730308, "recall": 0.9741105340671266, "accuracy": 0.9796139834121386, "f1": 0.9795011691348402, "negative_accuracy": 0.9851174327571506, "balanced_accuracy": 0.9796139834121386, "AUC": 0.9982153088565362, "CI_95.0": [0.997882207404779, 0.9985484103082934]}