{"model": "cnn2_avg_drop_128_7_l128_s1_d3_10_e300_glove840_not_trainable", "dataset": "h097_max_balanced_0_1_1", "congress": "097", "chamber": "House", "style": "max_balanced_0_1_1", "split": "train", "n": 23038, "TP": 8984, "FP": 3531, "TN": 7988, "FN": 2535, "precision": 0.7178585697163404, "recall": 0.7799288132650404, "accuracy": 0.7366958937407762, "f1": 0.7476075559623866, "negative_accuracy": 0.6934629742165118, "balanced_accuracy": 0.7366958937407762, "AUC": 0.8256523882481919, "CI_95.0": [0.8204232460183141, 0.8308815304780697]}