{"model": "cnn2_avg_drop_128_7_l128_s1_d3_10_e300_glove840_not_trainable", "dataset": "h100_max_balanced_0_1_1", "congress": "100", "chamber": "House", "style": "max_balanced_0_1_1", "split": "train", "n": 26218, "TP": 11412, "FP": 1591, "TN": 11518, "FN": 1697, "precision": 0.8776436207029147, "recall": 0.8705469524753986, "accuracy": 0.8745899763521245, "f1": 0.8740808823529411, "negative_accuracy": 0.8786330002288504, "balanced_accuracy": 0.8745899763521245, "AUC": 0.9508491303320795, "CI_95.0": [0.9484943417675703, 0.9532039188965887]}