{"model": "cnn2_avg_drop_128_7_l128_s1_d3_10_e300_glove840_not_trainable", "dataset": "h103_max_balanced_0_1_1", "congress": "103", "chamber": "House", "style": "max_balanced_0_1_1", "split": "train", "n": 28186, "TP": 13029, "FP": 1261, "TN": 12832, "FN": 1064, "precision": 0.9117564730580826, "recall": 0.9245015255800753, "accuracy": 0.9175122401192081, "f1": 0.9180847690518974, "negative_accuracy": 0.910522954658341, "balanced_accuracy": 0.9175122401192082, "AUC": 0.9765137264746919, "CI_95.0": [0.975085983789229, 0.9779414691601549]}