{"model": "cnn2_avg_drop_128_7_l128_s1_d3_10_e300_glove840_not_trainable", "dataset": "h112_max_balanced_0_1_1", "congress": "112", "chamber": "House", "style": "max_balanced_0_1_1", "split": "train", "n": 26090, "TP": 12609, "FP": 604, "TN": 12441, "FN": 436, "precision": 0.9542874441837584, "recall": 0.9665772326561901, "accuracy": 0.9601379839018781, "f1": 0.9603930230786809, "negative_accuracy": 0.9536987351475661, "balanced_accuracy": 0.9601379839018781, "AUC": 0.9953164452265288, "CI_95.0": [0.9948597396649004, 0.9957731507881573]}