{"model": "cnn2_avg_drop_128_7_l128_s1_d3_10_e300_glove840_not_trainable", "dataset": "h114_max_balanced_0_1_1", "congress": "114", "chamber": "House", "style": "max_balanced_0_1_1", "split": "train", "n": 18990, "TP": 8847, "FP": 234, "TN": 9261, "FN": 648, "precision": 0.9742319127849356, "recall": 0.9317535545023696, "accuracy": 0.9535545023696682, "f1": 0.9525193798449613, "negative_accuracy": 0.9753554502369668, "balanced_accuracy": 0.9535545023696682, "AUC": 0.9936388847987119, "CI_95.0": [0.992952524631038, 0.9943252449663857]}