{"model": "boost", "dataset": "h106_bayram_1_1", "congress": "106", "chamber": "House", "bayram_1_1": "style", "split": "train", "n": 4000, "TP": 1330, "FP": 560, "TN": 1440, "FN": 670, "precision": 0.7037037037037037, "recall": 0.665, "accuracy": 0.6925, "f1": 0.6838046272493574, "negative_accuracy": 0.72, "balanced_accuracy": 0.6925, "AUC": 0.6925, "CI_95.0": [0.678221368218846, 0.706778631781154]}