{"model": "boost", "dataset": "h112_bayram_1_1", "congress": "112", "chamber": "House", "bayram_1_1": "style", "split": "train", "n": 4000, "TP": 1492, "FP": 419, "TN": 1581, "FN": 508, "precision": 0.7807430664573521, "recall": 0.746, "accuracy": 0.76825, "f1": 0.7629762209153669, "negative_accuracy": 0.7905, "balanced_accuracy": 0.76825, "AUC": 0.76825, "CI_95.0": [0.7551887960053925, 0.7813112039946075]}