{"model": "boost", "dataset": "h097_bayram_3_7", "congress": "097", "chamber": "House", "bayram_3_7": "style", "split": "train", "n": 4000, "TP": 1339, "FP": 633, "TN": 1367, "FN": 661, "precision": 0.6790060851926978, "recall": 0.6695, "accuracy": 0.6765, "f1": 0.6742195367573011, "negative_accuracy": 0.6835, "balanced_accuracy": 0.6765, "AUC": 0.6765, "CI_95.0": [0.6620006306036251, 0.6909993693963749]}