{"model": "boost", "dataset": "h114_bayram_1_1", "congress": "114", "chamber": "House", "bayram_1_1": "style", "split": "train", "n": 4000, "TP": 1456, "FP": 474, "TN": 1526, "FN": 544, "precision": 0.7544041450777202, "recall": 0.728, "accuracy": 0.7455, "f1": 0.7409669211195927, "negative_accuracy": 0.763, "balanced_accuracy": 0.7455, "AUC": 0.7454999999999999, "CI_95.0": [0.7320090160828068, 0.7589909839171931]}