{"model": "lstm_drop_glove_32_100", "dataset": "h106_bayram_1_1", "congress": "106", "chamber": "House", "style": "bayram_1_1", "split": "train", "n": 4000, "TP": 1667, "FP": 774, "TN": 1226, "FN": 333, "precision": 0.682916837361737, "recall": 0.8335, "accuracy": 0.72325, "f1": 0.7507318171582976, "negative_accuracy": 0.613, "balanced_accuracy": 0.72325, "AUC": 0.7964073750000001, "CI_95.0": [0.7828515231785721, 0.8099632268214282]}