{"model": "lstm_drop_glove_32_100", "dataset": "h109_bayram_1_1", "congress": "109", "chamber": "House", "style": "bayram_1_1", "split": "train", "n": 4000, "TP": 1719, "FP": 490, "TN": 1510, "FN": 281, "precision": 0.7781801720235401, "recall": 0.8595, "accuracy": 0.80725, "f1": 0.8168210976478973, "negative_accuracy": 0.755, "balanced_accuracy": 0.80725, "AUC": 0.9101058750000001, "CI_95.0": [0.9014217599628573, 0.9187899900371428]}