{"model": "lstm_drop_glove_32_100", "dataset": "h103_bayram_1_1", "congress": "103", "chamber": "House", "style": "bayram_1_1", "split": "train", "n": 4000, "TP": 1110, "FP": 484, "TN": 1516, "FN": 890, "precision": 0.6963613550815558, "recall": 0.555, "accuracy": 0.6565, "f1": 0.6176961602671118, "negative_accuracy": 0.758, "balanced_accuracy": 0.6565000000000001, "AUC": 0.767065625, "CI_95.0": [0.7525178445299242, 0.7816134054700757]}