{"model": "lstm_drop_glove_32_100", "dataset": "h100_bayram_1_1", "congress": "100", "chamber": "House", "style": "bayram_1_1", "split": "train", "n": 4000, "TP": 1864, "FP": 1858, "TN": 142, "FN": 136, "precision": 0.5008060182697475, "recall": 0.932, "accuracy": 0.5015, "f1": 0.6515204473960154, "negative_accuracy": 0.071, "balanced_accuracy": 0.5015000000000001, "AUC": 0.49841512500000007, "CI_95.0": [0.4805144641006149, 0.5163157858993853]}