{"model": "lstm_drop_glove_32_100", "dataset": "h097_bayram_1_1", "congress": "097", "chamber": "House", "style": "bayram_1_1", "split": "train", "n": 4000, "TP": 1437, "FP": 1309, "TN": 691, "FN": 563, "precision": 0.523306627822287, "recall": 0.7185, "accuracy": 0.532, "f1": 0.6055625790139064, "negative_accuracy": 0.3455, "balanced_accuracy": 0.532, "AUC": 0.5586110000000001, "CI_95.0": [0.5408581720991908, 0.5763638279008093]}