{"model": "lstm_drop_glove_32_100", "dataset": "h112_bayram_1_1", "congress": "112", "chamber": "House", "style": "bayram_1_1", "split": "train", "n": 4000, "TP": 1892, "FP": 21, "TN": 1979, "FN": 108, "precision": 0.989022477783586, "recall": 0.946, "accuracy": 0.96775, "f1": 0.967032967032967, "negative_accuracy": 0.9895, "balanced_accuracy": 0.96775, "AUC": 0.9933727499999999, "CI_95.0": [0.9912637404159076, 0.9954817595840922]}