{"model": "lstm_drop_glove_32_100", "dataset": "h114_bayram_1_1", "congress": "114", "chamber": "House", "style": "bayram_1_1", "split": "train", "n": 4000, "TP": 1597, "FP": 1170, "TN": 830, "FN": 403, "precision": 0.577159378388146, "recall": 0.7985, "accuracy": 0.60675, "f1": 0.670023075309419, "negative_accuracy": 0.415, "balanced_accuracy": 0.60675, "AUC": 0.672470875, "CI_95.0": [0.6559542772885696, 0.6889874727114305]}