{"model": "nn20nd", "dataset": "h100_2gram_max_balanced_0", "congress": "100", "chamber": "House", "2gram_max_balanced_0": "style", "split": "train", "n": 26218, "TP": 11541, "FP": 2799, "TN": 10310, "FN": 1568, "precision": 0.8048117154811716, "recall": 0.8803875200244107, "accuracy": 0.8334350446258296, "f1": 0.8409049510000365, "negative_accuracy": 0.7864825692272485, "balanced_accuracy": 0.8334350446258296, "AUC": 0.9210345664322325, "CI_95.0": [0.9178751153394159, 0.924194017525049]}