{"model": "nn20nd", "dataset": "h097_bayram_3_7", "congress": "097", "chamber": "House", "bayram_3_7": "style", "split": "train", "n": 4000, "TP": 1951, "FP": 51, "TN": 1949, "FN": 49, "precision": 0.9745254745254746, "recall": 0.9755, "accuracy": 0.975, "f1": 0.9750124937531235, "negative_accuracy": 0.9745, "balanced_accuracy": 0.9750000000000001, "AUC": 0.9973225, "CI_95.0": [0.9963446803860018, 0.9983003196139982]}