{"model": "nn20nd", "dataset": "h106_2gram_max_balanced_0", "congress": "106", "chamber": "House", "2gram_max_balanced_0": "style", "split": "train", "n": 27700, "TP": 12299, "FP": 1726, "TN": 12124, "FN": 1551, "precision": 0.8769340463458111, "recall": 0.888014440433213, "accuracy": 0.8816967509025271, "f1": 0.882439461883408, "negative_accuracy": 0.8753790613718412, "balanced_accuracy": 0.8816967509025271, "AUC": 0.9527641152628079, "CI_95.0": [0.9505327098415303, 0.9549955206840856]}