{"model": "nn20nd", "dataset": "h109_3gram_max_balanced_0", "congress": "109", "chamber": "House", "3gram_max_balanced_0": "style", "split": "train", "n": 25802, "TP": 12009, "FP": 1248, "TN": 11653, "FN": 892, "precision": 0.9058610545372257, "recall": 0.9308580730175955, "accuracy": 0.9170606929695373, "f1": 0.9181894640263017, "negative_accuracy": 0.903263312921479, "balanced_accuracy": 0.9170606929695373, "AUC": 0.9756426984119841, "CI_95.0": [0.9741060068102304, 0.9771793900137379]}