{"model": "nn20nd", "dataset": "h106_bayram_1_1", "congress": "106", "chamber": "House", "bayram_1_1": "style", "split": "train", "n": 4000, "TP": 1926, "FP": 51, "TN": 1949, "FN": 74, "precision": 0.9742033383915023, "recall": 0.963, "accuracy": 0.96875, "f1": 0.9685692733215993, "negative_accuracy": 0.9745, "balanced_accuracy": 0.96875, "AUC": 0.99553975, "CI_95.0": [0.9941958226826227, 0.9968836773173771]}