{"model": "nn20nd", "dataset": "h112_bayram_1_1", "congress": "112", "chamber": "House", "bayram_1_1": "style", "split": "train", "n": 4000, "TP": 1999, "FP": 11, "TN": 1989, "FN": 1, "precision": 0.9945273631840796, "recall": 0.9995, "accuracy": 0.997, "f1": 0.9970074812967582, "negative_accuracy": 0.9945, "balanced_accuracy": 0.9970000000000001, "AUC": 0.999731, "CI_95.0": [0.9992365407204881, 1.0]}