{"model": "nn20nd", "dataset": "h100_3gram_max_balanced_0", "congress": "100", "chamber": "House", "3gram_max_balanced_0": "style", "split": "train", "n": 26218, "TP": 11627, "FP": 2461, "TN": 10648, "FN": 1482, "precision": 0.8253123225440091, "recall": 0.8869478983904188, "accuracy": 0.8496071401327332, "f1": 0.8550207743501121, "negative_accuracy": 0.8122663818750476, "balanced_accuracy": 0.8496071401327332, "AUC": 0.9307282436405909, "CI_95.0": [0.9278007740081522, 0.9336557132730297]}