{"model": "nn20nd", "dataset": "h112_3gram_max_balanced_0", "congress": "112", "chamber": "House", "3gram_max_balanced_0": "style", "split": "train", "n": 26090, "TP": 11660, "FP": 1150, "TN": 11895, "FN": 1385, "precision": 0.9102263856362217, "recall": 0.8938290532771177, "accuracy": 0.9028363357608279, "f1": 0.9019532005414813, "negative_accuracy": 0.9118436182445382, "balanced_accuracy": 0.902836335760828, "AUC": 0.96688397813918, "CI_95.0": [0.9650522908945388, 0.9687156653838213]}