{"model": "nn20nd", "dataset": "h114_3gram_max_balanced_0", "congress": "114", "chamber": "House", "3gram_max_balanced_0": "style", "split": "train", "n": 18990, "TP": 8711, "FP": 442, "TN": 9053, "FN": 784, "precision": 0.9517098219163116, "recall": 0.9174302264349657, "accuracy": 0.9354397051079516, "f1": 0.9342556842556842, "negative_accuracy": 0.9534491837809373, "balanced_accuracy": 0.9354397051079515, "AUC": 0.9841821240690687, "CI_95.0": [0.9827860897842635, 0.9855781583538739]}