{"model": "nn20nd", "dataset": "h106_3gram_max_balanced_0", "congress": "106", "chamber": "House", "3gram_max_balanced_0": "style", "split": "train", "n": 27700, "TP": 12510, "FP": 1557, "TN": 12293, "FN": 1340, "precision": 0.889315419065899, "recall": 0.9032490974729241, "accuracy": 0.8954151624548736, "f1": 0.8962281047390478, "negative_accuracy": 0.8875812274368231, "balanced_accuracy": 0.8954151624548736, "AUC": 0.96098784032113, "CI_95.0": [0.9589946476528448, 0.9629810329894153]}