{"model": "nn20nd", "dataset": "h103_2gram_max_balanced_0", "congress": "103", "chamber": "House", "2gram_max_balanced_0": "style", "split": "train", "n": 28186, "TP": 11887, "FP": 1623, "TN": 12470, "FN": 2206, "precision": 0.8798667653589933, "recall": 0.8434683885616973, "accuracy": 0.8641524160930959, "f1": 0.8612831938557403, "negative_accuracy": 0.8848364436244944, "balanced_accuracy": 0.8641524160930958, "AUC": 0.9405731555395549, "CI_95.0": [0.9379950658550841, 0.9431512452240257]}