{"model": "nn20nd", "dataset": "h109_bayram", "congress": "109", "chamber": "House", "bayram": "style", "split": "train", "n": 4000, "TP": 1777, "FP": 206, "TN": 1794, "FN": 223, "precision": 0.8961169944528492, "recall": 0.8885, "accuracy": 0.89275, "f1": 0.8922922420286216, "negative_accuracy": 0.897, "balanced_accuracy": 0.8927499999999999, "AUC": 0.9605400000000001, "CI_95.0": [0.9552695729334595, 0.9658104270665406]}