{"model": "nn20nd", "dataset": "h112_2gram_max_balanced_0", "congress": "112", "chamber": "House", "2gram_max_balanced_0": "style", "split": "train", "n": 26090, "TP": 11551, "FP": 1263, "TN": 11782, "FN": 1494, "precision": 0.9014359294521617, "recall": 0.8854733614411652, "accuracy": 0.8943273284783442, "f1": 0.8933833481573147, "negative_accuracy": 0.9031812955155232, "balanced_accuracy": 0.8943273284783442, "AUC": 0.9617972254840361, "CI_95.0": [0.9597984710798207, 0.9637959798882515]}