{"model": "nn20nd", "dataset": "h100_bayram_1_1", "congress": "100", "chamber": "House", "bayram_1_1": "style", "split": "train", "n": 4000, "TP": 1983, "FP": 20, "TN": 1980, "FN": 17, "precision": 0.9900149775336995, "recall": 0.9915, "accuracy": 0.99075, "f1": 0.9907569323007744, "negative_accuracy": 0.99, "balanced_accuracy": 0.99075, "AUC": 0.9995915000000001, "CI_95.0": [0.9993526049431258, 0.9998303950568743]}