{"model": "nn20nd", "dataset": "h103_bayram", "congress": "103", "chamber": "House", "bayram": "style", "split": "train", "n": 4000, "TP": 1942, "FP": 284, "TN": 1716, "FN": 58, "precision": 0.8724168912848158, "recall": 0.971, "accuracy": 0.9145, "f1": 0.9190724088973024, "negative_accuracy": 0.858, "balanced_accuracy": 0.9145, "AUC": 0.982638, "CI_95.0": [0.9795473382159999, 0.9857286617840001]}