{"model": "nn20nd", "dataset": "h114_bayram_3_7", "congress": "114", "chamber": "House", "bayram_3_7": "style", "split": "train", "n": 4000, "TP": 1965, "FP": 14, "TN": 1986, "FN": 35, "precision": 0.9929257200606367, "recall": 0.9825, "accuracy": 0.98775, "f1": 0.9876853480774064, "negative_accuracy": 0.993, "balanced_accuracy": 0.98775, "AUC": 0.9986867500000002, "CI_95.0": [0.9978504405004756, 0.9995230594995248]}