{"model": "nn20nd", "dataset": "h109_2gram_max_balanced_0", "congress": "109", "chamber": "House", "2gram_max_balanced_0": "style", "split": "train", "n": 25802, "TP": 12001, "FP": 1595, "TN": 11306, "FN": 900, "precision": 0.8826860841423948, "recall": 0.9302379660491434, "accuracy": 0.9033020696070072, "f1": 0.9058383967996376, "negative_accuracy": 0.876366173164871, "balanced_accuracy": 0.9033020696070072, "AUC": 0.9696170086626976, "CI_95.0": [0.9678547378290175, 0.9713792794963777]}