{"model": "nn20nd", "dataset": "h103_bayram_3_7", "congress": "103", "chamber": "House", "bayram_3_7": "style", "split": "train", "n": 4000, "TP": 1944, "FP": 48, "TN": 1952, "FN": 56, "precision": 0.9759036144578314, "recall": 0.972, "accuracy": 0.974, "f1": 0.973947895791583, "negative_accuracy": 0.976, "balanced_accuracy": 0.974, "AUC": 0.9971485000000001, "CI_95.0": [0.9962459033649151, 0.9980510966350851]}