{"model": "nn20nd", "dataset": "h106_bayram_3_7", "congress": "106", "chamber": "House", "bayram_3_7": "style", "split": "train", "n": 4000, "TP": 1865, "FP": 72, "TN": 1928, "FN": 135, "precision": 0.9628291171915333, "recall": 0.9325, "accuracy": 0.94825, "f1": 0.9474218948437898, "negative_accuracy": 0.964, "balanced_accuracy": 0.94825, "AUC": 0.98873625, "CI_95.0": [0.9863105980753532, 0.9911619019246468]}