{"model": "nn20nd", "dataset": "h097_bayram_1_1", "congress": "097", "chamber": "House", "bayram_1_1": "style", "split": "train", "n": 4000, "TP": 1985, "FP": 13, "TN": 1987, "FN": 15, "precision": 0.9934934934934935, "recall": 0.9925, "accuracy": 0.993, "f1": 0.9929964982491246, "negative_accuracy": 0.9935, "balanced_accuracy": 0.9930000000000001, "AUC": 0.9995835000000001, "CI_95.0": [0.9992255941239295, 0.9999414058760706]}