{"model": "nn20nd", "dataset": "h097_3gram_max_balanced_0", "congress": "097", "chamber": "House", "3gram_max_balanced_0": "style", "split": "train", "n": 23038, "TP": 8916, "FP": 1371, "TN": 10148, "FN": 2603, "precision": 0.8667249927092446, "recall": 0.7740255230488757, "accuracy": 0.8275023873600139, "f1": 0.8177565807575896, "negative_accuracy": 0.880979251671152, "balanced_accuracy": 0.8275023873600138, "AUC": 0.9096527664002603, "CI_95.0": [0.9059620085159649, 0.9133435242845557]}