{"model": "nn20nd", "dataset": "h114_2gram_max_balanced_0", "congress": "114", "chamber": "House", "2gram_max_balanced_0": "style", "split": "train", "n": 18990, "TP": 8646, "FP": 507, "TN": 8988, "FN": 849, "precision": 0.9446083251392986, "recall": 0.9105845181674566, "accuracy": 0.9285939968404423, "f1": 0.9272844272844273, "negative_accuracy": 0.9466034755134282, "balanced_accuracy": 0.9285939968404424, "AUC": 0.9813328208826961, "CI_95.0": [0.9798052650696898, 0.9828603766957025]}