{"model": "nn20nd", "dataset": "h103_max_balanced_0", "congress": "103", "chamber": "House", "max_balanced_0": "style", "split": "train", "n": 28186, "TP": 12179, "FP": 3279, "TN": 10814, "FN": 1914, "precision": 0.7878768275326692, "recall": 0.8641878946994962, "accuracy": 0.8157595969630312, "f1": 0.8242699062637474, "negative_accuracy": 0.7673312992265664, "balanced_accuracy": 0.8157595969630314, "AUC": 0.9041542792171309, "CI_95.0": [0.9007668495584692, 0.9075417088757926]}