{"model": "nn20nd", "dataset": "h097_2gram_max_balanced_0", "congress": "097", "chamber": "House", "2gram_max_balanced_0": "style", "split": "train", "n": 23038, "TP": 10549, "FP": 877, "TN": 10642, "FN": 970, "precision": 0.9232452301767898, "recall": 0.9157913013282403, "accuracy": 0.9198281100789999, "f1": 0.9195031597297887, "negative_accuracy": 0.9238649188297595, "balanced_accuracy": 0.9198281100789999, "AUC": 0.9736581956739647, "CI_95.0": [0.9718991845272513, 0.9754172068206781]}