{"model": "nn20nd", "dataset": "h106_bayram", "congress": "106", "chamber": "House", "bayram": "style", "split": "train", "n": 4000, "TP": 1631, "FP": 191, "TN": 1809, "FN": 369, "precision": 0.8951701427003294, "recall": 0.8155, "accuracy": 0.86, "f1": 0.8534798534798537, "negative_accuracy": 0.9045, "balanced_accuracy": 0.86, "AUC": 0.9367005, "CI_95.0": [0.9296926815357763, 0.9437083184642238]}