{"model": "nn20nd", "dataset": "h103_3gram_max_balanced_0", "congress": "103", "chamber": "House", "3gram_max_balanced_0": "style", "split": "train", "n": 28186, "TP": 12091, "FP": 1422, "TN": 12671, "FN": 2002, "precision": 0.894768001184045, "recall": 0.8579436599730362, "accuracy": 0.8785212516852338, "f1": 0.875968992248062, "negative_accuracy": 0.8990988433974314, "balanced_accuracy": 0.8785212516852339, "AUC": 0.9496894203349557, "CI_95.0": [0.9473532345743226, 0.9520256060955888]}