{"model": "nn20nd", "dataset": "h114_bayram", "congress": "114", "chamber": "House", "bayram": "style", "split": "train", "n": 4000, "TP": 1825, "FP": 234, "TN": 1766, "FN": 175, "precision": 0.8863525983487129, "recall": 0.9125, "accuracy": 0.89775, "f1": 0.8992362650899236, "negative_accuracy": 0.883, "balanced_accuracy": 0.89775, "AUC": 0.9638777500000001, "CI_95.0": [0.9588052840559773, 0.9689502159440229]}