{"model": "logistic", "dataset": "h112_114_max_balanced_0_10_50", "congress": "112_114", "chamber": "House", "style": "max_balanced_0_10_50", "split": "train", "n": 60882, "TP": 24791, "FP": 4474, "TN": 25967, "FN": 5650, "precision": 0.8471211344609602, "recall": 0.8143950592950298, "accuracy": 0.8337111133011399, "f1": 0.8304358020969416, "negative_accuracy": 0.8530271673072501, "balanced_accuracy": 0.8337111133011399, "AUC": 0.9206186728621668, "CI_95.0": [0.9185742967897507, 0.922663048934583]}