{"model": "logistic", "dataset": "h058_max_balanced_0_3_7", "congress": "058", "chamber": "Senate", "style": "max_balanced_0_3_7", "split": "train", "n": 6362, "TP": 2707, "FP": 476, "TN": 2705, "FN": 474, "precision": 0.8504555450832548, "recall": 0.8509902546369066, "accuracy": 0.8506758880855076, "f1": 0.8507228158390949, "negative_accuracy": 0.8503615215341088, "balanced_accuracy": 0.8506758880855076, "AUC": 0.9300501316317282, "CI_95.0": [0.9240873448064539, 0.9360129184570025]}