{"model": "logistic", "dataset": "h070_max_balanced_0", "congress": "070", "chamber": "House", "style": "max_balanced_0", "split": "train", "n": 11530, "TP": 4536, "FP": 1398, "TN": 4367, "FN": 1229, "precision": 0.7644084934277048, "recall": 0.7868169991326973, "accuracy": 0.7721595836947095, "f1": 0.7754508932387384, "negative_accuracy": 0.7575021682567216, "balanced_accuracy": 0.7721595836947095, "AUC": 0.8567145400700611, "CI_95.0": [0.8500605133529001, 0.8633685667872221]}