{"model": "logistic", "dataset": "h088_max_balanced_0_10_50", "congress": "088", "chamber": "Senate", "style": "max_balanced_0_10_50", "split": "train", "n": 23870, "TP": 9419, "FP": 2412, "TN": 9523, "FN": 2516, "precision": 0.7961288141323641, "recall": 0.7891914537075827, "accuracy": 0.7935483870967742, "f1": 0.7926449549776992, "negative_accuracy": 0.7979053204859656, "balanced_accuracy": 0.7935483870967741, "AUC": 0.8809678700558058, "CI_95.0": [0.8768045589228706, 0.885131181188741]}