{"model": "logistic", "dataset": "h085_max_balanced_0_3_7", "congress": "085", "chamber": "Senate", "style": "max_balanced_0_3_7", "split": "train", "n": 23738, "TP": 9711, "FP": 1909, "TN": 9960, "FN": 2158, "precision": 0.8357142857142857, "recall": 0.8181818181818182, "accuracy": 0.8286713286713286, "f1": 0.8268551236749117, "negative_accuracy": 0.8391608391608392, "balanced_accuracy": 0.8286713286713288, "AUC": 0.9109581313363161, "CI_95.0": [0.9073929029040984, 0.9145233597685338]}