{"model": "logistic", "dataset": "h106_max_balanced_0_10_50", "congress": "106", "chamber": "House", "style": "max_balanced_0_10_50", "split": "train", "n": 27700, "TP": 11349, "FP": 2309, "TN": 11541, "FN": 2501, "precision": 0.830941572704642, "recall": 0.8194223826714802, "accuracy": 0.8263537906137184, "f1": 0.8251417769376181, "negative_accuracy": 0.8332851985559567, "balanced_accuracy": 0.8263537906137184, "AUC": 0.9105778336743604, "CI_95.0": [0.9073147182052324, 0.9138409491434885]}