{"model": "logistic", "dataset": "h051_max_balanced_0_3_7", "congress": "051", "chamber": "House", "style": "max_balanced_0_3_7", "split": "train", "n": 17474, "TP": 6880, "FP": 1563, "TN": 7174, "FN": 1857, "precision": 0.8148762288286154, "recall": 0.7874556483918965, "accuracy": 0.8042806455305025, "f1": 0.8009313154831199, "negative_accuracy": 0.8211056426691083, "balanced_accuracy": 0.8042806455305025, "AUC": 0.8902263450808631, "CI_95.0": [0.8855668811960311, 0.894885808965695]}