{"model": "logistic", "dataset": "h087_max_balanced_0", "congress": "087", "chamber": "House", "style": "max_balanced_0", "split": "train", "n": 20188, "TP": 7965, "FP": 2044, "TN": 8050, "FN": 2129, "precision": 0.7957837945848736, "recall": 0.7890826233405984, "accuracy": 0.7932930453734892, "f1": 0.7924190419340397, "negative_accuracy": 0.79750346740638, "balanced_accuracy": 0.7932930453734892, "AUC": 0.8796450525747493, "CI_95.0": [0.8750846452469712, 0.8842054599025275]}