{"model": "logistic", "dataset": "h093_max_balanced_0", "congress": "093", "chamber": "House", "style": "max_balanced_0", "split": "train", "n": 27980, "TP": 10224, "FP": 3512, "TN": 10478, "FN": 3766, "precision": 0.7443214909726267, "recall": 0.730807719799857, "accuracy": 0.7398856325947105, "f1": 0.7375027050421986, "negative_accuracy": 0.748963545389564, "balanced_accuracy": 0.7398856325947105, "AUC": 0.8171438166034045, "CI_95.0": [0.8122734563151245, 0.8220141768916845]}