{"model": "logistic", "dataset": "h079_max_balanced_0_3_7", "congress": "079", "chamber": "House", "style": "max_balanced_0_3_7", "split": "train", "n": 20586, "TP": 8594, "FP": 1964, "TN": 8329, "FN": 1699, "precision": 0.8139799204394772, "recall": 0.8349363645195764, "accuracy": 0.8220635383270184, "f1": 0.8243249724233851, "negative_accuracy": 0.8091907121344604, "balanced_accuracy": 0.8220635383270184, "AUC": 0.9088516436354198, "CI_95.0": [0.9050083881038877, 0.9126948991669519]}