{"model": "logistic", "dataset": "h063_max_balanced_0", "congress": "063", "chamber": "Senate", "style": "max_balanced_0", "split": "train", "n": 34318, "TP": 12598, "FP": 3846, "TN": 13313, "FN": 4561, "precision": 0.7661153004135247, "recall": 0.734191969228976, "accuracy": 0.7550265166967772, "f1": 0.7498140047019611, "negative_accuracy": 0.7758610641645783, "balanced_accuracy": 0.7550265166967771, "AUC": 0.8391515709908554, "CI_95.0": [0.8350439497190943, 0.8432591922626164]}