{"model": "logistic", "dataset": "h074_max_balanced_0_10_50", "congress": "074", "chamber": "Senate", "style": "max_balanced_0_10_50", "split": "train", "n": 8112, "TP": 3294, "FP": 1161, "TN": 2895, "FN": 762, "precision": 0.7393939393939394, "recall": 0.8121301775147929, "accuracy": 0.7629437869822485, "f1": 0.7740571025731406, "negative_accuracy": 0.7137573964497042, "balanced_accuracy": 0.7629437869822485, "AUC": 0.8485950453512753, "CI_95.0": [0.8403827835672764, 0.8568073071352742]}