{"model": "logistic", "dataset": "h063_max_balanced_0_3_7", "congress": "063", "chamber": "House", "style": "max_balanced_0_3_7", "split": "train", "n": 30930, "TP": 12292, "FP": 3629, "TN": 11836, "FN": 3173, "precision": 0.7720620564034922, "recall": 0.7948270287746524, "accuracy": 0.7800840607824119, "f1": 0.783279169056267, "negative_accuracy": 0.7653410927901714, "balanced_accuracy": 0.7800840607824119, "AUC": 0.8660497735413935, "CI_95.0": [0.8621350001271957, 0.8699645469555912]}