{"model": "logistic", "dataset": "h075_max_balanced_0", "congress": "075", "chamber": "House", "style": "max_balanced_0", "split": "train", "n": 13742, "TP": 5444, "FP": 1659, "TN": 5212, "FN": 1427, "precision": 0.7664367168801914, "recall": 0.792315529035075, "accuracy": 0.7754329791878911, "f1": 0.7791612995563189, "negative_accuracy": 0.7585504293407073, "balanced_accuracy": 0.7754329791878911, "AUC": 0.8642335951337752, "CI_95.0": [0.8583170833218492, 0.8701501069457012]}