{"model": "logistic", "dataset": "h082_max_balanced_0", "congress": "082", "chamber": "Senate", "style": "max_balanced_0", "split": "train", "n": 25136, "TP": 9314, "FP": 2563, "TN": 10005, "FN": 3254, "precision": 0.7842047655131767, "recall": 0.7410884786760026, "accuracy": 0.7685789306174411, "f1": 0.762037226426672, "negative_accuracy": 0.7960693825588797, "balanced_accuracy": 0.7685789306174411, "AUC": 0.8532358476571095, "CI_95.0": [0.8486784837295867, 0.8577932115846323]}