{"model": "logistic", "dataset": "h109_max_balanced_0_10_50", "congress": "109", "chamber": "Senate", "style": "max_balanced_0_10_50", "split": "train", "n": 20046, "TP": 8949, "FP": 1180, "TN": 8843, "FN": 1074, "precision": 0.8835028137032284, "recall": 0.8928464531577373, "accuracy": 0.8875586151850743, "f1": 0.8881500595474395, "negative_accuracy": 0.8822707772124114, "balanced_accuracy": 0.8875586151850743, "AUC": 0.9571122505237855, "CI_95.0": [0.9546351179906173, 0.9595893830569536]}