{"model": "logistic", "dataset": "h109_bayram", "congress": "109", "chamber": "House", "bayram": "style", "split": "train", "n": 4000, "TP": 1708, "FP": 245, "TN": 1755, "FN": 292, "precision": 0.8745519713261649, "recall": 0.854, "accuracy": 0.86575, "f1": 0.8641538072350115, "negative_accuracy": 0.8775, "balanced_accuracy": 0.86575, "AUC": 0.9421434999999999, "CI_95.0": [0.9354988494488645, 0.9487881505511353]}