{"model": "logistic", "dataset": "h050_max_balanced_0", "congress": "050", "chamber": "House", "style": "max_balanced_0", "split": "train", "n": 12228, "TP": 4722, "FP": 1748, "TN": 4366, "FN": 1392, "precision": 0.7298299845440495, "recall": 0.7723258096172718, "accuracy": 0.7432122996401701, "f1": 0.7504767959313414, "negative_accuracy": 0.7140987896630684, "balanced_accuracy": 0.7432122996401701, "AUC": 0.8281816915739751, "CI_95.0": [0.821065935923413, 0.8352974472245372]}