{"model": "logistic", "dataset": "h106_max_balanced_0_3_7", "congress": "106", "chamber": "Senate", "style": "max_balanced_0_3_7", "split": "train", "n": 23422, "TP": 10321, "FP": 1472, "TN": 10239, "FN": 1390, "precision": 0.875180191639108, "recall": 0.8813081718042866, "accuracy": 0.8778071898215353, "f1": 0.8782334921715452, "negative_accuracy": 0.8743062078387841, "balanced_accuracy": 0.8778071898215354, "AUC": 0.9526252793151105, "CI_95.0": [0.950218907298413, 0.9550316513318081]}