{"model": "logistic", "dataset": "h083_max_balanced_0_10_50", "congress": "083", "chamber": "Senate", "style": "max_balanced_0_10_50", "split": "train", "n": 29766, "TP": 11875, "FP": 3278, "TN": 11605, "FN": 3008, "precision": 0.7836732000263974, "recall": 0.7978902103070618, "accuracy": 0.7888194584425183, "f1": 0.7907178053003063, "negative_accuracy": 0.7797487065779749, "balanced_accuracy": 0.7888194584425183, "AUC": 0.8742130565599744, "CI_95.0": [0.8703597503535644, 0.8780663627663844]}