{"model": "logistic", "dataset": "h053_max_balanced_0", "congress": "053", "chamber": "Senate", "style": "max_balanced_0", "split": "train", "n": 14226, "TP": 5712, "FP": 1152, "TN": 5961, "FN": 1401, "precision": 0.8321678321678322, "recall": 0.8030366933783214, "accuracy": 0.8205398566005905, "f1": 0.8173427774200472, "negative_accuracy": 0.8380430198228596, "balanced_accuracy": 0.8205398566005905, "AUC": 0.9060958752474982, "CI_95.0": [0.9013792640734342, 0.9108124864215623]}