{"model": "logistic", "dataset": "h057_max_balanced_0_10_50", "congress": "057", "chamber": "House", "style": "max_balanced_0_10_50", "split": "train", "n": 8856, "TP": 3427, "FP": 787, "TN": 3641, "FN": 1001, "precision": 0.8132415757000475, "recall": 0.7739385727190605, "accuracy": 0.7981029810298103, "f1": 0.793103448275862, "negative_accuracy": 0.8222673893405601, "balanced_accuracy": 0.7981029810298104, "AUC": 0.8821859120616199, "CI_95.0": [0.8753379013947501, 0.8890339227284897]}