{"model": "logistic", "dataset": "h097_max_balanced_0_10_50", "congress": "097", "chamber": "Senate", "style": "max_balanced_0_10_50", "split": "train", "n": 27752, "TP": 11459, "FP": 2646, "TN": 11230, "FN": 2417, "precision": 0.8124069478908189, "recall": 0.8258143557221101, "accuracy": 0.8175626981839147, "f1": 0.8190557878560452, "negative_accuracy": 0.8093110406457192, "balanced_accuracy": 0.8175626981839147, "AUC": 0.8998802275078006, "CI_95.0": [0.8963792310414871, 0.9033812239741141]}