{"model": "logistic", "dataset": "h083_max_balanced_0", "congress": "083", "chamber": "House", "style": "max_balanced_0", "split": "train", "n": 16748, "TP": 6763, "FP": 1780, "TN": 6594, "FN": 1611, "precision": 0.7916422802294276, "recall": 0.8076188201576308, "accuracy": 0.7975280630523047, "f1": 0.7995507477685168, "negative_accuracy": 0.7874373059469787, "balanced_accuracy": 0.7975280630523047, "AUC": 0.8831209073497305, "CI_95.0": [0.87818303898952, 0.888058775709941]}