{"model": "logistic", "dataset": "h067_max_balanced_0", "congress": "067", "chamber": "House", "style": "max_balanced_0", "split": "train", "n": 20092, "TP": 7209, "FP": 2339, "TN": 7707, "FN": 2837, "precision": 0.7550272308336824, "recall": 0.7175990443957794, "accuracy": 0.7423850288672108, "f1": 0.7358375012759008, "negative_accuracy": 0.7671710133386422, "balanced_accuracy": 0.7423850288672108, "AUC": 0.8249099137001843, "CI_95.0": [0.8193044172641282, 0.8305154101362404]}