{"model": "logistic", "dataset": "h076_max_balanced_0_3_7", "congress": "076", "chamber": "Senate", "style": "max_balanced_0_3_7", "split": "train", "n": 9214, "TP": 3880, "FP": 878, "TN": 3729, "FN": 727, "precision": 0.8154686843211434, "recall": 0.8421966572606903, "accuracy": 0.8258085522031691, "f1": 0.8286171916711159, "negative_accuracy": 0.809420447145648, "balanced_accuracy": 0.8258085522031691, "AUC": 0.9071030772106262, "CI_95.0": [0.901204890657248, 0.9130012637640045]}