{"model": "logistic", "dataset": "h052_max_balanced_0_3_7", "congress": "052", "chamber": "House", "style": "max_balanced_0_3_7", "split": "train", "n": 6814, "TP": 3118, "FP": 253, "TN": 3154, "FN": 289, "precision": 0.9249480866211807, "recall": 0.9151746404461403, "accuracy": 0.9204578808335779, "f1": 0.9200354086751253, "negative_accuracy": 0.9257411212210156, "balanced_accuracy": 0.9204578808335779, "AUC": 0.9785139953835614, "CI_95.0": [0.9758506695980402, 0.9811773211690826]}