{"model": "logistic", "dataset": "h074_max_balanced_0_3_7", "congress": "074", "chamber": "House", "style": "max_balanced_0_3_7", "split": "train", "n": 12126, "TP": 5012, "FP": 945, "TN": 5118, "FN": 1051, "precision": 0.8413631022326674, "recall": 0.8266534718786079, "accuracy": 0.8353950189675078, "f1": 0.8339434276206322, "negative_accuracy": 0.8441365660564077, "balanced_accuracy": 0.8353950189675079, "AUC": 0.9172215705622602, "CI_95.0": [0.912474428016431, 0.9219687131080894]}