{"model": "logistic", "dataset": "h081_max_balanced_0_3_7", "congress": "081", "chamber": "Senate", "style": "max_balanced_0_3_7", "split": "train", "n": 35896, "TP": 14615, "FP": 3450, "TN": 14498, "FN": 3333, "precision": 0.8090229725989483, "recall": 0.8142968575885893, "accuracy": 0.8110374414976599, "f1": 0.8116513481242885, "negative_accuracy": 0.8077780254067306, "balanced_accuracy": 0.81103744149766, "AUC": 0.8954384196173987, "CI_95.0": [0.8922796246024084, 0.898597214632389]}