{"model": "logistic", "dataset": "h060_max_balanced_0_3_7", "congress": "060", "chamber": "House", "style": "max_balanced_0_3_7", "split": "train", "n": 9692, "TP": 3861, "FP": 864, "TN": 3982, "FN": 985, "precision": 0.8171428571428572, "recall": 0.7967395790342551, "accuracy": 0.8092241023524557, "f1": 0.8068122453244175, "negative_accuracy": 0.8217086256706562, "balanced_accuracy": 0.8092241023524556, "AUC": 0.8921385567769599, "CI_95.0": [0.8859308882230023, 0.8983462253309175]}