{"model": "logistic", "dataset": "h068_max_balanced_0_3_7", "congress": "068", "chamber": "House", "style": "max_balanced_0_3_7", "split": "train", "n": 18224, "TP": 7394, "FP": 2160, "TN": 6952, "FN": 1718, "precision": 0.7739166841113669, "recall": 0.8114574187884109, "accuracy": 0.7872036874451273, "f1": 0.7922425800921462, "negative_accuracy": 0.7629499561018437, "balanced_accuracy": 0.7872036874451274, "AUC": 0.8752431031429383, "CI_95.0": [0.8703353148640841, 0.8801508914217925]}