{"model": "logistic", "dataset": "h113_max_balanced_0_10_50", "congress": "113", "chamber": "House", "style": "max_balanced_0_10_50", "split": "train", "n": 22802, "TP": 9894, "FP": 1264, "TN": 10137, "FN": 1507, "precision": 0.8867180498297186, "recall": 0.8678186124024209, "accuracy": 0.8784755723182177, "f1": 0.877166541070083, "negative_accuracy": 0.8891325322340146, "balanced_accuracy": 0.8784755723182177, "AUC": 0.9533106191487594, "CI_95.0": [0.9509062937534101, 0.9557149445441087]}