{"model": "logistic", "dataset": "h055_max_balanced_0_3_7", "congress": "055", "chamber": "House", "style": "max_balanced_0_3_7", "split": "train", "n": 12160, "TP": 5256, "FP": 1219, "TN": 4861, "FN": 824, "precision": 0.8117374517374517, "recall": 0.8644736842105263, "accuracy": 0.8319901315789474, "f1": 0.8372759856630824, "negative_accuracy": 0.7995065789473684, "balanced_accuracy": 0.8319901315789473, "AUC": 0.9127636177718145, "CI_95.0": [0.9078379619937593, 0.9176892735498696]}