{"model": "logistic", "dataset": "h080_max_balanced_0_3_7", "congress": "080", "chamber": "House", "style": "max_balanced_0_3_7", "split": "train", "n": 12754, "TP": 5506, "FP": 896, "TN": 5481, "FN": 871, "precision": 0.8600437363323962, "recall": 0.8634153990904814, "accuracy": 0.8614552297318488, "f1": 0.861726269661163, "negative_accuracy": 0.8594950603732162, "balanced_accuracy": 0.8614552297318487, "AUC": 0.9399370173640083, "CI_95.0": [0.9361561071922374, 0.9437179275357791]}