{"model": "logistic", "dataset": "h090_max_balanced_0_3_7", "congress": "090", "chamber": "Senate", "style": "max_balanced_0_3_7", "split": "train", "n": 23370, "TP": 9898, "FP": 2146, "TN": 9539, "FN": 1787, "precision": 0.8218199933576885, "recall": 0.847068891741549, "accuracy": 0.8317073170731707, "f1": 0.8342534451515025, "negative_accuracy": 0.8163457424047925, "balanced_accuracy": 0.8317073170731708, "AUC": 0.9154136183210356, "CI_95.0": [0.9119476149107606, 0.9188796217313107]}