{"model": "logistic", "dataset": "h074_max_balanced_0_3_7", "congress": "074", "chamber": "Senate", "style": "max_balanced_0_3_7", "split": "train", "n": 8112, "TP": 3661, "FP": 435, "TN": 3621, "FN": 395, "precision": 0.893798828125, "recall": 0.9026134122287969, "accuracy": 0.8976824457593688, "f1": 0.8981844946025515, "negative_accuracy": 0.8927514792899408, "balanced_accuracy": 0.8976824457593688, "AUC": 0.9620346278822326, "CI_95.0": [0.9583918019520176, 0.9656774538124476]}