{"model": "logistic", "dataset": "h048_max_balanced_0_3_7", "congress": "048", "chamber": "House", "style": "max_balanced_0_3_7", "split": "train", "n": 8810, "TP": 3790, "FP": 799, "TN": 3606, "FN": 615, "precision": 0.8258879930268033, "recall": 0.8603859250851306, "accuracy": 0.83950056753689, "f1": 0.8427840782744052, "negative_accuracy": 0.8186152099886492, "balanced_accuracy": 0.8395005675368898, "AUC": 0.9195655025181632, "CI_95.0": [0.9140791267327065, 0.9250518783036198]}