{"model": "logistic", "dataset": "h078_max_balanced_0", "congress": "078", "chamber": "House", "style": "max_balanced_0", "split": "train", "n": 24124, "TP": 9089, "FP": 2514, "TN": 9548, "FN": 2973, "precision": 0.7833318969232095, "recall": 0.7535234621124192, "accuracy": 0.7725501575194826, "f1": 0.7681386013099514, "negative_accuracy": 0.7915768529265462, "balanced_accuracy": 0.7725501575194826, "AUC": 0.858630199229587, "CI_95.0": [0.8540757517430153, 0.8631846467161588]}