{"model": "logistic", "dataset": "h055_max_balanced_0_3_7", "congress": "055", "chamber": "Senate", "style": "max_balanced_0_3_7", "split": "train", "n": 11918, "TP": 5154, "FP": 644, "TN": 5315, "FN": 805, "precision": 0.8889272162814764, "recall": 0.8649102198355428, "accuracy": 0.8784191978519886, "f1": 0.8767542740495023, "negative_accuracy": 0.8919281758684343, "balanced_accuracy": 0.8784191978519886, "AUC": 0.9509034029339773, "CI_95.0": [0.9474229828117415, 0.9543838230562132]}