{"model": "logistic", "dataset": "h088_max_balanced_0_3_7", "congress": "088", "chamber": "House", "style": "max_balanced_0_3_7", "split": "train", "n": 21950, "TP": 9334, "FP": 2250, "TN": 8725, "FN": 1641, "precision": 0.8057665745856354, "recall": 0.8504783599088839, "accuracy": 0.8227334851936219, "f1": 0.8275189503080812, "negative_accuracy": 0.7949886104783599, "balanced_accuracy": 0.8227334851936219, "AUC": 0.9064074387326757, "CI_95.0": [0.9026113468712204, 0.9102035305941311]}