{"model": "logistic", "dataset": "h073_max_balanced_0_3_7", "congress": "073", "chamber": "House", "style": "max_balanced_0_3_7", "split": "train", "n": 9750, "TP": 3932, "FP": 1050, "TN": 3825, "FN": 943, "precision": 0.7892412685668406, "recall": 0.8065641025641026, "accuracy": 0.7955897435897435, "f1": 0.7978086638936797, "negative_accuracy": 0.7846153846153846, "balanced_accuracy": 0.7955897435897437, "AUC": 0.8841118842866534, "CI_95.0": [0.8776815819053029, 0.890542186668004]}