{"model": "logistic", "dataset": "h073_max_balanced_0", "congress": "073", "chamber": "Senate", "style": "max_balanced_0", "split": "train", "n": 11004, "TP": 3977, "FP": 1255, "TN": 4247, "FN": 1525, "precision": 0.7601299694189603, "recall": 0.722828062522719, "accuracy": 0.747364594692839, "f1": 0.7410098751630334, "negative_accuracy": 0.771901126862959, "balanced_accuracy": 0.747364594692839, "AUC": 0.8279987013743789, "CI_95.0": [0.8204631410542343, 0.8355342616945235]}