{"model": "logistic", "dataset": "h112_max_balanced_0_3_7", "congress": "112", "chamber": "House", "style": "max_balanced_0_3_7", "split": "train", "n": 26090, "TP": 11436, "FP": 1438, "TN": 11607, "FN": 1609, "precision": 0.8883020040391487, "recall": 0.876657723265619, "accuracy": 0.8832119586048295, "f1": 0.8824414522165207, "negative_accuracy": 0.8897661939440399, "balanced_accuracy": 0.8832119586048295, "AUC": 0.956354856210943, "CI_95.0": [0.9541919651288644, 0.9585177472930215]}