{"model": "logistic", "dataset": "h069_max_balanced_0", "congress": "069", "chamber": "Senate", "style": "max_balanced_0", "split": "train", "n": 17592, "TP": 6686, "FP": 1953, "TN": 6843, "FN": 2110, "precision": 0.7739321680750086, "recall": 0.760118235561619, "accuracy": 0.7690427467030468, "f1": 0.7669630054488098, "negative_accuracy": 0.7779672578444747, "balanced_accuracy": 0.7690427467030468, "AUC": 0.8545285787640462, "CI_95.0": [0.8491001569496751, 0.8599570005784173]}