{"model": "logistic", "dataset": "h112_114_small_0_10_50", "congress": "112_114", "chamber": "House", "style": "small_0_10_50", "split": "train", "n": 12000, "TP": 5238, "FP": 556, "TN": 5444, "FN": 762, "precision": 0.9040386606834656, "recall": 0.873, "accuracy": 0.8901666666666667, "f1": 0.8882482618280482, "negative_accuracy": 0.9073333333333333, "balanced_accuracy": 0.8901666666666667, "AUC": 0.9613293333333334, "CI_95.0": [0.9583577432927142, 0.9643009233739526]}