{"model": "logistic", "dataset": "h081_max_balanced_0_10_50", "congress": "081", "chamber": "Senate", "style": "max_balanced_0_10_50", "split": "train", "n": 35896, "TP": 14102, "FP": 4239, "TN": 13709, "FN": 3846, "precision": 0.7688784690038711, "recall": 0.7857142857142857, "accuracy": 0.7747659906396256, "f1": 0.7772052137011215, "negative_accuracy": 0.7638176955649655, "balanced_accuracy": 0.7747659906396256, "AUC": 0.8588627754652037, "CI_95.0": [0.8551230223421928, 0.8626025285882146]}