{"model": "logistic", "dataset": "h063_max_balanced_0", "congress": "063", "chamber": "House", "style": "max_balanced_0", "split": "train", "n": 30930, "TP": 11644, "FP": 4235, "TN": 11230, "FN": 3821, "precision": 0.7332955475785629, "recall": 0.7529259618493372, "accuracy": 0.7395408988037504, "f1": 0.7429811128126595, "negative_accuracy": 0.7261558357581636, "balanced_accuracy": 0.7395408988037504, "AUC": 0.8197547751569019, "CI_95.0": [0.8151685160331577, 0.8243410342806461]}