{"model": "logistic", "dataset": "h088_max_balanced_0", "congress": "088", "chamber": "House", "style": "max_balanced_0", "split": "train", "n": 21950, "TP": 8942, "FP": 2773, "TN": 8202, "FN": 2033, "precision": 0.7632949210414, "recall": 0.814760820045558, "accuracy": 0.7810478359908883, "f1": 0.7881886293521375, "negative_accuracy": 0.7473348519362186, "balanced_accuracy": 0.7810478359908883, "AUC": 0.8675884247175969, "CI_95.0": [0.8629692286986892, 0.8722076207365046]}