{"model": "logistic", "dataset": "h047_max_balanced_0_10_50", "congress": "047", "chamber": "House", "style": "max_balanced_0_10_50", "split": "train", "n": 13646, "TP": 5113, "FP": 1701, "TN": 5122, "FN": 1710, "precision": 0.7503668916935721, "recall": 0.7493771068444965, "accuracy": 0.7500366407738531, "f1": 0.7498716726552761, "negative_accuracy": 0.7506961747032097, "balanced_accuracy": 0.7500366407738531, "AUC": 0.8281721270674327, "CI_95.0": [0.8214073043188463, 0.8349369498160191]}