{"model": "logistic", "dataset": "h084_max_balanced_0_10_50", "congress": "084", "chamber": "Senate", "style": "max_balanced_0_10_50", "split": "train", "n": 16536, "TP": 5770, "FP": 1589, "TN": 6679, "FN": 2498, "precision": 0.784073923087376, "recall": 0.6978713110788582, "accuracy": 0.7528422835026609, "f1": 0.7384654764190184, "negative_accuracy": 0.8078132559264635, "balanced_accuracy": 0.7528422835026609, "AUC": 0.8379617463614301, "CI_95.0": [0.8320380584290363, 0.8438854342938238]}