{"model": "logistic", "dataset": "h084_max_balanced_0_3_7", "congress": "084", "chamber": "House", "style": "max_balanced_0_3_7", "split": "train", "n": 14106, "TP": 5933, "FP": 829, "TN": 6224, "FN": 1120, "precision": 0.8774031351671103, "recall": 0.8412023252516659, "accuracy": 0.8618318446051325, "f1": 0.8589214621787912, "negative_accuracy": 0.8824613639585992, "balanced_accuracy": 0.8618318446051325, "AUC": 0.9386772597719694, "CI_95.0": [0.9349695857589502, 0.9423849337849886]}