{"model": "logistic", "dataset": "h112_max_balanced_0_10_50", "congress": "112", "chamber": "House", "style": "max_balanced_0_10_50", "split": "train", "n": 26090, "TP": 11019, "FP": 1762, "TN": 11283, "FN": 2026, "precision": 0.8621391127454816, "recall": 0.8446914526638559, "accuracy": 0.8548102721349176, "f1": 0.8533261054751026, "negative_accuracy": 0.8649290916059793, "balanced_accuracy": 0.8548102721349176, "AUC": 0.9344694434940175, "CI_95.0": [0.9316857665724155, 0.9372531204156195]}