{"model": "logistic", "dataset": "h060_max_balanced_0_10_50", "congress": "060", "chamber": "House", "style": "max_balanced_0_10_50", "split": "train", "n": 9692, "TP": 3643, "FP": 1078, "TN": 3768, "FN": 1203, "precision": 0.7716585469180258, "recall": 0.7517540239372679, "accuracy": 0.7646512587701196, "f1": 0.7615762516985471, "negative_accuracy": 0.7775484936029715, "balanced_accuracy": 0.7646512587701197, "AUC": 0.8467947747281565, "CI_95.0": [0.8392418971479327, 0.8543476523083802]}