{"model": "logistic", "dataset": "h059_max_balanced_0_10_50", "congress": "059", "chamber": "House", "style": "max_balanced_0_10_50", "split": "train", "n": 10606, "TP": 4073, "FP": 1525, "TN": 3778, "FN": 1230, "precision": 0.7275812790282243, "recall": 0.7680558174618141, "accuracy": 0.7402413728078446, "f1": 0.7472708925786624, "negative_accuracy": 0.7124269281538752, "balanced_accuracy": 0.7402413728078446, "AUC": 0.8152740814077785, "CI_95.0": [0.8073077406125349, 0.8232404222030221]}