{"model": "logistic", "dataset": "h054_max_balanced_0_10_50", "congress": "054", "chamber": "House", "style": "max_balanced_0_10_50", "split": "train", "n": 7310, "TP": 2695, "FP": 987, "TN": 2668, "FN": 960, "precision": 0.7319391634980988, "recall": 0.7373461012311902, "accuracy": 0.7336525307797538, "f1": 0.734632683658171, "negative_accuracy": 0.7299589603283174, "balanced_accuracy": 0.7336525307797538, "AUC": 0.8095647324561485, "CI_95.0": [0.7998534315993265, 0.8192760333129704]}