{"model": "logistic", "dataset": "h106_max_balanced_0_10_50", "congress": "106", "chamber": "Senate", "style": "max_balanced_0_10_50", "split": "train", "n": 23422, "TP": 10240, "FP": 1644, "TN": 10067, "FN": 1471, "precision": 0.861662739818243, "recall": 0.8743915976432414, "accuracy": 0.8670053795576809, "f1": 0.8679805043441408, "negative_accuracy": 0.8596191614721203, "balanced_accuracy": 0.8670053795576809, "AUC": 0.9449475284354575, "CI_95.0": [0.9423094018498955, 0.9475856550210194]}