{"model": "logistic", "dataset": "h058_max_balanced_0", "congress": "058", "chamber": "Senate", "style": "max_balanced_0", "split": "train", "n": 6362, "TP": 2370, "FP": 590, "TN": 2591, "FN": 811, "precision": 0.8006756756756757, "recall": 0.7450487268154669, "accuracy": 0.7797862307450487, "f1": 0.7718612603810454, "negative_accuracy": 0.8145237346746306, "balanced_accuracy": 0.7797862307450487, "AUC": 0.8646238408042248, "CI_95.0": [0.8559031371291408, 0.8733445444793089]}