{"model": "logistic", "dataset": "h111_max_balanced_0_10_50", "congress": "111", "chamber": "Senate", "style": "max_balanced_0_10_50", "split": "train", "n": 10924, "TP": 5070, "FP": 426, "TN": 5036, "FN": 392, "precision": 0.9224890829694323, "recall": 0.9282314170633468, "accuracy": 0.9251190040278287, "f1": 0.9253513414856726, "negative_accuracy": 0.9220065909923105, "balanced_accuracy": 0.9251190040278287, "AUC": 0.9794922604309445, "CI_95.0": [0.9774042798640229, 0.9815802409978661]}