{"model": "logistic", "dataset": "h077_max_balanced_0_3_7", "congress": "077", "chamber": "Senate", "style": "max_balanced_0_3_7", "split": "train", "n": 8380, "TP": 3704, "FP": 687, "TN": 3503, "FN": 486, "precision": 0.8435436119335004, "recall": 0.8840095465393795, "accuracy": 0.8600238663484487, "f1": 0.8633026453793264, "negative_accuracy": 0.8360381861575179, "balanced_accuracy": 0.8600238663484487, "AUC": 0.9351822728282477, "CI_95.0": [0.9301983159160696, 0.9401662297404259]}