{"model": "logistic", "dataset": "h108_max_balanced_0_3_7", "congress": "108", "chamber": "Senate", "style": "max_balanced_0_3_7", "split": "train", "n": 24402, "TP": 11141, "FP": 1220, "TN": 10981, "FN": 1060, "precision": 0.9013024836178303, "recall": 0.9131218752561265, "accuracy": 0.9065650356528153, "f1": 0.9071736829248432, "negative_accuracy": 0.9000081960495041, "balanced_accuracy": 0.9065650356528153, "AUC": 0.969162577022024, "CI_95.0": [0.967345973230896, 0.970979180813152]}