{"model": "logistic", "dataset": "h082_max_balanced_0_3_7", "congress": "082", "chamber": "Senate", "style": "max_balanced_0_3_7", "split": "train", "n": 25136, "TP": 10213, "FP": 2277, "TN": 10291, "FN": 2355, "precision": 0.8176941553242594, "recall": 0.8126193507320179, "accuracy": 0.8157224697644813, "f1": 0.8151488546571953, "negative_accuracy": 0.8188255887969447, "balanced_accuracy": 0.8157224697644813, "AUC": 0.9005109214150008, "CI_95.0": [0.8968532067078796, 0.904168636122122]}