{"model": "logistic", "dataset": "h110_max_balanced_0_10_50", "congress": "110", "chamber": "Senate", "style": "max_balanced_0_10_50", "split": "train", "n": 15224, "TP": 6808, "FP": 526, "TN": 7086, "FN": 804, "precision": 0.9282792473411509, "recall": 0.8943772990015765, "accuracy": 0.9126379400945875, "f1": 0.911012980061555, "negative_accuracy": 0.9308985811875985, "balanced_accuracy": 0.9126379400945874, "AUC": 0.9740664217297742, "CI_95.0": [0.9720298052605403, 0.9761030381990081]}