{"model": "logistic", "dataset": "h086_max_balanced_0_3_7", "congress": "086", "chamber": "House", "style": "max_balanced_0_3_7", "split": "train", "n": 14402, "TP": 5810, "FP": 938, "TN": 6263, "FN": 1391, "precision": 0.8609958506224067, "recall": 0.8068323843910568, "accuracy": 0.838286349118178, "f1": 0.8330346261380744, "negative_accuracy": 0.8697403138452993, "balanced_accuracy": 0.838286349118178, "AUC": 0.9177331447720322, "CI_95.0": [0.9133598287925058, 0.9221064607515586]}