{"model": "logistic", "dataset": "h109_max_balanced_0_3_7", "congress": "109", "chamber": "House", "style": "max_balanced_0_3_7", "split": "train", "n": 25802, "TP": 11612, "FP": 945, "TN": 11956, "FN": 1289, "precision": 0.9247431711396034, "recall": 0.9000852647081622, "accuracy": 0.9134175645298814, "f1": 0.9122476235368058, "negative_accuracy": 0.9267498643516007, "balanced_accuracy": 0.9134175645298814, "AUC": 0.9731797637696953, "CI_95.0": [0.9715584118291626, 0.974801115710228]}