{"model": "logistic", "dataset": "h102_max_balanced_0_3_7", "congress": "102", "chamber": "House", "style": "max_balanced_0_3_7", "split": "train", "n": 26054, "TP": 11366, "FP": 1676, "TN": 11351, "FN": 1661, "precision": 0.8714921024382764, "recall": 0.8724955860904275, "accuracy": 0.8719198587548936, "f1": 0.8719935555640799, "negative_accuracy": 0.8713441314193598, "balanced_accuracy": 0.8719198587548938, "AUC": 0.9474245225602705, "CI_95.0": [0.94496350386763, 0.9498855412529111]}