{"model": "logistic", "dataset": "h106_bayram_3_7", "congress": "106", "chamber": "House", "bayram_3_7": "style", "split": "train", "n": 4000, "TP": 1803, "FP": 212, "TN": 1788, "FN": 197, "precision": 0.894789081885856, "recall": 0.9015, "accuracy": 0.89775, "f1": 0.89813200498132, "negative_accuracy": 0.894, "balanced_accuracy": 0.89775, "AUC": 0.964157375, "CI_95.0": [0.9592588063310256, 0.9690559436689744]}