{"model": "logistic", "dataset": "h104_max_balanced_0_3_7", "congress": "104", "chamber": "Senate", "style": "max_balanced_0_3_7", "split": "train", "n": 29432, "TP": 12768, "FP": 1794, "TN": 12922, "FN": 1948, "precision": 0.876802637000412, "recall": 0.867627072574069, "accuracy": 0.8728594726827943, "f1": 0.8721907234100689, "negative_accuracy": 0.8780918727915195, "balanced_accuracy": 0.8728594726827943, "AUC": 0.9480205698120898, "CI_95.0": [0.945740945179079, 0.9503001944451006]}