{"model": "logistic", "dataset": "h074_max_balanced_0_10_50", "congress": "074", "chamber": "House", "style": "max_balanced_0_10_50", "split": "train", "n": 12126, "TP": 4828, "FP": 1282, "TN": 4781, "FN": 1235, "precision": 0.7901800327332242, "recall": 0.7963054593435593, "accuracy": 0.7924294903513113, "f1": 0.7932309208904955, "negative_accuracy": 0.7885535213590632, "balanced_accuracy": 0.7924294903513113, "AUC": 0.8772806092409926, "CI_95.0": [0.8713330337607637, 0.8832281847212216]}