{"model": "logistic", "dataset": "h049_max_balanced_0_3_7", "congress": "049", "chamber": "House", "style": "max_balanced_0_3_7", "split": "train", "n": 9374, "TP": 4103, "FP": 631, "TN": 4056, "FN": 584, "precision": 0.8667089142374313, "recall": 0.8754000426712183, "accuracy": 0.8703861745252827, "f1": 0.8710327990659166, "negative_accuracy": 0.8653723063793471, "balanced_accuracy": 0.8703861745252828, "AUC": 0.9438766961115066, "CI_95.0": [0.9395847902661891, 0.9481686019568241]}