{"model": "logistic", "dataset": "h046_max_balanced_0_3_7", "congress": "046", "chamber": "Senate", "style": "max_balanced_0_3_7", "split": "train", "n": 12772, "TP": 5437, "FP": 926, "TN": 5460, "FN": 949, "precision": 0.8544711614018544, "recall": 0.8513936736611337, "accuracy": 0.853194487942374, "f1": 0.852929641540513, "negative_accuracy": 0.8549953022236142, "balanced_accuracy": 0.853194487942374, "AUC": 0.9327650800877938, "CI_95.0": [0.9286770827877675, 0.9368530773878201]}