{"model": "logistic", "dataset": "h057_max_balanced_0_3_7", "congress": "057", "chamber": "Senate", "style": "max_balanced_0_3_7", "split": "train", "n": 6336, "TP": 2863, "FP": 283, "TN": 2885, "FN": 305, "precision": 0.9100445009535919, "recall": 0.9037247474747475, "accuracy": 0.9071969696969697, "f1": 0.9068736141906875, "negative_accuracy": 0.9106691919191919, "balanced_accuracy": 0.9071969696969697, "AUC": 0.969471187570146, "CI_95.0": [0.9659526643723566, 0.9729897107679355]}