{"model": "logistic", "dataset": "h072_max_balanced_0", "congress": "072", "chamber": "Senate", "style": "max_balanced_0", "split": "train", "n": 19180, "TP": 7041, "FP": 1807, "TN": 7783, "FN": 2549, "precision": 0.7957730560578662, "recall": 0.7342022940563087, "accuracy": 0.7728884254431699, "f1": 0.7637487796941099, "negative_accuracy": 0.8115745568300313, "balanced_accuracy": 0.77288842544317, "AUC": 0.8605641684453632, "CI_95.0": [0.8555016386407226, 0.8656266982500038]}