{"model": "logistic", "dataset": "h049_max_balanced_0", "congress": "049", "chamber": "Senate", "style": "max_balanced_0", "split": "train", "n": 7340, "TP": 2995, "FP": 673, "TN": 2997, "FN": 675, "precision": 0.8165212649945475, "recall": 0.8160762942779292, "accuracy": 0.8163487738419618, "f1": 0.8162987189970019, "negative_accuracy": 0.8166212534059946, "balanced_accuracy": 0.8163487738419619, "AUC": 0.9032301078781488, "CI_95.0": [0.8965794200680718, 0.9098807956882259]}