{"model": "logistic", "dataset": "h102_max_balanced_0_10_50", "congress": "102", "chamber": "House", "style": "max_balanced_0_10_50", "split": "train", "n": 26054, "TP": 10666, "FP": 2680, "TN": 10347, "FN": 2361, "precision": 0.7991907687696688, "recall": 0.818761034773931, "accuracy": 0.8065172334382437, "f1": 0.8088575436999962, "negative_accuracy": 0.7942734321025562, "balanced_accuracy": 0.8065172334382436, "AUC": 0.8918567626570107, "CI_95.0": [0.8880834567096089, 0.8956300686044126]}