{"model": "logistic", "dataset": "h101_max_balanced_0_10_50", "congress": "101", "chamber": "Senate", "style": "max_balanced_0_10_50", "split": "train", "n": 26160, "TP": 9939, "FP": 2247, "TN": 10833, "FN": 3141, "precision": 0.8156080748399803, "recall": 0.759862385321101, "accuracy": 0.7940366972477064, "f1": 0.7867489907385419, "negative_accuracy": 0.8282110091743119, "balanced_accuracy": 0.7940366972477064, "AUC": 0.8793126513854989, "CI_95.0": [0.8753018725162608, 0.8833234302547369]}