{"model": "logistic", "dataset": "h053_max_balanced_0_3_7", "congress": "053", "chamber": "House", "style": "max_balanced_0_3_7", "split": "train", "n": 13966, "TP": 5461, "FP": 1513, "TN": 5470, "FN": 1522, "precision": 0.7830513335245196, "recall": 0.7820421022483174, "accuracy": 0.7826865244164399, "f1": 0.7825463924912232, "negative_accuracy": 0.7833309465845625, "balanced_accuracy": 0.7826865244164399, "AUC": 0.8635011473723063, "CI_95.0": [0.857567074575535, 0.8694352201690776]}