{"model": "logistic", "dataset": "h100_3gram_max_balanced_0", "congress": "100", "chamber": "House", "3gram_max_balanced_0": "style", "split": "train", "n": 26218, "TP": 11658, "FP": 1355, "TN": 11754, "FN": 1451, "precision": 0.895873357411819, "recall": 0.8893126859409566, "accuracy": 0.8929742924708216, "f1": 0.8925809662353572, "negative_accuracy": 0.8966358990006865, "balanced_accuracy": 0.8929742924708215, "AUC": 0.9606669653024736, "CI_95.0": [0.9586022344075235, 0.9627316961974238]}