{"model": "logistic", "dataset": "h053_max_balanced_0_3_7", "congress": "053", "chamber": "Senate", "style": "max_balanced_0_3_7", "split": "train", "n": 14226, "TP": 6268, "FP": 996, "TN": 6117, "FN": 845, "precision": 0.862885462555066, "recall": 0.8812034303388162, "accuracy": 0.8705890622803318, "f1": 0.8719482506781665, "negative_accuracy": 0.8599746942218474, "balanced_accuracy": 0.8705890622803318, "AUC": 0.9458060180094902, "CI_95.0": [0.9424412972461619, 0.9491707387728184]}