{"model": "logistic", "dataset": "h114_max_balanced_0_3_7", "congress": "114", "chamber": "House", "style": "max_balanced_0_3_7", "split": "train", "n": 18990, "TP": 8540, "FP": 794, "TN": 8701, "FN": 955, "precision": 0.9149346475251767, "recall": 0.89942074776198, "accuracy": 0.9078988941548183, "f1": 0.9071113707578734, "negative_accuracy": 0.9163770405476567, "balanced_accuracy": 0.9078988941548183, "AUC": 0.9716672087884175, "CI_95.0": [0.969754828063234, 0.973579589513601]}