{"model": "logistic", "dataset": "h072_max_balanced_0_3_7", "congress": "072", "chamber": "House", "style": "max_balanced_0_3_7", "split": "train", "n": 17934, "TP": 6915, "FP": 1742, "TN": 7225, "FN": 2052, "precision": 0.7987755573524316, "recall": 0.7711609233857477, "accuracy": 0.7884465261514442, "f1": 0.7847253744893327, "negative_accuracy": 0.8057321289171406, "balanced_accuracy": 0.7884465261514442, "AUC": 0.8730550113560261, "CI_95.0": [0.8680411006972355, 0.8780689220148168]}