{"model": "logistic", "dataset": "h094_max_balanced_0_3_7", "congress": "094", "chamber": "Senate", "style": "max_balanced_0_3_7", "split": "train", "n": 30204, "TP": 12384, "FP": 2397, "TN": 12705, "FN": 2718, "precision": 0.8378323523442257, "recall": 0.8200238379022646, "accuracy": 0.8306515693285658, "f1": 0.8288324465415119, "negative_accuracy": 0.8412793007548669, "balanced_accuracy": 0.8306515693285658, "AUC": 0.913810737144132, "CI_95.0": [0.910722432568655, 0.9168990417196089]}