{"model": "logistic", "dataset": "h064_max_balanced_0_10_50", "congress": "064", "chamber": "House", "style": "max_balanced_0_10_50", "split": "train", "n": 25334, "TP": 9678, "FP": 3940, "TN": 8727, "FN": 2989, "precision": 0.7106770450873844, "recall": 0.7640325254598563, "accuracy": 0.726494039630536, "f1": 0.7363895758036904, "negative_accuracy": 0.6889555538012158, "balanced_accuracy": 0.726494039630536, "AUC": 0.8070689771126525, "CI_95.0": [0.801833346737559, 0.8123046074877459]}