{"model": "logistic", "dataset": "h069_max_balanced_0_3_7", "congress": "069", "chamber": "House", "style": "max_balanced_0_3_7", "split": "train", "n": 16482, "TP": 6647, "FP": 1647, "TN": 6594, "FN": 1594, "precision": 0.8014227152158186, "recall": 0.8065768717388666, "accuracy": 0.8033612425676495, "f1": 0.8039915331115814, "negative_accuracy": 0.8001456133964324, "balanced_accuracy": 0.8033612425676495, "AUC": 0.8875907854808488, "CI_95.0": [0.8827291347125823, 0.8924524362491153]}