{"model": "logistic", "dataset": "h094_max_balanced_0_10_50", "congress": "094", "chamber": "House", "style": "max_balanced_0_10_50", "split": "train", "n": 25848, "TP": 9536, "FP": 3122, "TN": 9802, "FN": 3388, "precision": 0.7533575604360878, "recall": 0.73785205818632, "accuracy": 0.7481429897864438, "f1": 0.7455241967008052, "negative_accuracy": 0.7584339213865676, "balanced_accuracy": 0.7481429897864438, "AUC": 0.8303451116404538, "CI_95.0": [0.8254862839554395, 0.835203939325468]}