{"model": "logistic", "dataset": "h054_max_balanced_0_10_50", "congress": "054", "chamber": "Senate", "style": "max_balanced_0_10_50", "split": "train", "n": 7880, "TP": 3240, "FP": 656, "TN": 3284, "FN": 700, "precision": 0.8316221765913757, "recall": 0.8223350253807107, "accuracy": 0.8279187817258883, "f1": 0.8269525267993875, "negative_accuracy": 0.833502538071066, "balanced_accuracy": 0.8279187817258884, "AUC": 0.9112918395217603, "CI_95.0": [0.9051920595396802, 0.9173916195038404]}