{"model": "logistic", "dataset": "h114_max_balanced_0_3_7", "congress": "114", "chamber": "Senate", "style": "max_balanced_0_3_7", "split": "train", "n": 8498, "TP": 4134, "FP": 98, "TN": 4151, "FN": 115, "precision": 0.9768431001890359, "recall": 0.9729348081901624, "accuracy": 0.9749352788891504, "f1": 0.9748850371418465, "negative_accuracy": 0.9769357495881383, "balanced_accuracy": 0.9749352788891503, "AUC": 0.9967677247829996, "CI_95.0": [0.9958785428665083, 0.9976569066994908]}