{"model": "logistic", "dataset": "h096_max_balanced_0", "congress": "096", "chamber": "Senate", "style": "max_balanced_0", "split": "train", "n": 31334, "TP": 11596, "FP": 3260, "TN": 12407, "FN": 4071, "precision": 0.780560043080237, "recall": 0.7401544647986213, "accuracy": 0.7660368928320674, "f1": 0.7598204632572158, "negative_accuracy": 0.7919193208655135, "balanced_accuracy": 0.7660368928320674, "AUC": 0.8505041388684663, "CI_95.0": [0.8463757641107037, 0.8546325136262289]}