{"model": "logistic", "dataset": "h103_max_balanced_0_3_7", "congress": "103", "chamber": "House", "style": "max_balanced_0_3_7", "split": "train", "n": 28186, "TP": 12377, "FP": 2188, "TN": 11905, "FN": 1716, "precision": 0.849776862341229, "recall": 0.8782374228340311, "accuracy": 0.8614915206130703, "f1": 0.8637727685114104, "negative_accuracy": 0.8447456183921096, "balanced_accuracy": 0.8614915206130703, "AUC": 0.9385172265639536, "CI_95.0": [0.935922594650657, 0.9411118584772503]}