{"model": "logistic", "dataset": "h090_max_balanced_0", "congress": "090", "chamber": "House", "style": "max_balanced_0", "split": "train", "n": 29912, "TP": 11174, "FP": 3249, "TN": 11707, "FN": 3782, "precision": 0.7747347985855925, "recall": 0.7471248997058036, "accuracy": 0.7649438352500668, "f1": 0.7606793968480888, "negative_accuracy": 0.78276277079433, "balanced_accuracy": 0.7649438352500668, "AUC": 0.8494537015273329, "CI_95.0": [0.8452124020442366, 0.8536950010104292]}