{"model": "logistic", "dataset": "h099_max_balanced_0_3_7", "congress": "099", "chamber": "Senate", "style": "max_balanced_0_3_7", "split": "train", "n": 32360, "TP": 13099, "FP": 2819, "TN": 13361, "FN": 3081, "precision": 0.8229048875486871, "recall": 0.8095797280593325, "accuracy": 0.8176761433868974, "f1": 0.8161879244812762, "negative_accuracy": 0.8257725587144623, "balanced_accuracy": 0.8176761433868974, "AUC": 0.9023725077580556, "CI_95.0": [0.8991875304602628, 0.9055574850558483]}