{"model": "logistic", "dataset": "h107_max_balanced_0_3_7", "congress": "107", "chamber": "Senate", "style": "max_balanced_0_3_7", "split": "train", "n": 18208, "TP": 7829, "FP": 1254, "TN": 7850, "FN": 1275, "precision": 0.861939887702301, "recall": 0.8599516695957821, "accuracy": 0.8611050087873462, "f1": 0.8609446307802276, "negative_accuracy": 0.8622583479789103, "balanced_accuracy": 0.8611050087873462, "AUC": 0.9372347037533086, "CI_95.0": [0.9339573504110521, 0.9405120570955652]}