{"model": "logistic", "dataset": "h097_max_balanced_0_3_7", "congress": "097", "chamber": "House", "style": "max_balanced_0_3_7", "split": "train", "n": 23038, "TP": 8824, "FP": 2749, "TN": 8770, "FN": 2695, "precision": 0.7624643566923011, "recall": 0.7660387186387707, "accuracy": 0.7636947651705878, "f1": 0.7642473583925168, "negative_accuracy": 0.7613508117024047, "balanced_accuracy": 0.7636947651705877, "AUC": 0.8471167272668871, "CI_95.0": [0.8422226488139192, 0.8520108057198551]}