{"model": "logistic", "dataset": "h067_max_balanced_0_3_7", "congress": "067", "chamber": "Senate", "style": "max_balanced_0_3_7", "split": "train", "n": 36262, "TP": 14607, "FP": 3721, "TN": 14410, "FN": 3524, "precision": 0.7969773024879965, "recall": 0.8056367547294688, "accuracy": 0.8002040703767029, "f1": 0.8012836336706985, "negative_accuracy": 0.7947713860239369, "balanced_accuracy": 0.8002040703767028, "AUC": 0.8842879468433062, "CI_95.0": [0.8809483769519381, 0.8876275167346744]}