{"model": "logistic", "dataset": "h051_max_balanced_0", "congress": "051", "chamber": "Senate", "style": "max_balanced_0", "split": "train", "n": 14424, "TP": 5874, "FP": 1104, "TN": 6108, "FN": 1338, "precision": 0.8417884780739467, "recall": 0.8144758735440932, "accuracy": 0.8306988352745425, "f1": 0.827906976744186, "negative_accuracy": 0.8469217970049917, "balanced_accuracy": 0.8306988352745425, "AUC": 0.9103285424489721, "CI_95.0": [0.9057320344527364, 0.9149250504452078]}