{"model": "logistic", "dataset": "h083_max_balanced_0_3_7", "congress": "083", "chamber": "Senate", "style": "max_balanced_0_3_7", "split": "train", "n": 29766, "TP": 11932, "FP": 2383, "TN": 12500, "FN": 2951, "precision": 0.833531260915124, "recall": 0.8017200833165357, "accuracy": 0.820802257609353, "f1": 0.8173162545379821, "negative_accuracy": 0.8398844319021702, "balanced_accuracy": 0.820802257609353, "AUC": 0.9050950004719784, "CI_95.0": [0.901813498208126, 0.9083765027358309]}