{"model": "logistic", "dataset": "h047_max_balanced_0_3_7", "congress": "047", "chamber": "House", "style": "max_balanced_0_3_7", "split": "train", "n": 13646, "TP": 5438, "FP": 1366, "TN": 5457, "FN": 1385, "precision": 0.7992357436801881, "recall": 0.7970101128535835, "accuracy": 0.7984024622600029, "f1": 0.7981213766786527, "negative_accuracy": 0.7997948116664224, "balanced_accuracy": 0.798402462260003, "AUC": 0.8814953169084858, "CI_95.0": [0.8759497801171957, 0.8870408536997759]}