{"model": "logistic", "dataset": "h113_max_balanced_0_3_7", "congress": "113", "chamber": "House", "style": "max_balanced_0_3_7", "split": "train", "n": 22802, "TP": 9795, "FP": 991, "TN": 10410, "FN": 1606, "precision": 0.9081216391618765, "recall": 0.8591351635821419, "accuracy": 0.8861064818875537, "f1": 0.8829494749177446, "negative_accuracy": 0.9130778001929656, "balanced_accuracy": 0.8861064818875537, "AUC": 0.9592629989563003, "CI_95.0": [0.9570642208730218, 0.9614617770395788]}