{"model": "logistic", "dataset": "h061_max_balanced_0", "congress": "061", "chamber": "Senate", "style": "max_balanced_0", "split": "train", "n": 9654, "TP": 3770, "FP": 884, "TN": 3943, "FN": 1057, "precision": 0.8100558659217877, "recall": 0.7810234099854982, "accuracy": 0.7989434431323804, "f1": 0.7952747600464085, "negative_accuracy": 0.8168634762792625, "balanced_accuracy": 0.7989434431323803, "AUC": 0.8823846630605613, "CI_95.0": [0.875841821811705, 0.8889275043094176]}