{"model": "logistic", "dataset": "h112_bayram_3_7", "congress": "112", "chamber": "House", "bayram_3_7": "style", "split": "train", "n": 4000, "TP": 1997, "FP": 8, "TN": 1992, "FN": 3, "precision": 0.9960099750623441, "recall": 0.9985, "accuracy": 0.99725, "f1": 0.9972534332084895, "negative_accuracy": 0.996, "balanced_accuracy": 0.99725, "AUC": 0.9998460000000001, "CI_95.0": [0.9995843810173525, 1.0]}