{"model": "logistic", "dataset": "h064_max_balanced_0_3_7", "congress": "064", "chamber": "House", "style": "max_balanced_0_3_7", "split": "train", "n": 25334, "TP": 10169, "FP": 3195, "TN": 9472, "FN": 2498, "precision": 0.760924872792577, "recall": 0.8027946632983343, "accuracy": 0.7752822294150153, "f1": 0.7812992201605778, "negative_accuracy": 0.7477697955316965, "balanced_accuracy": 0.7752822294150155, "AUC": 0.85990845574616, "CI_95.0": [0.8554697412111415, 0.8643471702811786]}