{"model": "logistic", "dataset": "h098_max_balanced_0_3_7", "congress": "098", "chamber": "Senate", "style": "max_balanced_0_3_7", "split": "train", "n": 25140, "TP": 11149, "FP": 1748, "TN": 10822, "FN": 1421, "precision": 0.8644646041715127, "recall": 0.8869530628480509, "accuracy": 0.8739459029435163, "f1": 0.8755644559626182, "negative_accuracy": 0.8609387430389817, "balanced_accuracy": 0.8739459029435163, "AUC": 0.9479455004243539, "CI_95.0": [0.945456914220727, 0.9504340866279808]}