{"model": "logistic", "dataset": "h059_max_balanced_0_3_7", "congress": "059", "chamber": "Senate", "style": "max_balanced_0_3_7", "split": "train", "n": 8160, "TP": 3461, "FP": 515, "TN": 3565, "FN": 619, "precision": 0.8704728370221329, "recall": 0.8482843137254902, "accuracy": 0.8610294117647059, "f1": 0.8592353525322742, "negative_accuracy": 0.8737745098039216, "balanced_accuracy": 0.8610294117647059, "AUC": 0.9388964280565167, "CI_95.0": [0.9340769553884993, 0.9437159007245342]}