{"model": "logistic", "dataset": "h089_max_balanced_0_3_7", "congress": "089", "chamber": "House", "style": "max_balanced_0_3_7", "split": "train", "n": 24662, "TP": 10629, "FP": 1761, "TN": 10570, "FN": 1702, "precision": 0.8578692493946731, "recall": 0.8619738869515854, "accuracy": 0.8595815424539778, "f1": 0.8599166700376197, "negative_accuracy": 0.8571891979563702, "balanced_accuracy": 0.8595815424539778, "AUC": 0.9371754108409208, "CI_95.0": [0.9343487670546714, 0.9400020546271702]}