{"model": "logistic", "dataset": "h103_2gram_max_balanced_0", "congress": "103", "chamber": "House", "2gram_max_balanced_0": "style", "split": "train", "n": 28186, "TP": 12676, "FP": 1480, "TN": 12613, "FN": 1417, "precision": 0.8954506922859565, "recall": 0.8994536294614347, "accuracy": 0.8972184772582132, "f1": 0.89744769726362, "negative_accuracy": 0.8949833250549918, "balanced_accuracy": 0.8972184772582132, "AUC": 0.9633521981774686, "CI_95.0": [0.9614572947198308, 0.9652471016351065]}