{"model": "logistic", "dataset": "h105_max_balanced_0_3_7", "congress": "105", "chamber": "House", "style": "max_balanced_0_3_7", "split": "train", "n": 27360, "TP": 12026, "FP": 1742, "TN": 11938, "FN": 1654, "precision": 0.8734747239976758, "recall": 0.879093567251462, "accuracy": 0.8758771929824561, "f1": 0.8762751384436025, "negative_accuracy": 0.8726608187134502, "balanced_accuracy": 0.8758771929824561, "AUC": 0.9500764898815021, "CI_95.0": [0.947768983401819, 0.9523839963611851]}