{"model": "logistic", "dataset": "h071_max_balanced_0_3_7", "congress": "071", "chamber": "Senate", "style": "max_balanced_0_3_7", "split": "train", "n": 28792, "TP": 11863, "FP": 2377, "TN": 12019, "FN": 2533, "precision": 0.8330758426966293, "recall": 0.8240483467629898, "accuracy": 0.8294665184773549, "f1": 0.8285375052381618, "negative_accuracy": 0.83488469019172, "balanced_accuracy": 0.8294665184773549, "AUC": 0.914237384350304, "CI_95.0": [0.9111056930033342, 0.9173690756972738]}