{"model": "logistic", "dataset": "h076_max_balanced_0", "congress": "076", "chamber": "House", "style": "max_balanced_0", "split": "train", "n": 22280, "TP": 8420, "FP": 2653, "TN": 8487, "FN": 2720, "precision": 0.7604082001264336, "recall": 0.755834829443447, "accuracy": 0.7588420107719929, "f1": 0.7581146175662901, "negative_accuracy": 0.7618491921005386, "balanced_accuracy": 0.7588420107719929, "AUC": 0.841051816444211, "CI_95.0": [0.835992950685608, 0.846110682202814]}