{"model": "logistic", "dataset": "h062_max_balanced_0_3_7", "congress": "062", "chamber": "Senate", "style": "max_balanced_0_3_7", "split": "train", "n": 14232, "TP": 6185, "FP": 1126, "TN": 5990, "FN": 931, "precision": 0.8459855012994119, "recall": 0.869168071950534, "accuracy": 0.8554665542439572, "f1": 0.8574201150620364, "negative_accuracy": 0.8417650365373806, "balanced_accuracy": 0.8554665542439572, "AUC": 0.9328334938469262, "CI_95.0": [0.9289515982987693, 0.936715389395083]}