{"model": "logistic", "dataset": "h094_max_balanced_0_3_7", "congress": "094", "chamber": "House", "style": "max_balanced_0_3_7", "split": "train", "n": 25848, "TP": 9705, "FP": 3175, "TN": 9749, "FN": 3219, "precision": 0.7534937888198758, "recall": 0.7509285051067781, "accuracy": 0.7526307644692046, "f1": 0.7522089598511857, "negative_accuracy": 0.754333023831631, "balanced_accuracy": 0.7526307644692045, "AUC": 0.8361513578273613, "CI_95.0": [0.8313741419499081, 0.8409285737048144]}