{"model": "logistic", "dataset": "h049_max_balanced_0", "congress": "049", "chamber": "House", "style": "max_balanced_0", "split": "train", "n": 9374, "TP": 3653, "FP": 1404, "TN": 3283, "FN": 1034, "precision": 0.7223650385604113, "recall": 0.7793898015788351, "accuracy": 0.7399189246852997, "f1": 0.7497947454844007, "negative_accuracy": 0.7004480477917645, "balanced_accuracy": 0.7399189246852997, "AUC": 0.8194240214013413, "CI_95.0": [0.8110598565856418, 0.8277881862170408]}