{"model": "logistic", "dataset": "h080_max_balanced_0", "congress": "080", "chamber": "House", "style": "max_balanced_0", "split": "train", "n": 12754, "TP": 4886, "FP": 1696, "TN": 4681, "FN": 1491, "precision": 0.7423275600121544, "recall": 0.7661909989023051, "accuracy": 0.7501176101615179, "f1": 0.7540705301334979, "negative_accuracy": 0.7340442214207308, "balanced_accuracy": 0.7501176101615179, "AUC": 0.8359982210256598, "CI_95.0": [0.8292161682668007, 0.8427802737845189]}