{"model": "logistic", "dataset": "h056_max_balanced_0_3_7", "congress": "056", "chamber": "Senate", "style": "max_balanced_0_3_7", "split": "train", "n": 7462, "TP": 3129, "FP": 454, "TN": 3277, "FN": 602, "precision": 0.8732905386547586, "recall": 0.8386491557223265, "accuracy": 0.8584829804341999, "f1": 0.8556193601312552, "negative_accuracy": 0.8783168051460735, "balanced_accuracy": 0.8584829804342, "AUC": 0.9370548651719592, "CI_95.0": [0.9319600189656722, 0.9421497113782463]}