{"model": "logistic", "dataset": "h100_2gram_max_balanced_0", "congress": "100", "chamber": "House", "2gram_max_balanced_0": "style", "split": "train", "n": 26218, "TP": 11381, "FP": 1678, "TN": 11431, "FN": 1728, "precision": 0.8715062409066544, "recall": 0.8681821649248608, "accuracy": 0.8700892516591655, "f1": 0.8698410272088046, "negative_accuracy": 0.8719963383934701, "balanced_accuracy": 0.8700892516591654, "AUC": 0.9460257851626946, "CI_95.0": [0.943521034509117, 0.9485305358162723]}