{"model": "logistic", "dataset": "h103_bayram_3_7", "congress": "103", "chamber": "House", "bayram_3_7": "style", "split": "train", "n": 4000, "TP": 1969, "FP": 29, "TN": 1971, "FN": 31, "precision": 0.9854854854854855, "recall": 0.9845, "accuracy": 0.985, "f1": 0.9849924962481241, "negative_accuracy": 0.9855, "balanced_accuracy": 0.9850000000000001, "AUC": 0.9990845, "CI_95.0": [0.998690492681557, 0.9994785073184431]}