{"model": "logistic", "dataset": "h066_max_balanced_0_10_50", "congress": "066", "chamber": "House", "style": "max_balanced_0_10_50", "split": "train", "n": 25086, "TP": 9359, "FP": 3824, "TN": 8719, "FN": 3184, "precision": 0.7099294546006221, "recall": 0.7461532328788966, "accuracy": 0.7206409949772782, "f1": 0.7275907642074166, "negative_accuracy": 0.6951287570756597, "balanced_accuracy": 0.7206409949772781, "AUC": 0.8002404090607573, "CI_95.0": [0.7948846845829041, 0.8055961335386106]}