{"model": "logistic", "dataset": "h104_max_balanced_0_3_7", "congress": "104", "chamber": "House", "style": "max_balanced_0_3_7", "split": "train", "n": 36990, "TP": 15012, "FP": 2607, "TN": 15888, "FN": 3483, "precision": 0.8520347352290142, "recall": 0.8116788321167884, "accuracy": 0.8353609083536091, "f1": 0.8313673367669049, "negative_accuracy": 0.8590429845904298, "balanced_accuracy": 0.8353609083536091, "AUC": 0.9193684490251525, "CI_95.0": [0.9167045685303249, 0.92203232951998]}