{"model": "logistic", "dataset": "h063_max_balanced_0_3_7", "congress": "063", "chamber": "Senate", "style": "max_balanced_0_3_7", "split": "train", "n": 34318, "TP": 14046, "FP": 4016, "TN": 13143, "FN": 3113, "precision": 0.7776547447680212, "recall": 0.8185791712803776, "accuracy": 0.7922664490937701, "f1": 0.7975923454757106, "negative_accuracy": 0.7659537269071625, "balanced_accuracy": 0.7922664490937701, "AUC": 0.880608769283587, "CI_95.0": [0.877117100889998, 0.884100437677176]}