{"model": "logistic", "dataset": "h054_max_balanced_0_3_7", "congress": "054", "chamber": "House", "style": "max_balanced_0_3_7", "split": "train", "n": 7310, "TP": 2787, "FP": 738, "TN": 2917, "FN": 868, "precision": 0.7906382978723404, "recall": 0.762517099863201, "accuracy": 0.7803009575923393, "f1": 0.7763231197771587, "negative_accuracy": 0.7980848153214775, "balanced_accuracy": 0.7803009575923392, "AUC": 0.8650293715297336, "CI_95.0": [0.856922337359467, 0.8731364057000002]}