{"model": "logistic", "dataset": "h101_max_balanced_0_3_7", "congress": "101", "chamber": "House", "style": "max_balanced_0_3_7", "split": "train", "n": 24920, "TP": 10081, "FP": 1584, "TN": 10876, "FN": 2379, "precision": 0.8642091727389627, "recall": 0.8090690208667737, "accuracy": 0.8409711075441413, "f1": 0.8357305699481865, "negative_accuracy": 0.8728731942215088, "balanced_accuracy": 0.8409711075441413, "AUC": 0.9222455903836096, "CI_95.0": [0.9190481515342195, 0.9254430292329998]}