{"model": "logistic", "dataset": "h100_max_balanced_0_3_7", "congress": "100", "chamber": "House", "style": "max_balanced_0_3_7", "split": "train", "n": 26218, "TP": 10482, "FP": 1659, "TN": 11450, "FN": 2627, "precision": 0.8633555720286632, "recall": 0.7996033259592646, "accuracy": 0.8365245251354032, "f1": 0.8302574257425743, "negative_accuracy": 0.8734457243115417, "balanced_accuracy": 0.8365245251354032, "AUC": 0.920637201656291, "CI_95.0": [0.9174827191748025, 0.9237916841377796]}