{"model": "logistic", "dataset": "h076_max_balanced_0", "congress": "076", "chamber": "Senate", "style": "max_balanced_0", "split": "train", "n": 9214, "TP": 3372, "FP": 926, "TN": 3681, "FN": 1235, "precision": 0.7845509539320614, "recall": 0.7319296722378988, "accuracy": 0.7654655958324289, "f1": 0.757327344188658, "negative_accuracy": 0.799001519426959, "balanced_accuracy": 0.7654655958324289, "AUC": 0.8458528888076199, "CI_95.0": [0.8380583556646315, 0.8536474219506083]}