{"model": "logistic", "dataset": "h055_max_balanced_0_10_50", "congress": "055", "chamber": "House", "style": "max_balanced_0_10_50", "split": "train", "n": 12160, "TP": 4534, "FP": 1545, "TN": 4535, "FN": 1546, "precision": 0.7458463563086034, "recall": 0.7457236842105263, "accuracy": 0.7458059210526315, "f1": 0.745785015215067, "negative_accuracy": 0.7458881578947368, "balanced_accuracy": 0.7458059210526315, "AUC": 0.8251785134608726, "CI_95.0": [0.8179505617972297, 0.8324064651245154]}