{"model": "logistic", "dataset": "h057_max_balanced_0_10_50", "congress": "057", "chamber": "Senate", "style": "max_balanced_0_10_50", "split": "train", "n": 6336, "TP": 2455, "FP": 465, "TN": 2703, "FN": 713, "precision": 0.8407534246575342, "recall": 0.7749368686868687, "accuracy": 0.8140782828282829, "f1": 0.8065045992115638, "negative_accuracy": 0.853219696969697, "balanced_accuracy": 0.8140782828282829, "AUC": 0.8935087538899091, "CI_95.0": [0.88587292079508, 0.9011445869847383]}