{"model": "logistic", "dataset": "h097_max_balanced_0_10_50", "congress": "097", "chamber": "House", "style": "max_balanced_0_10_50", "split": "train", "n": 23038, "TP": 8449, "FP": 2055, "TN": 9464, "FN": 3070, "precision": 0.8043602437166794, "recall": 0.7334838093584513, "accuracy": 0.7775414532511503, "f1": 0.7672887435862508, "negative_accuracy": 0.8215990971438493, "balanced_accuracy": 0.7775414532511502, "AUC": 0.8634919304785933, "CI_95.0": [0.8589042363144261, 0.8680796246427605]}