{"model": "logistic", "dataset": "h044_max_balanced_0_3_7", "congress": "044", "chamber": "Senate", "style": "max_balanced_0_3_7", "split": "train", "n": 6398, "TP": 2616, "FP": 425, "TN": 2774, "FN": 583, "precision": 0.860243341006248, "recall": 0.8177555486089403, "accuracy": 0.8424507658643327, "f1": 0.8384615384615385, "negative_accuracy": 0.8671459831197249, "balanced_accuracy": 0.8424507658643325, "AUC": 0.9226515182681052, "CI_95.0": [0.916381620656454, 0.9289214158797564]}