{"model": "logistic", "dataset": "h079_max_balanced_0_10_50", "congress": "079", "chamber": "Senate", "style": "max_balanced_0_10_50", "split": "train", "n": 19408, "TP": 7572, "FP": 1906, "TN": 7798, "FN": 2132, "precision": 0.7989027220932686, "recall": 0.7802967848309975, "accuracy": 0.7919414674361088, "f1": 0.7894901470128245, "negative_accuracy": 0.8035861500412201, "balanced_accuracy": 0.7919414674361088, "AUC": 0.877973113389639, "CI_95.0": [0.8732783779388145, 0.8826678488404636]}