{"model": "logistic", "dataset": "h043_max_balanced_0_3_7", "congress": "043", "chamber": "Senate", "style": "max_balanced_0_3_7", "split": "train", "n": 4248, "TP": 1900, "FP": 232, "TN": 1892, "FN": 224, "precision": 0.8911819887429644, "recall": 0.8945386064030132, "accuracy": 0.8926553672316384, "f1": 0.8928571428571428, "negative_accuracy": 0.8907721280602636, "balanced_accuracy": 0.8926553672316384, "AUC": 0.965319671869514, "CI_95.0": [0.9606827754006548, 0.9699565683383731]}