{"model": "logistic", "dataset": "h044_max_balanced_0_10_50", "congress": "044", "chamber": "House", "style": "max_balanced_0_10_50", "split": "train", "n": 7644, "TP": 2988, "FP": 1083, "TN": 2739, "FN": 834, "precision": 0.7339719970523213, "recall": 0.7817896389324961, "accuracy": 0.7492150706436421, "f1": 0.7571265678449259, "negative_accuracy": 0.716640502354788, "balanced_accuracy": 0.749215070643642, "AUC": 0.829858381383387, "CI_95.0": [0.8208565329356847, 0.8388602298310892]}