{"model": "logistic", "dataset": "h048_max_balanced_0_3_7", "congress": "048", "chamber": "Senate", "style": "max_balanced_0_3_7", "split": "train", "n": 7236, "TP": 3074, "FP": 344, "TN": 3274, "FN": 544, "precision": 0.8993563487419544, "recall": 0.849640685461581, "accuracy": 0.8772802653399668, "f1": 0.8737919272313815, "negative_accuracy": 0.9049198452183527, "balanced_accuracy": 0.8772802653399668, "AUC": 0.9504275960654929, "CI_95.0": [0.9459029399892666, 0.9549522521417192]}