{"model": "logistic", "dataset": "h044_max_balanced_0_3_7", "congress": "044", "chamber": "House", "style": "max_balanced_0_3_7", "split": "train", "n": 7644, "TP": 3185, "FP": 548, "TN": 3274, "FN": 637, "precision": 0.8532011786766676, "recall": 0.8333333333333334, "accuracy": 0.8449764521193093, "f1": 0.843150231634679, "negative_accuracy": 0.8566195709052852, "balanced_accuracy": 0.8449764521193093, "AUC": 0.9231524312820566, "CI_95.0": [0.9173768400662882, 0.928928022497825]}