{"model": "logistic", "dataset": "h056_max_balanced_0_10_50", "congress": "056", "chamber": "Senate", "style": "max_balanced_0_10_50", "split": "train", "n": 7462, "TP": 3022, "FP": 541, "TN": 3190, "FN": 709, "precision": 0.84816166152119, "recall": 0.8099705172875905, "accuracy": 0.8324845885821496, "f1": 0.8286262681656157, "negative_accuracy": 0.8549986598767086, "balanced_accuracy": 0.8324845885821496, "AUC": 0.9168309643693868, "CI_95.0": [0.9107645757981524, 0.9228973529406213]}