{"model": "logistic", "dataset": "h098_max_balanced_0_10_50", "congress": "098", "chamber": "Senate", "style": "max_balanced_0_10_50", "split": "train", "n": 25140, "TP": 10353, "FP": 2128, "TN": 10442, "FN": 2217, "precision": 0.8295008412787437, "recall": 0.8236276849642005, "accuracy": 0.8271678599840891, "f1": 0.8265538301864198, "negative_accuracy": 0.8307080350039777, "balanced_accuracy": 0.827167859984089, "AUC": 0.9101839215112949, "CI_95.0": [0.9067340503448924, 0.9136337926776974]}