{"model": "logistic", "dataset": "h108_max_balanced_0_10_50", "congress": "108", "chamber": "Senate", "style": "max_balanced_0_10_50", "split": "train", "n": 24402, "TP": 10562, "FP": 1412, "TN": 10789, "FN": 1639, "precision": 0.882077835309838, "recall": 0.8656667486271618, "accuracy": 0.8749692648143594, "f1": 0.8737952430196485, "negative_accuracy": 0.8842717810015572, "balanced_accuracy": 0.8749692648143594, "AUC": 0.9498720550388671, "CI_95.0": [0.9474214106629121, 0.9523226994148221]}