{"model": "logistic", "dataset": "h056_max_balanced_0_3_7", "congress": "056", "chamber": "House", "style": "max_balanced_0_3_7", "split": "train", "n": 8898, "TP": 3805, "FP": 641, "TN": 3808, "FN": 644, "precision": 0.855825461088619, "recall": 0.8552483704203192, "accuracy": 0.855585524837042, "f1": 0.8555368184373244, "negative_accuracy": 0.8559226792537649, "balanced_accuracy": 0.8555855248370421, "AUC": 0.933841497562773, "CI_95.0": [0.9289901781807932, 0.9386928169447528]}