{"model": "logistic", "dataset": "h052_max_balanced_0_10_50", "congress": "052", "chamber": "Senate", "style": "max_balanced_0_10_50", "split": "train", "n": 7886, "TP": 3235, "FP": 731, "TN": 3212, "FN": 708, "precision": 0.8156833081190116, "recall": 0.8204412883591174, "accuracy": 0.8175247273649505, "f1": 0.818055379946896, "negative_accuracy": 0.8146081663707837, "balanced_accuracy": 0.8175247273649506, "AUC": 0.9013505218833247, "CI_95.0": [0.8948616053075303, 0.907839438459119]}