{"model": "logistic", "dataset": "h087_max_balanced_0_10_50", "congress": "087", "chamber": "Senate", "style": "max_balanced_0_10_50", "split": "train", "n": 24782, "TP": 9939, "FP": 2825, "TN": 9566, "FN": 2452, "precision": 0.7786743967408336, "recall": 0.8021144378984747, "accuracy": 0.7870631910257445, "f1": 0.7902206320810972, "negative_accuracy": 0.7720119441530143, "balanced_accuracy": 0.7870631910257445, "AUC": 0.8713046411304916, "CI_95.0": [0.8670249653645393, 0.8755843168964438]}