{"model": "logistic", "dataset": "h058_max_balanced_0_10_50", "congress": "058", "chamber": "House", "style": "max_balanced_0_10_50", "split": "train", "n": 8086, "TP": 3219, "FP": 965, "TN": 3078, "FN": 824, "precision": 0.7693594646271511, "recall": 0.7961909473163492, "accuracy": 0.7787534009398961, "f1": 0.7825452777440136, "negative_accuracy": 0.761315854563443, "balanced_accuracy": 0.7787534009398961, "AUC": 0.8630635520981504, "CI_95.0": [0.8552610795904355, 0.8708660246058654]}