{"model": "logistic", "dataset": "h070_max_balanced_0_3_7", "congress": "070", "chamber": "House", "style": "max_balanced_0_3_7", "split": "train", "n": 11530, "TP": 4843, "FP": 1072, "TN": 4693, "FN": 922, "precision": 0.8187658495350804, "recall": 0.840069384215091, "accuracy": 0.827059843885516, "f1": 0.8292808219178082, "negative_accuracy": 0.814050303555941, "balanced_accuracy": 0.827059843885516, "AUC": 0.9127769106422479, "CI_95.0": [0.9077723274640893, 0.9177814938204064]}