{"model": "logistic", "dataset": "h081_max_balanced_0_10_50", "congress": "081", "chamber": "House", "style": "max_balanced_0_10_50", "split": "train", "n": 18956, "TP": 7441, "FP": 2333, "TN": 7145, "FN": 2037, "precision": 0.761305504399427, "recall": 0.7850812407680945, "accuracy": 0.7694661320953787, "f1": 0.7730105963016829, "negative_accuracy": 0.753851023422663, "balanced_accuracy": 0.7694661320953787, "AUC": 0.8573234154362246, "CI_95.0": [0.8521614823129887, 0.8624853485594605]}