{"model": "logistic", "dataset": "h091_max_balanced_0_3_7", "congress": "091", "chamber": "Senate", "style": "max_balanced_0_3_7", "split": "train", "n": 33194, "TP": 13425, "FP": 3158, "TN": 13439, "FN": 3172, "precision": 0.8095640113369112, "recall": 0.8088811230945352, "accuracy": 0.8093028860637465, "f1": 0.8092224231464739, "negative_accuracy": 0.8097246490329577, "balanced_accuracy": 0.8093028860637465, "AUC": 0.8935781874919093, "CI_95.0": [0.890252605292405, 0.8969037696914136]}