{"model": "logistic", "dataset": "h086_max_balanced_0_10_50", "congress": "086", "chamber": "House", "style": "max_balanced_0_10_50", "split": "train", "n": 14402, "TP": 5175, "FP": 1461, "TN": 5740, "FN": 2026, "precision": 0.7798372513562387, "recall": 0.7186501874739619, "accuracy": 0.7578808498819608, "f1": 0.7479945074799452, "negative_accuracy": 0.7971115122899597, "balanced_accuracy": 0.7578808498819608, "AUC": 0.8382486281154805, "CI_95.0": [0.8318804695000812, 0.8446167867308798]}