{"model": "logistic", "dataset": "h103_max_balanced_0_3_7", "congress": "103", "chamber": "Senate", "style": "max_balanced_0_3_7", "split": "train", "n": 25366, "TP": 11123, "FP": 1481, "TN": 11202, "FN": 1560, "precision": 0.882497619803237, "recall": 0.8770007096112907, "accuracy": 0.880115114720492, "f1": 0.8797405781626922, "negative_accuracy": 0.8832295198296933, "balanced_accuracy": 0.880115114720492, "AUC": 0.9522399218856272, "CI_95.0": [0.949908037206913, 0.9545718065643415]}