{"model": "logistic", "dataset": "h071_max_balanced_0_3_7", "congress": "071", "chamber": "House", "style": "max_balanced_0_3_7", "split": "train", "n": 14642, "TP": 6279, "FP": 951, "TN": 6370, "FN": 1042, "precision": 0.8684647302904565, "recall": 0.8576697172517416, "accuracy": 0.8638847152028412, "f1": 0.8630334684901382, "negative_accuracy": 0.8700997131539407, "balanced_accuracy": 0.8638847152028412, "AUC": 0.9388007539446067, "CI_95.0": [0.9351849243731255, 0.9424165835160879]}