{"model": "logistic", "dataset": "h087_max_balanced_0_3_7", "congress": "087", "chamber": "Senate", "style": "max_balanced_0_3_7", "split": "train", "n": 24782, "TP": 10158, "FP": 2388, "TN": 10003, "FN": 2233, "precision": 0.809660449545672, "recall": 0.8197885562101526, "accuracy": 0.8135340166249697, "f1": 0.8146930264265951, "negative_accuracy": 0.807279477039787, "balanced_accuracy": 0.8135340166249698, "AUC": 0.8987442925846593, "CI_95.0": [0.8950026458446416, 0.9024859393246769]}