{"model": "logistic", "dataset": "h094_max_balanced_0", "congress": "094", "chamber": "Senate", "style": "max_balanced_0", "split": "train", "n": 30204, "TP": 12169, "FP": 3560, "TN": 11542, "FN": 2933, "precision": 0.7736664759361689, "recall": 0.8057873129386837, "accuracy": 0.7850284730499272, "f1": 0.789400278940028, "negative_accuracy": 0.7642696331611707, "balanced_accuracy": 0.7850284730499272, "AUC": 0.8703962023060212, "CI_95.0": [0.8664971802218859, 0.8742952243901565]}