{"model": "logistic", "dataset": "h078_max_balanced_0_3_7", "congress": "078", "chamber": "House", "style": "max_balanced_0_3_7", "split": "train", "n": 24124, "TP": 9521, "FP": 1840, "TN": 10222, "FN": 2541, "precision": 0.8380424258427955, "recall": 0.789338418172774, "accuracy": 0.818396617476372, "f1": 0.8129616189215728, "negative_accuracy": 0.8474548167799701, "balanced_accuracy": 0.818396617476372, "AUC": 0.9041936983079271, "CI_95.0": [0.9005392741659194, 0.9078481224499347]}