{"model": "logistic", "dataset": "h065_max_balanced_0_3_7", "congress": "065", "chamber": "House", "style": "max_balanced_0_3_7", "split": "train", "n": 35490, "TP": 13672, "FP": 4435, "TN": 13310, "FN": 4073, "precision": 0.7550671011211134, "recall": 0.7704705550859398, "accuracy": 0.7602704987320372, "f1": 0.7626910632600693, "negative_accuracy": 0.7500704423781347, "balanced_accuracy": 0.7602704987320372, "AUC": 0.8428052270824883, "CI_95.0": [0.8388167621460115, 0.846793692018965]}