{"model": "logistic", "dataset": "h089_max_balanced_0", "congress": "089", "chamber": "House", "style": "max_balanced_0", "split": "train", "n": 24662, "TP": 9926, "FP": 2349, "TN": 9982, "FN": 2405, "precision": 0.8086354378818738, "recall": 0.8049631011272403, "accuracy": 0.8072338009893764, "f1": 0.8067950906283021, "negative_accuracy": 0.8095045008515125, "balanced_accuracy": 0.8072338009893765, "AUC": 0.8926296273982034, "CI_95.0": [0.8887580048933099, 0.8965012499030969]}