{"model": "logistic", "dataset": "h107_max_balanced_0_10_50", "congress": "107", "chamber": "House", "style": "max_balanced_0_10_50", "split": "train", "n": 22362, "TP": 9082, "FP": 1672, "TN": 9509, "FN": 2099, "precision": 0.8445229681978799, "recall": 0.8122708165638136, "accuracy": 0.8313657096860746, "f1": 0.8280829724185094, "negative_accuracy": 0.8504606028083356, "balanced_accuracy": 0.8313657096860746, "AUC": 0.9158253240191371, "CI_95.0": [0.9123145474746489, 0.9193361005636252]}