{"model": "logistic", "dataset": "h071_max_balanced_0_10_50", "congress": "071", "chamber": "House", "style": "max_balanced_0_10_50", "split": "train", "n": 14642, "TP": 5569, "FP": 1552, "TN": 5769, "FN": 1752, "precision": 0.7820530824322427, "recall": 0.7606884305422756, "accuracy": 0.7743477666985384, "f1": 0.7712228223237779, "negative_accuracy": 0.7880071028548012, "balanced_accuracy": 0.7743477666985384, "AUC": 0.8581436706552513, "CI_95.0": [0.8522634431663534, 0.8640238981441493]}