{"model": "logistic", "dataset": "h092_max_balanced_0_3_7", "congress": "092", "chamber": "Senate", "style": "max_balanced_0_3_7", "split": "train", "n": 29230, "TP": 12249, "FP": 2215, "TN": 12400, "FN": 2366, "precision": 0.8468611725663717, "recall": 0.8381115292507697, "accuracy": 0.8432774546698597, "f1": 0.8424636335499845, "negative_accuracy": 0.8484433800889497, "balanced_accuracy": 0.8432774546698597, "AUC": 0.9247054721545556, "CI_95.0": [0.9218155549130568, 0.9275953893960543]}