{"model": "logistic", "dataset": "h080_max_balanced_0", "congress": "080", "chamber": "Senate", "style": "max_balanced_0", "split": "train", "n": 17042, "TP": 6550, "FP": 1594, "TN": 6927, "FN": 1971, "precision": 0.8042730844793713, "recall": 0.7686891209951884, "accuracy": 0.7908109376833705, "f1": 0.7860786078607862, "negative_accuracy": 0.8129327543715527, "balanced_accuracy": 0.7908109376833705, "AUC": 0.8767455459558202, "CI_95.0": [0.8716966566351712, 0.8817944352764693]}