{"model": "logistic", "dataset": "h114_max_balanced_0_10_50", "congress": "114", "chamber": "Senate", "style": "max_balanced_0_10_50", "split": "train", "n": 8498, "TP": 4024, "FP": 293, "TN": 3956, "FN": 225, "precision": 0.9321287931433866, "recall": 0.9470463638503177, "accuracy": 0.9390444810543658, "f1": 0.9395283679663786, "negative_accuracy": 0.9310425982584137, "balanced_accuracy": 0.9390444810543657, "AUC": 0.9869738569306603, "CI_95.0": [0.985161166960861, 0.9887865469004596]}