{"model": "logistic", "dataset": "h099_max_balanced_0_3_7", "congress": "099", "chamber": "House", "style": "max_balanced_0_3_7", "split": "train", "n": 29062, "TP": 11534, "FP": 2564, "TN": 11967, "FN": 2997, "precision": 0.8181302312384735, "recall": 0.7937512903447801, "accuracy": 0.8086504714059597, "f1": 0.8057564008522826, "negative_accuracy": 0.8235496524671392, "balanced_accuracy": 0.8086504714059597, "AUC": 0.8940502480130699, "CI_95.0": [0.8905123793331772, 0.8975881166929626]}