{"model": "logistic", "dataset": "h097_2gram_max_balanced_0", "congress": "097", "chamber": "House", "2gram_max_balanced_0": "style", "split": "train", "n": 23038, "TP": 9871, "FP": 2462, "TN": 9057, "FN": 1648, "precision": 0.800372983053596, "recall": 0.8569320253494227, "accuracy": 0.8215990971438493, "f1": 0.8276874056682878, "negative_accuracy": 0.7862661689382759, "balanced_accuracy": 0.8215990971438494, "AUC": 0.9050586626709682, "CI_95.0": [0.9012780514926328, 0.9088392738493036]}