{"model": "logistic", "dataset": "h043_max_balanced_0_10_50", "congress": "043", "chamber": "House", "style": "max_balanced_0_10_50", "split": "train", "n": 6996, "TP": 2756, "FP": 888, "TN": 2610, "FN": 742, "precision": 0.756311745334797, "recall": 0.7878787878787878, "accuracy": 0.7670097198399085, "f1": 0.7717726127135256, "negative_accuracy": 0.7461406518010292, "balanced_accuracy": 0.7670097198399085, "AUC": 0.8458403168223876, "CI_95.0": [0.8368642849996183, 0.8548163486451569]}