{"model": "logistic", "dataset": "h080_max_balanced_0_3_7", "congress": "080", "chamber": "Senate", "style": "max_balanced_0_3_7", "split": "train", "n": 17042, "TP": 6970, "FP": 1292, "TN": 7229, "FN": 1551, "precision": 0.8436213991769548, "recall": 0.8179791104330477, "accuracy": 0.8331768571763878, "f1": 0.8306023952809389, "negative_accuracy": 0.8483746039197277, "balanced_accuracy": 0.8331768571763878, "AUC": 0.9151556312251798, "CI_95.0": [0.9110872359965683, 0.9192240264537914]}