{"model": "logistic", "dataset": "h081_max_balanced_0_3_7", "congress": "081", "chamber": "House", "style": "max_balanced_0_3_7", "split": "train", "n": 18956, "TP": 7896, "FP": 1795, "TN": 7683, "FN": 1582, "precision": 0.8147765968424311, "recall": 0.8330871491875923, "accuracy": 0.8218506013926988, "f1": 0.8238301424174448, "negative_accuracy": 0.8106140535978055, "balanced_accuracy": 0.8218506013926989, "AUC": 0.9064988840785033, "CI_95.0": [0.9024276066455168, 0.9105701615114898]}