{"model": "logistic", "dataset": "h089_max_balanced_0", "congress": "089", "chamber": "Senate", "style": "max_balanced_0", "split": "train", "n": 20090, "TP": 7846, "FP": 1849, "TN": 8196, "FN": 2199, "precision": 0.8092831356369262, "recall": 0.7810851169736187, "accuracy": 0.7985067197610751, "f1": 0.7949341438703141, "negative_accuracy": 0.8159283225485316, "balanced_accuracy": 0.7985067197610751, "AUC": 0.8836896286273738, "CI_95.0": [0.8791963366963402, 0.8881829205584073]}