{"model": "logistic", "dataset": "h058_max_balanced_0_3_7", "congress": "058", "chamber": "House", "style": "max_balanced_0_3_7", "split": "train", "n": 8086, "TP": 3248, "FP": 712, "TN": 3331, "FN": 795, "precision": 0.8202020202020202, "recall": 0.8033638387336136, "accuracy": 0.8136284936928023, "f1": 0.8116956141446956, "negative_accuracy": 0.8238931486519911, "balanced_accuracy": 0.8136284936928024, "AUC": 0.8950891140619248, "CI_95.0": [0.8883508682311752, 0.9018273598926745]}