{"model": "logistic", "dataset": "h109_2gram_max_balanced_0", "congress": "109", "chamber": "House", "2gram_max_balanced_0": "style", "split": "train", "n": 25802, "TP": 11978, "FP": 820, "TN": 12081, "FN": 923, "precision": 0.9359274886701047, "recall": 0.9284551585148438, "accuracy": 0.9324470971242539, "f1": 0.9321763492742908, "negative_accuracy": 0.936439035733664, "balanced_accuracy": 0.932447097124254, "AUC": 0.982183791094321, "CI_95.0": [0.9809356508305364, 0.9834319313581056]}