{"model": "logistic", "dataset": "h099_max_balanced_0_10_50", "congress": "099", "chamber": "House", "style": "max_balanced_0_10_50", "split": "train", "n": 29062, "TP": 11367, "FP": 3013, "TN": 11518, "FN": 3164, "precision": 0.7904728789986092, "recall": 0.7822586195031312, "accuracy": 0.7874544078177689, "f1": 0.7863442980180555, "negative_accuracy": 0.7926501961324066, "balanced_accuracy": 0.787454407817769, "AUC": 0.873808859003294, "CI_95.0": [0.8699129299019982, 0.8777047881045897]}