{"model": "logistic", "dataset": "h070_max_balanced_0_3_7", "congress": "070", "chamber": "Senate", "style": "max_balanced_0_3_7", "split": "train", "n": 12988, "TP": 5566, "FP": 832, "TN": 5662, "FN": 928, "precision": 0.869959362300719, "recall": 0.857098860486603, "accuracy": 0.864490298737296, "f1": 0.8634812286689421, "negative_accuracy": 0.8718817369879889, "balanced_accuracy": 0.864490298737296, "AUC": 0.9404909215196536, "CI_95.0": [0.9367373137496283, 0.944244529289679]}