{"model": "logistic", "dataset": "h101_max_balanced_0_3_7", "congress": "101", "chamber": "Senate", "style": "max_balanced_0_3_7", "split": "train", "n": 26160, "TP": 10977, "FP": 1313, "TN": 11767, "FN": 2103, "precision": 0.8931651749389747, "recall": 0.8392201834862385, "accuracy": 0.8694189602446483, "f1": 0.8653527788726841, "negative_accuracy": 0.8996177370030581, "balanced_accuracy": 0.8694189602446483, "AUC": 0.9452950380626396, "CI_95.0": [0.9427791495977011, 0.947810926527578]}