{"model": "logistic", "dataset": "h068_max_balanced_0", "congress": "068", "chamber": "Senate", "style": "max_balanced_0", "split": "train", "n": 15260, "TP": 5643, "FP": 1764, "TN": 5866, "FN": 1987, "precision": 0.7618469015795869, "recall": 0.7395806028833551, "accuracy": 0.7541939711664483, "f1": 0.7505486466715434, "negative_accuracy": 0.7688073394495413, "balanced_accuracy": 0.7541939711664483, "AUC": 0.8380917053295519, "CI_95.0": [0.8319034149338075, 0.8442799957252963]}