{"model": "logistic", "dataset": "h062_max_balanced_0_10_50", "congress": "062", "chamber": "House", "style": "max_balanced_0_10_50", "split": "train", "n": 25152, "TP": 9693, "FP": 3523, "TN": 9053, "FN": 2883, "precision": 0.7334291767554479, "recall": 0.7707538167938931, "accuracy": 0.745308524173028, "f1": 0.75162841191067, "negative_accuracy": 0.7198632315521628, "balanced_accuracy": 0.745308524173028, "AUC": 0.8292780783422035, "CI_95.0": [0.8243364025671657, 0.8342197541172413]}