{"model": "logistic", "dataset": "h059_max_balanced_0_10_50", "congress": "059", "chamber": "Senate", "style": "max_balanced_0_10_50", "split": "train", "n": 8160, "TP": 3283, "FP": 749, "TN": 3331, "FN": 797, "precision": 0.8142361111111112, "recall": 0.8046568627450981, "accuracy": 0.8105392156862745, "f1": 0.8094181459566075, "negative_accuracy": 0.816421568627451, "balanced_accuracy": 0.8105392156862745, "AUC": 0.8940331242791234, "CI_95.0": [0.8873093819750841, 0.9007568665831627]}