{"model": "logistic", "dataset": "h047_max_balanced_0", "congress": "047", "chamber": "Senate", "style": "max_balanced_0", "split": "train", "n": 16426, "TP": 6432, "FP": 1676, "TN": 6537, "FN": 1781, "precision": 0.7932905772076961, "recall": 0.7831486667478388, "accuracy": 0.7895409716303421, "f1": 0.7881869983456895, "negative_accuracy": 0.7959332765128455, "balanced_accuracy": 0.7895409716303421, "AUC": 0.8732302829826039, "CI_95.0": [0.867998277717618, 0.8784622882475898]}