{"model": "logistic", "dataset": "h114_bayram_1_1", "congress": "114", "chamber": "House", "bayram_1_1": "style", "split": "train", "n": 4000, "TP": 1983, "FP": 22, "TN": 1978, "FN": 17, "precision": 0.9890274314214463, "recall": 0.9915, "accuracy": 0.99025, "f1": 0.9902621722846441, "negative_accuracy": 0.989, "balanced_accuracy": 0.9902500000000001, "AUC": 0.9992137499999999, "CI_95.0": [0.9986558459891631, 0.9997716540108367]}