{"model": "logistic", "dataset": "h068_max_balanced_0_3_7", "congress": "068", "chamber": "Senate", "style": "max_balanced_0_3_7", "split": "train", "n": 15260, "TP": 6122, "FP": 1063, "TN": 6567, "FN": 1508, "precision": 0.85205288796103, "recall": 0.8023591087811272, "accuracy": 0.8315203145478375, "f1": 0.8264596692541343, "negative_accuracy": 0.8606815203145478, "balanced_accuracy": 0.8315203145478375, "AUC": 0.913964329945428, "CI_95.0": [0.9096264846252619, 0.9183021752655941]}