{"model": "logistic", "dataset": "h111_max_balanced_0_3_7", "congress": "111", "chamber": "Senate", "style": "max_balanced_0_3_7", "split": "train", "n": 10924, "TP": 5290, "FP": 182, "TN": 5280, "FN": 172, "precision": 0.9667397660818714, "recall": 0.968509703405346, "accuracy": 0.9675942878066642, "f1": 0.9676239253704043, "negative_accuracy": 0.9666788722079824, "balanced_accuracy": 0.9675942878066642, "AUC": 0.9949154546152968, "CI_95.0": [0.9939861677672633, 0.9958447414633304]}