{"model": "logistic", "dataset": "h97_114_small_0_10_50", "congress": "97_114", "chamber": "House", "style": "small_0_10_50", "split": "train", "n": 72000, "TP": 26223, "FP": 6927, "TN": 29073, "FN": 9777, "precision": 0.7910407239819005, "recall": 0.7284166666666667, "accuracy": 0.768, "f1": 0.7584381778741864, "negative_accuracy": 0.8075833333333333, "balanced_accuracy": 0.768, "AUC": 0.8555980470679011, "CI_95.0": [0.8529333707756013, 0.8582627233602009]}