{"model": "logistic", "dataset": "h046_max_balanced_0", "congress": "046", "chamber": "House", "style": "max_balanced_0", "split": "train", "n": 11872, "TP": 4474, "FP": 1737, "TN": 4199, "FN": 1462, "precision": 0.7203348897118016, "recall": 0.7537061994609164, "accuracy": 0.7305424528301887, "f1": 0.7366427924590433, "negative_accuracy": 0.707378706199461, "balanced_accuracy": 0.7305424528301887, "AUC": 0.8090665747987519, "CI_95.0": [0.8014363800338258, 0.816696769563678]}