{"model": "logistic", "dataset": "h112_2gram_max_balanced_0", "congress": "112", "chamber": "House", "2gram_max_balanced_0": "style", "split": "train", "n": 26090, "TP": 12115, "FP": 763, "TN": 12282, "FN": 930, "precision": 0.9407516695138997, "recall": 0.9287083173629743, "accuracy": 0.9351092372556535, "f1": 0.9346912008640975, "negative_accuracy": 0.9415101571483327, "balanced_accuracy": 0.9351092372556535, "AUC": 0.9844626195169273, "CI_95.0": [0.9833439956313659, 0.9855812434024886]}