{"model": "logistic", "dataset": "h091_max_balanced_0_10_50", "congress": "091", "chamber": "House", "style": "max_balanced_0_10_50", "split": "train", "n": 25692, "TP": 10068, "FP": 3339, "TN": 9507, "FN": 2778, "precision": 0.7509509957484896, "recall": 0.7837459131247081, "accuracy": 0.7619103222793088, "f1": 0.7669980573648725, "negative_accuracy": 0.7400747314339093, "balanced_accuracy": 0.7619103222793087, "AUC": 0.8475327699630752, "CI_95.0": [0.8429279766760795, 0.852137563250071]}