{"model": "logistic", "dataset": "h108_max_balanced_0_3_7", "congress": "108", "chamber": "House", "style": "max_balanced_0_3_7", "split": "train", "n": 25242, "TP": 11590, "FP": 957, "TN": 11664, "FN": 1031, "precision": 0.9237267872798278, "recall": 0.9183107519214009, "accuracy": 0.9212423738214087, "f1": 0.9210108073744439, "negative_accuracy": 0.9241739957214167, "balanced_accuracy": 0.9212423738214088, "AUC": 0.9776202395986316, "CI_95.0": [0.9761659916657097, 0.9790744875315536]}