{"model": "logistic", "dataset": "h043_max_balanced_0", "congress": "043", "chamber": "Senate", "style": "max_balanced_0", "split": "train", "n": 4248, "TP": 1735, "FP": 393, "TN": 1731, "FN": 389, "precision": 0.8153195488721805, "recall": 0.8168549905838042, "accuracy": 0.8159133709981168, "f1": 0.8160865475070556, "negative_accuracy": 0.8149717514124294, "balanced_accuracy": 0.8159133709981168, "AUC": 0.9043413805455364, "CI_95.0": [0.8956362831679505, 0.9130464779231222]}