{"model": "logistic", "dataset": "h045_max_balanced_0_3_7", "congress": "045", "chamber": "Senate", "style": "max_balanced_0_3_7", "split": "train", "n": 9198, "TP": 3827, "FP": 645, "TN": 3954, "FN": 772, "precision": 0.8557692307692307, "recall": 0.8321374211785171, "accuracy": 0.8459447706023049, "f1": 0.8437878954911255, "negative_accuracy": 0.8597521200260926, "balanced_accuracy": 0.8459447706023049, "AUC": 0.9262444245019374, "CI_95.0": [0.9211867815573888, 0.9313020674464861]}