{"model": "logistic", "dataset": "h075_max_balanced_0_10_50", "congress": "075", "chamber": "Senate", "style": "max_balanced_0_10_50", "split": "train", "n": 5760, "TP": 2298, "FP": 422, "TN": 2458, "FN": 582, "precision": 0.8448529411764706, "recall": 0.7979166666666667, "accuracy": 0.8256944444444444, "f1": 0.8207142857142857, "negative_accuracy": 0.8534722222222222, "balanced_accuracy": 0.8256944444444445, "AUC": 0.9096269772376543, "CI_95.0": [0.902324562599289, 0.9169293918760196]}