{"model": "logistic", "dataset": "h090_max_balanced_0_3_7", "congress": "090", "chamber": "House", "style": "max_balanced_0_3_7", "split": "train", "n": 29912, "TP": 11343, "FP": 2685, "TN": 12271, "FN": 3613, "precision": 0.8085970915312233, "recall": 0.7584247124899706, "accuracy": 0.789449050548275, "f1": 0.7827077008004416, "negative_accuracy": 0.8204733886065793, "balanced_accuracy": 0.789449050548275, "AUC": 0.8763592335860326, "CI_95.0": [0.8725504584678878, 0.8801680087041774]}