{"model": "logistic", "dataset": "h112_3gram_max_balanced_0", "congress": "112", "chamber": "House", "3gram_max_balanced_0": "style", "split": "train", "n": 26090, "TP": 11968, "FP": 917, "TN": 12128, "FN": 1077, "precision": 0.9288319751649204, "recall": 0.9174396320429283, "accuracy": 0.9235722499041779, "f1": 0.9231006556112612, "negative_accuracy": 0.9297048677654274, "balanced_accuracy": 0.9235722499041779, "AUC": 0.9792111394337584, "CI_95.0": [0.9778608504554666, 0.9805614284120502]}