{"model": "logistic", "dataset": "h059_max_balanced_0_3_7", "congress": "059", "chamber": "House", "style": "max_balanced_0_3_7", "split": "train", "n": 10606, "TP": 4439, "FP": 881, "TN": 4422, "FN": 864, "precision": 0.8343984962406015, "recall": 0.837073354704884, "accuracy": 0.8354704884027909, "f1": 0.8357337851830932, "negative_accuracy": 0.8338676221006978, "balanced_accuracy": 0.8354704884027908, "AUC": 0.9164875737545902, "CI_95.0": [0.9113749715772322, 0.9216001759319482]}