{"model": "logistic", "dataset": "h113_max_balanced_0_3_7", "congress": "113", "chamber": "Senate", "style": "max_balanced_0_3_7", "split": "train", "n": 8558, "TP": 4137, "FP": 117, "TN": 4162, "FN": 142, "precision": 0.9724964739069112, "recall": 0.9668146763262444, "accuracy": 0.9697359196073849, "f1": 0.9696472518457752, "negative_accuracy": 0.9726571628885253, "balanced_accuracy": 0.9697359196073849, "AUC": 0.994623519669013, "CI_95.0": [0.9934750540278146, 0.9957719853102114]}