{"model": "logistic", "dataset": "h070_max_balanced_0", "congress": "070", "chamber": "Senate", "style": "max_balanced_0", "split": "train", "n": 12988, "TP": 4726, "FP": 1369, "TN": 5125, "FN": 1768, "precision": 0.7753896636587366, "recall": 0.7277486910994765, "accuracy": 0.758469356328919, "f1": 0.7508142028755262, "negative_accuracy": 0.7891900215583616, "balanced_accuracy": 0.7584693563289191, "AUC": 0.8406695019419977, "CI_95.0": [0.8340330337966425, 0.847305970087353]}