{"model": "logistic", "dataset": "h069_max_balanced_0", "congress": "069", "chamber": "House", "style": "max_balanced_0", "split": "train", "n": 16482, "TP": 6196, "FP": 2083, "TN": 6158, "FN": 2045, "precision": 0.7483995651648749, "recall": 0.7518505035796627, "accuracy": 0.7495449581361485, "f1": 0.7501210653753027, "negative_accuracy": 0.7472394126926344, "balanced_accuracy": 0.7495449581361485, "AUC": 0.8312733334343431, "CI_95.0": [0.8252045564345869, 0.8373421104340992]}