{"model": "logistic", "dataset": "h103_max_balanced_0_10_50", "congress": "103", "chamber": "Senate", "style": "max_balanced_0_10_50", "split": "train", "n": 25366, "TP": 9668, "FP": 2506, "TN": 10177, "FN": 3015, "precision": 0.7941514703466404, "recall": 0.7622802176141291, "accuracy": 0.7823464480012615, "f1": 0.7778895281007362, "negative_accuracy": 0.8024126783883939, "balanced_accuracy": 0.7823464480012615, "AUC": 0.8710077029257686, "CI_95.0": [0.8668015187941347, 0.8752138870574024]}