{"model": "logistic", "dataset": "h091_max_balanced_0_10_50", "congress": "091", "chamber": "Senate", "style": "max_balanced_0_10_50", "split": "train", "n": 33194, "TP": 12603, "FP": 3633, "TN": 12964, "FN": 3994, "precision": 0.7762379896526238, "recall": 0.7593541001385793, "accuracy": 0.7702295595589564, "f1": 0.7677032254134559, "negative_accuracy": 0.7811050189793336, "balanced_accuracy": 0.7702295595589564, "AUC": 0.8532190319226602, "CI_95.0": [0.8492474937503139, 0.8571905700950065]}