{"model": "logistic", "dataset": "h084_max_balanced_0_3_7", "congress": "084", "chamber": "Senate", "style": "max_balanced_0_3_7", "split": "train", "n": 16536, "TP": 6802, "FP": 1164, "TN": 7104, "FN": 1466, "precision": 0.853878985689179, "recall": 0.8226898887276246, "accuracy": 0.8409530720851476, "f1": 0.8379943328816066, "negative_accuracy": 0.8592162554426706, "balanced_accuracy": 0.8409530720851476, "AUC": 0.9220132866345588, "CI_95.0": [0.9180856495645962, 0.9259409237045215]}