{"model": "logistic", "dataset": "h045_max_balanced_0_3_7", "congress": "045", "chamber": "House", "style": "max_balanced_0_3_7", "split": "train", "n": 9090, "TP": 3739, "FP": 830, "TN": 3715, "FN": 806, "precision": 0.818340993652878, "recall": 0.8226622662266226, "accuracy": 0.82002200220022, "f1": 0.8204959403116086, "negative_accuracy": 0.8173817381738174, "balanced_accuracy": 0.82002200220022, "AUC": 0.9018163312480862, "CI_95.0": [0.8957326781666942, 0.9078999843294783]}