{"model": "logistic", "dataset": "h065_max_balanced_0", "congress": "065", "chamber": "House", "style": "max_balanced_0", "split": "train", "n": 35490, "TP": 12844, "FP": 4808, "TN": 12937, "FN": 4901, "precision": 0.7276229322456379, "recall": 0.7238095238095238, "accuracy": 0.7264299802761341, "f1": 0.7257112184648417, "negative_accuracy": 0.7290504367427444, "balanced_accuracy": 0.726429980276134, "AUC": 0.8053601770995621, "CI_95.0": [0.8009203839079465, 0.8097999702911777]}