{"model": "logistic", "dataset": "h064_max_balanced_0", "congress": "064", "chamber": "Senate", "style": "max_balanced_0", "split": "train", "n": 22730, "TP": 8364, "FP": 2969, "TN": 8396, "FN": 3001, "precision": 0.73802170652078, "recall": 0.7359436867575891, "accuracy": 0.7373515178178619, "f1": 0.7369812318265927, "negative_accuracy": 0.7387593488781347, "balanced_accuracy": 0.7373515178178619, "AUC": 0.8136275011714827, "CI_95.0": [0.8081782363614166, 0.8190767659815489]}