{"model": "logistic", "dataset": "h069_max_balanced_0_3_7", "congress": "069", "chamber": "Senate", "style": "max_balanced_0_3_7", "split": "train", "n": 17592, "TP": 7012, "FP": 1622, "TN": 7174, "FN": 1784, "precision": 0.8121380588371554, "recall": 0.7971805366075488, "accuracy": 0.8063892678490223, "f1": 0.8045897877223178, "negative_accuracy": 0.8155979990904957, "balanced_accuracy": 0.8063892678490223, "AUC": 0.8913596520887477, "CI_95.0": [0.886747767702627, 0.8959715364748684]}