{"model": "logistic", "dataset": "h065_max_balanced_0_3_7", "congress": "065", "chamber": "Senate", "style": "max_balanced_0_3_7", "split": "train", "n": 28092, "TP": 11321, "FP": 2968, "TN": 11078, "FN": 2725, "precision": 0.7922877738120232, "recall": 0.8059945892068916, "accuracy": 0.7973444396981347, "f1": 0.7990824069172402, "negative_accuracy": 0.7886942901893778, "balanced_accuracy": 0.7973444396981346, "AUC": 0.8828387657291458, "CI_95.0": [0.8790218395825998, 0.8866556918756917]}