{"model": "logistic", "dataset": "h096_max_balanced_0", "congress": "096", "chamber": "House", "style": "max_balanced_0", "split": "train", "n": 31530, "TP": 11986, "FP": 3659, "TN": 12106, "FN": 3779, "precision": 0.7661233620965164, "recall": 0.760291785601015, "accuracy": 0.7640976847446876, "f1": 0.7631964342566062, "negative_accuracy": 0.7679035838883603, "balanced_accuracy": 0.7640976847446876, "AUC": 0.8515377608948591, "CI_95.0": [0.8474482152528107, 0.8556273065369076]}