{"model": "logistic", "dataset": "h104_max_balanced_0_10_50", "congress": "104", "chamber": "Senate", "style": "max_balanced_0_10_50", "split": "train", "n": 29432, "TP": 12287, "FP": 2324, "TN": 12392, "FN": 2429, "precision": 0.8409417562110738, "recall": 0.8349415602065778, "accuracy": 0.8385091057352542, "f1": 0.8379309169025131, "negative_accuracy": 0.8420766512639304, "balanced_accuracy": 0.8385091057352541, "AUC": 0.9201711944389379, "CI_95.0": [0.9172055735284197, 0.9231368153494561]}