{"model": "logistic", "dataset": "h067_max_balanced_0_3_7", "congress": "067", "chamber": "House", "style": "max_balanced_0_3_7", "split": "train", "n": 20092, "TP": 8067, "FP": 1700, "TN": 8346, "FN": 1979, "precision": 0.8259445070134125, "recall": 0.8030061716105913, "accuracy": 0.8168922954409715, "f1": 0.8143138343511835, "negative_accuracy": 0.8307784192713518, "balanced_accuracy": 0.8168922954409715, "AUC": 0.9014328484749565, "CI_95.0": [0.8973411211045541, 0.905524575845359]}