{"model": "logistic", "dataset": "h048_max_balanced_0_10_50", "congress": "048", "chamber": "Senate", "style": "max_balanced_0_10_50", "split": "train", "n": 7236, "TP": 2888, "FP": 561, "TN": 3057, "FN": 730, "precision": 0.8373441577268773, "recall": 0.7982310668877833, "accuracy": 0.8215865118850193, "f1": 0.8173199377387859, "negative_accuracy": 0.8449419568822554, "balanced_accuracy": 0.8215865118850194, "AUC": 0.9055438366181499, "CI_95.0": [0.89888247164531, 0.9122052015909897]}