{"model": "logistic", "dataset": "h085_max_balanced_0", "congress": "085", "chamber": "Senate", "style": "max_balanced_0", "split": "train", "n": 23738, "TP": 9142, "FP": 2347, "TN": 9522, "FN": 2727, "precision": 0.795717642962834, "recall": 0.7702418063863847, "accuracy": 0.7862498946836296, "f1": 0.7827724976453464, "negative_accuracy": 0.8022579829808746, "balanced_accuracy": 0.7862498946836296, "AUC": 0.8698119438095097, "CI_95.0": [0.8653960478093837, 0.8742278398096356]}