{"model": "logistic", "dataset": "h062_max_balanced_0_10_50", "congress": "062", "chamber": "Senate", "style": "max_balanced_0_10_50", "split": "train", "n": 14232, "TP": 5691, "FP": 1927, "TN": 5189, "FN": 1425, "precision": 0.7470464688894723, "recall": 0.7997470489038786, "accuracy": 0.7644744238336144, "f1": 0.7724989819465182, "negative_accuracy": 0.7292017987633502, "balanced_accuracy": 0.7644744238336144, "AUC": 0.848649357503268, "CI_95.0": [0.8424620169605945, 0.8548366980459414]}