{"model": "logistic", "dataset": "h066_max_balanced_0_3_7", "congress": "066", "chamber": "House", "style": "max_balanced_0_3_7", "split": "train", "n": 25086, "TP": 9810, "FP": 3729, "TN": 8814, "FN": 2733, "precision": 0.7245734544648792, "recall": 0.7821095431714901, "accuracy": 0.7424061229370964, "f1": 0.7522429261559695, "negative_accuracy": 0.7027027027027027, "balanced_accuracy": 0.7424061229370964, "AUC": 0.8249509084110622, "CI_95.0": [0.8199289963351635, 0.829972820486961]}