{"model": "logistic", "dataset": "h112_max_balanced_0_10_50", "congress": "112", "chamber": "Senate", "style": "max_balanced_0_10_50", "split": "train", "n": 9772, "TP": 4626, "FP": 255, "TN": 4631, "FN": 260, "precision": 0.9477566072526121, "recall": 0.9467867376176832, "accuracy": 0.9472984036021286, "f1": 0.947271424183475, "negative_accuracy": 0.9478100695865739, "balanced_accuracy": 0.9472984036021286, "AUC": 0.9892261951537208, "CI_95.0": [0.9877885008329096, 0.990663889474532]}