{"model": "logistic", "dataset": "h055_max_balanced_0_10_50", "congress": "055", "chamber": "Senate", "style": "max_balanced_0_10_50", "split": "train", "n": 11918, "TP": 4856, "FP": 895, "TN": 5064, "FN": 1103, "precision": 0.8443748913232482, "recall": 0.8149018291659674, "accuracy": 0.8323544218828662, "f1": 0.8293766011955593, "negative_accuracy": 0.849807014599765, "balanced_accuracy": 0.8323544218828662, "AUC": 0.9150036154929131, "CI_95.0": [0.9101369884874958, 0.9198702424983304]}