{"model": "logistic", "dataset": "h095_max_balanced_0_3_7", "congress": "095", "chamber": "Senate", "style": "max_balanced_0_3_7", "split": "train", "n": 34300, "TP": 13317, "FP": 2563, "TN": 14587, "FN": 3833, "precision": 0.8386020151133501, "recall": 0.7765014577259475, "accuracy": 0.813527696793003, "f1": 0.8063578564940963, "negative_accuracy": 0.8505539358600583, "balanced_accuracy": 0.813527696793003, "AUC": 0.898809400844886, "CI_95.0": [0.8956201256414992, 0.9019986760482729]}