{"model": "logistic", "dataset": "h076_max_balanced_0_3_7", "congress": "076", "chamber": "House", "style": "max_balanced_0_3_7", "split": "train", "n": 22280, "TP": 8891, "FP": 2177, "TN": 8963, "FN": 2249, "precision": 0.8033068305023491, "recall": 0.7981149012567325, "accuracy": 0.8013464991023339, "f1": 0.8007024495677233, "negative_accuracy": 0.8045780969479354, "balanced_accuracy": 0.8013464991023339, "AUC": 0.8874005315085626, "CI_95.0": [0.8832129653430321, 0.8915880976740931]}