{"model": "logistic", "dataset": "h046_max_balanced_0_3_7", "congress": "046", "chamber": "House", "style": "max_balanced_0_3_7", "split": "train", "n": 11872, "TP": 4571, "FP": 1207, "TN": 4729, "FN": 1365, "precision": 0.7911041883004499, "recall": 0.7700471698113207, "accuracy": 0.7833557951482479, "f1": 0.7804336691138808, "negative_accuracy": 0.7966644204851752, "balanced_accuracy": 0.7833557951482479, "AUC": 0.8710110649034445, "CI_95.0": [0.8648166753549382, 0.8772054544519508]}