{"model": "logistic", "dataset": "h100_max_balanced_0_10_50", "congress": "100", "chamber": "Senate", "style": "max_balanced_0_10_50", "split": "train", "n": 31208, "TP": 12440, "FP": 2881, "TN": 12723, "FN": 3164, "precision": 0.8119574440310685, "recall": 0.797231479107921, "accuracy": 0.8062996667521148, "f1": 0.8045270816491511, "negative_accuracy": 0.8153678543963087, "balanced_accuracy": 0.8062996667521148, "AUC": 0.8920494697295621, "CI_95.0": [0.8886112332778118, 0.8954877061813125]}