{"model": "logistic", "dataset": "h092_max_balanced_0", "congress": "092", "chamber": "Senate", "style": "max_balanced_0", "split": "train", "n": 29230, "TP": 11921, "FP": 3136, "TN": 11479, "FN": 2694, "precision": 0.791724779172478, "recall": 0.8156688333903523, "accuracy": 0.8005473828258638, "f1": 0.8035184685899165, "negative_accuracy": 0.7854259322613752, "balanced_accuracy": 0.8005473828258638, "AUC": 0.8867580734811817, "CI_95.0": [0.8830936962976889, 0.8904224506646746]}