{"model": "logistic", "dataset": "h091_max_balanced_0_3_7", "congress": "091", "chamber": "House", "style": "max_balanced_0_3_7", "split": "train", "n": 25692, "TP": 10622, "FP": 1740, "TN": 11106, "FN": 2224, "precision": 0.8592460766866203, "recall": 0.8268721781099175, "accuracy": 0.8457107270745757, "f1": 0.842748333862266, "negative_accuracy": 0.864549276039234, "balanced_accuracy": 0.8457107270745758, "AUC": 0.9252027194132366, "CI_95.0": [0.9221332582655093, 0.9282721805609639]}