{"model": "logistic", "dataset": "h114_max_balanced_0_10_50", "congress": "114", "chamber": "House", "style": "max_balanced_0_10_50", "split": "train", "n": 18990, "TP": 7908, "FP": 1150, "TN": 8345, "FN": 1587, "precision": 0.8730404062706999, "recall": 0.8328593996840442, "accuracy": 0.8558715113217483, "f1": 0.8524766884061876, "negative_accuracy": 0.8788836229594523, "balanced_accuracy": 0.8558715113217483, "AUC": 0.9362179423720418, "CI_95.0": [0.9330129245682673, 0.9394229601758163]}