{"model": "logistic", "dataset": "h050_max_balanced_0_3_7", "congress": "050", "chamber": "House", "style": "max_balanced_0_3_7", "split": "train", "n": 12228, "TP": 4840, "FP": 1086, "TN": 5028, "FN": 1274, "precision": 0.8167397907526156, "recall": 0.7916257769054629, "accuracy": 0.8070003271180897, "f1": 0.8039867109634552, "negative_accuracy": 0.8223748773307163, "balanced_accuracy": 0.8070003271180897, "AUC": 0.8950514988953212, "CI_95.0": [0.8896399265552143, 0.9004630712354281]}