{"model": "logistic", "dataset": "h102_max_balanced_0_10_50", "congress": "102", "chamber": "Senate", "style": "max_balanced_0_10_50", "split": "train", "n": 24108, "TP": 9517, "FP": 1848, "TN": 10206, "FN": 2537, "precision": 0.8373955125384954, "recall": 0.7895304463248715, "accuracy": 0.8181101708976274, "f1": 0.8127588710021778, "negative_accuracy": 0.8466898954703833, "balanced_accuracy": 0.8181101708976274, "AUC": 0.9023793852667146, "CI_95.0": [0.89867898410343, 0.9060797864299992]}