{"model": "logistic", "dataset": "h088_max_balanced_0_3_7", "congress": "088", "chamber": "Senate", "style": "max_balanced_0_3_7", "split": "train", "n": 23870, "TP": 10165, "FP": 1942, "TN": 9993, "FN": 1770, "precision": 0.8395969273973735, "recall": 0.8516966904063679, "accuracy": 0.8444909928780896, "f1": 0.8456035271608019, "negative_accuracy": 0.8372852953498114, "balanced_accuracy": 0.8444909928780897, "AUC": 0.9260749251154267, "CI_95.0": [0.922914791817661, 0.9292350584131923]}