{"model": "logistic", "dataset": "h103_bayram", "congress": "103", "chamber": "House", "bayram": "style", "split": "train", "n": 4000, "TP": 1650, "FP": 500, "TN": 1500, "FN": 350, "precision": 0.7674418604651163, "recall": 0.825, "accuracy": 0.7875, "f1": 0.7951807228915662, "negative_accuracy": 0.75, "balanced_accuracy": 0.7875, "AUC": 0.8727600000000001, "CI_95.0": [0.8621736780284553, 0.8833463219715448]}