{"model": "logistic", "dataset": "h060_max_balanced_0_3_7", "congress": "060", "chamber": "Senate", "style": "max_balanced_0_3_7", "split": "train", "n": 6248, "TP": 2711, "FP": 440, "TN": 2684, "FN": 413, "precision": 0.8603617899079657, "recall": 0.867797695262484, "accuracy": 0.8634763124199744, "f1": 0.8640637450199203, "negative_accuracy": 0.8591549295774648, "balanced_accuracy": 0.8634763124199744, "AUC": 0.9384339736474956, "CI_95.0": [0.9328826214468338, 0.9439853258481574]}