{"model": "logistic", "dataset": "h097_bayram_1_1", "congress": "097", "chamber": "House", "bayram_1_1": "style", "split": "train", "n": 4000, "TP": 1976, "FP": 25, "TN": 1975, "FN": 24, "precision": 0.9875062468765617, "recall": 0.988, "accuracy": 0.98775, "f1": 0.9877530617345665, "negative_accuracy": 0.9875, "balanced_accuracy": 0.98775, "AUC": 0.999302, "CI_95.0": [0.9989808949277059, 0.9996231050722941]}