{"model": "logistic", "dataset": "h056_max_balanced_0_10_50", "congress": "056", "chamber": "House", "style": "max_balanced_0_10_50", "split": "train", "n": 8898, "TP": 3521, "FP": 964, "TN": 3485, "FN": 928, "precision": 0.7850613154960981, "recall": 0.7914138008541245, "accuracy": 0.7873679478534502, "f1": 0.7882247593463175, "negative_accuracy": 0.7833220948527759, "balanced_accuracy": 0.7873679478534502, "AUC": 0.8711549505317401, "CI_95.0": [0.8640070263561247, 0.8783028747073555]}