{"model": "logistic", "dataset": "h075_max_balanced_0_3_7", "congress": "075", "chamber": "Senate", "style": "max_balanced_0_3_7", "split": "train", "n": 5760, "TP": 2731, "FP": 163, "TN": 2717, "FN": 149, "precision": 0.9436765722183829, "recall": 0.9482638888888889, "accuracy": 0.9458333333333333, "f1": 0.945964669206789, "negative_accuracy": 0.9434027777777778, "balanced_accuracy": 0.9458333333333333, "AUC": 0.9857595486111111, "CI_95.0": [0.983322865773458, 0.9881962314487643]}