{"model": "logistic", "dataset": "h079_max_balanced_0_3_7", "congress": "079", "chamber": "Senate", "style": "max_balanced_0_3_7", "split": "train", "n": 19408, "TP": 8306, "FP": 1926, "TN": 7778, "FN": 1398, "precision": 0.8117670054730258, "recall": 0.8559356966199505, "accuracy": 0.8287304204451772, "f1": 0.8332664526484751, "negative_accuracy": 0.801525144270404, "balanced_accuracy": 0.8287304204451773, "AUC": 0.9113407362887896, "CI_95.0": [0.9074181161795728, 0.9152633563980065]}