{"model": "logistic", "dataset": "h093_max_balanced_0_3_7", "congress": "093", "chamber": "House", "style": "max_balanced_0_3_7", "split": "train", "n": 27980, "TP": 10585, "FP": 2958, "TN": 11032, "FN": 3405, "precision": 0.7815845824411135, "recall": 0.7566118656182987, "accuracy": 0.7725875625446748, "f1": 0.7688955072095304, "negative_accuracy": 0.7885632594710508, "balanced_accuracy": 0.7725875625446748, "AUC": 0.852002185774481, "CI_95.0": [0.8476293196606507, 0.8563750518883112]}