{"model": "logistic", "dataset": "h105_max_balanced_0_10_50", "congress": "105", "chamber": "Senate", "style": "max_balanced_0_10_50", "split": "train", "n": 20268, "TP": 8641, "FP": 1641, "TN": 8493, "FN": 1493, "precision": 0.8404007002528691, "recall": 0.8526741661732781, "accuracy": 0.8453720149990133, "f1": 0.846492946708464, "negative_accuracy": 0.8380698638247484, "balanced_accuracy": 0.8453720149990132, "AUC": 0.9273451362556816, "CI_95.0": [0.9239732294859443, 0.9307170430254189]}