{"model": "logistic", "dataset": "h057_max_balanced_0_3_7", "congress": "057", "chamber": "House", "style": "max_balanced_0_3_7", "split": "train", "n": 8856, "TP": 3700, "FP": 642, "TN": 3786, "FN": 728, "precision": 0.852141870105942, "recall": 0.8355916892502259, "accuracy": 0.8453026196928636, "f1": 0.8437856328392247, "negative_accuracy": 0.8550135501355014, "balanced_accuracy": 0.8453026196928637, "AUC": 0.9251966269098101, "CI_95.0": [0.9199224812342615, 0.9304707725853587]}