{"model": "logistic", "dataset": "h068_max_balanced_0_10_50", "congress": "068", "chamber": "House", "style": "max_balanced_0_10_50", "split": "train", "n": 18224, "TP": 7086, "FP": 2371, "TN": 6741, "FN": 2026, "precision": 0.7492862429946072, "recall": 0.7776558384547849, "accuracy": 0.7587247585601404, "f1": 0.7632074963649093, "negative_accuracy": 0.7397936786654961, "balanced_accuracy": 0.7587247585601404, "AUC": 0.8415626136958393, "CI_95.0": [0.8359643196228118, 0.8471609077688668]}