{"model": "logistic", "dataset": "h066_max_balanced_0_10_50", "congress": "066", "chamber": "Senate", "style": "max_balanced_0_10_50", "split": "train", "n": 23072, "TP": 8761, "FP": 2680, "TN": 8856, "FN": 2775, "precision": 0.7657547417183813, "recall": 0.7594486823855756, "accuracy": 0.7635662274618585, "f1": 0.7625886756321539, "negative_accuracy": 0.7676837725381415, "balanced_accuracy": 0.7635662274618585, "AUC": 0.8472125258312158, "CI_95.0": [0.8423461297370076, 0.8520789219254239]}