{"model": "logistic", "dataset": "h113_max_balanced_0_10_50", "congress": "113", "chamber": "Senate", "style": "max_balanced_0_10_50", "split": "train", "n": 8558, "TP": 4030, "FP": 244, "TN": 4035, "FN": 249, "precision": 0.9429106223678053, "recall": 0.9418088338396822, "accuracy": 0.9423930824959103, "f1": 0.9423594060563546, "negative_accuracy": 0.9429773311521383, "balanced_accuracy": 0.9423930824959103, "AUC": 0.985892367934817, "CI_95.0": [0.983979158317671, 0.9878055775519631]}