{"model": "logistic", "dataset": "h093_max_balanced_0_3_7", "congress": "093", "chamber": "Senate", "style": "max_balanced_0_3_7", "split": "train", "n": 30812, "TP": 11962, "FP": 2691, "TN": 12715, "FN": 3444, "precision": 0.8163516003548761, "recall": 0.7764507334804621, "accuracy": 0.8008892639231469, "f1": 0.7959013939252803, "negative_accuracy": 0.8253277943658315, "balanced_accuracy": 0.8008892639231469, "AUC": 0.885123146306836, "CI_95.0": [0.8815113975609548, 0.8887348950527172]}