{"model": "logistic", "dataset": "h103_3gram_max_balanced_0", "congress": "103", "chamber": "House", "3gram_max_balanced_0": "style", "split": "train", "n": 28186, "TP": 12957, "FP": 1053, "TN": 13040, "FN": 1136, "precision": 0.9248394004282655, "recall": 0.9193926062584261, "accuracy": 0.9223373305896544, "f1": 0.9221079600042701, "negative_accuracy": 0.9252820549208827, "balanced_accuracy": 0.9223373305896544, "AUC": 0.9778059075180052, "CI_95.0": [0.976406254287872, 0.9792055607481385]}