{"model": "logistic", "dataset": "h105_max_balanced_0_3_7", "congress": "105", "chamber": "Senate", "style": "max_balanced_0_3_7", "split": "train", "n": 20268, "TP": 8990, "FP": 1167, "TN": 8967, "FN": 1144, "precision": 0.8851038692527321, "recall": 0.8871126899546082, "accuracy": 0.8859778961910401, "f1": 0.8861071410970381, "negative_accuracy": 0.8848431024274719, "balanced_accuracy": 0.8859778961910401, "AUC": 0.9561639035931738, "CI_95.0": [0.9536790968565365, 0.9586487103298111]}