{"model": "logistic", "dataset": "h084_max_balanced_0_10_50", "congress": "084", "chamber": "House", "style": "max_balanced_0_10_50", "split": "train", "n": 14106, "TP": 5262, "FP": 1382, "TN": 5671, "FN": 1791, "precision": 0.791992775436484, "recall": 0.7460655040408337, "accuracy": 0.7750602580462215, "f1": 0.7683434328685115, "negative_accuracy": 0.8040550120516092, "balanced_accuracy": 0.7750602580462215, "AUC": 0.8565216824935441, "CI_95.0": [0.8504792997249353, 0.8625640652621529]}