{"model": "logistic", "dataset": "h064_max_balanced_0_3_7", "congress": "064", "chamber": "Senate", "style": "max_balanced_0_3_7", "split": "train", "n": 22730, "TP": 9426, "FP": 2069, "TN": 9296, "FN": 1939, "precision": 0.8200086994345368, "recall": 0.829388473383194, "accuracy": 0.8236691597008359, "f1": 0.8246719160104987, "negative_accuracy": 0.8179498460184778, "balanced_accuracy": 0.8236691597008359, "AUC": 0.9064636935164788, "CI_95.0": [0.902725606469277, 0.9102017805636806]}