{"model": "logistic", "dataset": "h089_max_balanced_0_3_7", "congress": "089", "chamber": "Senate", "style": "max_balanced_0_3_7", "split": "train", "n": 20090, "TP": 8347, "FP": 1358, "TN": 8687, "FN": 1698, "precision": 0.8600721277691912, "recall": 0.8309606769537083, "accuracy": 0.8478845196615231, "f1": 0.8452658227848102, "negative_accuracy": 0.864808362369338, "balanced_accuracy": 0.8478845196615232, "AUC": 0.9278076431072616, "CI_95.0": [0.9244020494075122, 0.931213236807011]}