{"model": "logistic", "dataset": "h107_max_balanced_0_10_50", "congress": "107", "chamber": "Senate", "style": "max_balanced_0_10_50", "split": "train", "n": 18208, "TP": 7661, "FP": 1297, "TN": 7807, "FN": 1443, "precision": 0.8552132172359902, "recall": 0.8414982425307557, "accuracy": 0.8495166959578208, "f1": 0.8483002989702138, "negative_accuracy": 0.8575351493848857, "balanced_accuracy": 0.8495166959578206, "AUC": 0.9278086364729692, "CI_95.0": [0.9242384577949655, 0.9313788151509729]}