{"model": "logistic", "dataset": "h100_bayram", "congress": "100", "chamber": "House", "bayram": "style", "split": "train", "n": 4000, "TP": 1694, "FP": 348, "TN": 1652, "FN": 306, "precision": 0.8295788442703232, "recall": 0.847, "accuracy": 0.8365, "f1": 0.8381989114299853, "negative_accuracy": 0.826, "balanced_accuracy": 0.8365, "AUC": 0.9173332499999999, "CI_95.0": [0.9090706042719721, 0.9255958957280277]}