{"model": "logistic", "dataset": "h110_max_balanced_0_3_7", "congress": "110", "chamber": "House", "style": "max_balanced_0_3_7", "split": "train", "n": 27948, "TP": 12464, "FP": 2149, "TN": 11825, "FN": 1510, "precision": 0.8529391637582974, "recall": 0.8919421783311865, "accuracy": 0.8690782882496064, "f1": 0.8720047574072132, "negative_accuracy": 0.8462143981680263, "balanced_accuracy": 0.8690782882496064, "AUC": 0.9454993488182648, "CI_95.0": [0.9430775873603949, 0.9479211102761347]}