{"model": "logistic", "dataset": "h092_max_balanced_0", "congress": "092", "chamber": "House", "style": "max_balanced_0", "split": "train", "n": 21802, "TP": 7971, "FP": 2513, "TN": 8388, "FN": 2930, "precision": 0.7603014116749333, "recall": 0.7312173195119713, "accuracy": 0.7503440051371434, "f1": 0.7454758007949498, "negative_accuracy": 0.7694706907623153, "balanced_accuracy": 0.7503440051371433, "AUC": 0.8316199255450146, "CI_95.0": [0.826337643573738, 0.8369022075162913]}