{"model": "logistic", "dataset": "h044_max_balanced_0_10_50", "congress": "044", "chamber": "Senate", "style": "max_balanced_0_10_50", "split": "train", "n": 6398, "TP": 2714, "FP": 515, "TN": 2684, "FN": 485, "precision": 0.84050789718179, "recall": 0.8483901219130978, "accuracy": 0.8437011566114411, "f1": 0.8444306160547603, "negative_accuracy": 0.8390121913097843, "balanced_accuracy": 0.8437011566114411, "AUC": 0.9252980451358228, "CI_95.0": [0.919152852741272, 0.9314432375303736]}