{"model": "logistic", "dataset": "h049_max_balanced_0_3_7", "congress": "049", "chamber": "Senate", "style": "max_balanced_0_3_7", "split": "train", "n": 7340, "TP": 2969, "FP": 572, "TN": 3098, "FN": 701, "precision": 0.8384637108161537, "recall": 0.808991825613079, "accuracy": 0.826566757493188, "f1": 0.8234641519900153, "negative_accuracy": 0.844141689373297, "balanced_accuracy": 0.8265667574931881, "AUC": 0.9087555034189874, "CI_95.0": [0.9022654821587627, 0.915245524679212]}