{"model": "logistic", "dataset": "h082_max_balanced_0_10_50", "congress": "082", "chamber": "House", "style": "max_balanced_0_10_50", "split": "train", "n": 17594, "TP": 6797, "FP": 1835, "TN": 6962, "FN": 2000, "precision": 0.78741890639481, "recall": 0.7726497669660112, "accuracy": 0.7820279640786632, "f1": 0.7799644271042516, "negative_accuracy": 0.7914061611913152, "balanced_accuracy": 0.7820279640786632, "AUC": 0.8639512829568515, "CI_95.0": [0.8586959514775107, 0.8692066144361924]}