{"model": "logistic", "dataset": "h077_max_balanced_0_10_50", "congress": "077", "chamber": "House", "style": "max_balanced_0_10_50", "split": "train", "n": 21588, "TP": 8411, "FP": 2544, "TN": 8250, "FN": 2383, "precision": 0.76777727065267, "recall": 0.7792292014081897, "accuracy": 0.7717713544561794, "f1": 0.7734608487746563, "negative_accuracy": 0.7643135075041689, "balanced_accuracy": 0.7717713544561793, "AUC": 0.8581211300247817, "CI_95.0": [0.8532899558967126, 0.8629523041528508]}