{"model": "logistic", "dataset": "h096_max_balanced_0_3_7", "congress": "096", "chamber": "House", "style": "max_balanced_0_3_7", "split": "train", "n": 31530, "TP": 12249, "FP": 3090, "TN": 12675, "FN": 3516, "precision": 0.7985527087815373, "recall": 0.7769743101807802, "accuracy": 0.7904852521408182, "f1": 0.7876157407407407, "negative_accuracy": 0.8039961941008563, "balanced_accuracy": 0.7904852521408183, "AUC": 0.877641340377405, "CI_95.0": [0.8739568332379267, 0.8813258475168834]}