{"model": "logistic", "dataset": "h109_bayram_1_1", "congress": "109", "chamber": "House", "bayram_1_1": "style", "split": "train", "n": 4000, "TP": 1913, "FP": 86, "TN": 1914, "FN": 87, "precision": 0.9569784892446224, "recall": 0.9565, "accuracy": 0.95675, "f1": 0.9567391847961991, "negative_accuracy": 0.957, "balanced_accuracy": 0.95675, "AUC": 0.9922055, "CI_95.0": [0.9902922741188186, 0.9941187258811813]}