{"model": "logistic", "dataset": "h052_max_balanced_0", "congress": "052", "chamber": "House", "style": "max_balanced_0", "split": "train", "n": 6814, "TP": 2730, "FP": 769, "TN": 2638, "FN": 677, "precision": 0.7802229208345242, "recall": 0.8012914587613736, "accuracy": 0.7877898444379219, "f1": 0.790616854908775, "negative_accuracy": 0.7742882301144702, "balanced_accuracy": 0.7877898444379219, "AUC": 0.8721259576336259, "CI_95.0": [0.8640249104972751, 0.8802270047699766]}