{"model": "logistic", "dataset": "h051_max_balanced_0_3_7", "congress": "051", "chamber": "Senate", "style": "max_balanced_0_3_7", "split": "train", "n": 14424, "TP": 6176, "FP": 819, "TN": 6393, "FN": 1036, "precision": 0.882916368834882, "recall": 0.8563505268996118, "accuracy": 0.8713948973932335, "f1": 0.8694305623988174, "negative_accuracy": 0.8864392678868552, "balanced_accuracy": 0.8713948973932335, "AUC": 0.9441750211255108, "CI_95.0": [0.9407124074550773, 0.9476376347959442]}