{"model": "logistic", "dataset": "h078_max_balanced_0_3_7", "congress": "078", "chamber": "Senate", "style": "max_balanced_0_3_7", "split": "train", "n": 12648, "TP": 5332, "FP": 1354, "TN": 4970, "FN": 992, "precision": 0.7974872868680826, "recall": 0.8431372549019608, "accuracy": 0.8145161290322581, "f1": 0.8196771714066103, "negative_accuracy": 0.7858950031625553, "balanced_accuracy": 0.814516129032258, "AUC": 0.899078303150033, "CI_95.0": [0.8938562920220169, 0.9043003142780491]}