{"model": "logistic", "dataset": "h045_max_balanced_0_10_50", "congress": "045", "chamber": "Senate", "style": "max_balanced_0_10_50", "split": "train", "n": 9198, "TP": 3379, "FP": 962, "TN": 3637, "FN": 1220, "precision": 0.778392075558627, "recall": 0.7347249402043923, "accuracy": 0.7627745161991737, "f1": 0.7559284116331096, "negative_accuracy": 0.7908240921939552, "balanced_accuracy": 0.7627745161991737, "AUC": 0.8483736620660371, "CI_95.0": [0.8406946487131106, 0.8560526754189637]}