{"model": "logistic", "dataset": "h111_max_balanced_0_3_7", "congress": "111", "chamber": "House", "style": "max_balanced_0_3_7", "split": "train", "n": 23050, "TP": 10758, "FP": 991, "TN": 10534, "FN": 767, "precision": 0.9156523959485914, "recall": 0.9334490238611713, "accuracy": 0.9237310195227766, "f1": 0.9244650683165765, "negative_accuracy": 0.9140130151843818, "balanced_accuracy": 0.9237310195227766, "AUC": 0.9781111061965639, "CI_95.0": [0.9766171730132425, 0.9796050393798854]}