{"model": "logistic", "dataset": "h077_max_balanced_0_3_7", "congress": "077", "chamber": "House", "style": "max_balanced_0_3_7", "split": "train", "n": 21588, "TP": 8650, "FP": 1884, "TN": 8910, "FN": 2144, "precision": 0.8211505600911335, "recall": 0.8013711321104318, "accuracy": 0.8134148601074671, "f1": 0.8111402850712678, "negative_accuracy": 0.8254585881045025, "balanced_accuracy": 0.8134148601074671, "AUC": 0.8970278078780856, "CI_95.0": [0.8929871441197673, 0.9010684716364038]}