{"model": "logistic", "dataset": "h082_max_balanced_0_3_7", "congress": "082", "chamber": "House", "style": "max_balanced_0_3_7", "split": "train", "n": 17594, "TP": 7282, "FP": 1263, "TN": 7534, "FN": 1515, "precision": 0.8521942656524283, "recall": 0.8277821984767534, "accuracy": 0.8421052631578947, "f1": 0.8398108637988698, "negative_accuracy": 0.856428327839036, "balanced_accuracy": 0.8421052631578947, "AUC": 0.9211371868960928, "CI_95.0": [0.9172873781219156, 0.92498699567027]}