{"model": "logistic", "dataset": "h107_max_balanced_0_3_7", "congress": "107", "chamber": "House", "style": "max_balanced_0_3_7", "split": "train", "n": 22362, "TP": 9560, "FP": 1213, "TN": 9968, "FN": 1621, "precision": 0.8874036944212382, "recall": 0.8550219121724354, "accuracy": 0.8732671496288347, "f1": 0.8709119067140384, "negative_accuracy": 0.8915123870852338, "balanced_accuracy": 0.8732671496288347, "AUC": 0.9494295197668697, "CI_95.0": [0.9468555899060942, 0.9520034496276453]}