{"model": "logistic", "dataset": "h072_max_balanced_0_10_50", "congress": "072", "chamber": "House", "style": "max_balanced_0_10_50", "split": "train", "n": 17934, "TP": 6522, "FP": 2104, "TN": 6863, "FN": 2445, "precision": 0.7560862508694645, "recall": 0.727333556373369, "accuracy": 0.7463477194156352, "f1": 0.7414312510657648, "negative_accuracy": 0.7653618824579012, "balanced_accuracy": 0.7463477194156352, "AUC": 0.8279305883091975, "CI_95.0": [0.8220420227810281, 0.8338191538373669]}