{"model": "logistic", "dataset": "h104_max_balanced_0_10_50", "congress": "104", "chamber": "House", "style": "max_balanced_0_10_50", "split": "train", "n": 36990, "TP": 14458, "FP": 3082, "TN": 15413, "FN": 4037, "precision": 0.8242873432155075, "recall": 0.7817247904839145, "accuracy": 0.8075425790754258, "f1": 0.8024420702095185, "negative_accuracy": 0.833360367666937, "balanced_accuracy": 0.8075425790754258, "AUC": 0.8954927794795741, "CI_95.0": [0.8923994539589692, 0.8985861050001789]}