{"model": "logistic", "dataset": "h066_max_balanced_0_3_7", "congress": "066", "chamber": "Senate", "style": "max_balanced_0_3_7", "split": "train", "n": 23072, "TP": 9356, "FP": 2019, "TN": 9517, "FN": 2180, "precision": 0.8225054945054945, "recall": 0.8110263522884882, "accuracy": 0.818004507628294, "f1": 0.8167255903277901, "negative_accuracy": 0.8249826629680999, "balanced_accuracy": 0.818004507628294, "AUC": 0.9015302763549335, "CI_95.0": [0.8977179997198658, 0.9053425529900013]}