{"model": "logistic", "dataset": "h111_max_balanced_0_10_50", "congress": "111", "chamber": "House", "style": "max_balanced_0_10_50", "split": "train", "n": 23050, "TP": 10355, "FP": 1475, "TN": 10050, "FN": 1170, "precision": 0.8753169907016061, "recall": 0.8984815618221258, "accuracy": 0.8852494577006508, "f1": 0.8867480196959966, "negative_accuracy": 0.8720173535791758, "balanced_accuracy": 0.8852494577006508, "AUC": 0.9569093802494812, "CI_95.0": [0.9546206847457998, 0.9591980757531627]}