{"model": "logistic", "dataset": "h110_max_balanced_0_10_50", "congress": "110", "chamber": "House", "style": "max_balanced_0_10_50", "split": "train", "n": 27948, "TP": 11491, "FP": 2203, "TN": 11771, "FN": 2483, "precision": 0.8391266247991821, "recall": 0.8223128667525405, "accuracy": 0.8323314727350795, "f1": 0.8306346682087611, "negative_accuracy": 0.8423500787176185, "balanced_accuracy": 0.8323314727350795, "AUC": 0.9169457558926473, "CI_95.0": [0.9138290448629265, 0.920062466922368]}