{"model": "logistic", "dataset": "h090_max_balanced_0_10_50", "congress": "090", "chamber": "Senate", "style": "max_balanced_0_10_50", "split": "train", "n": 23370, "TP": 9144, "FP": 2395, "TN": 9290, "FN": 2541, "precision": 0.7924430193257648, "recall": 0.7825417201540437, "accuracy": 0.7887890457851947, "f1": 0.7874612469858767, "negative_accuracy": 0.7950363714163458, "balanced_accuracy": 0.7887890457851947, "AUC": 0.8729254102621425, "CI_95.0": [0.8685507758967804, 0.8773000446275047]}