{"model": "logistic", "dataset": "h086_max_balanced_0_3_7", "congress": "086", "chamber": "Senate", "style": "max_balanced_0_3_7", "split": "train", "n": 22240, "TP": 9059, "FP": 2207, "TN": 8913, "FN": 2061, "precision": 0.8041008343688976, "recall": 0.8146582733812949, "accuracy": 0.8080935251798561, "f1": 0.8093451264182971, "negative_accuracy": 0.8015287769784173, "balanced_accuracy": 0.8080935251798561, "AUC": 0.8915289023277781, "CI_95.0": [0.8874155314785749, 0.8956422731769814]}