{"model": "logistic", "dataset": "h097_max_balanced_0_3_7", "congress": "097", "chamber": "Senate", "style": "max_balanced_0_3_7", "split": "train", "n": 27752, "TP": 12268, "FP": 1805, "TN": 12071, "FN": 1608, "precision": 0.8717402117530022, "recall": 0.8841164600749496, "accuracy": 0.8770178725857596, "f1": 0.8778847185945831, "negative_accuracy": 0.8699192850965696, "balanced_accuracy": 0.8770178725857596, "AUC": 0.9495278767730757, "CI_95.0": [0.9471950885596649, 0.9518606649864865]}