{"model": "logistic", "dataset": "h110_max_balanced_0_3_7", "congress": "110", "chamber": "Senate", "style": "max_balanced_0_3_7", "split": "train", "n": 15224, "TP": 7004, "FP": 455, "TN": 7157, "FN": 608, "precision": 0.9389998659337713, "recall": 0.9201261166579086, "accuracy": 0.9301760378349974, "f1": 0.9294671886404353, "negative_accuracy": 0.9402259590120862, "balanced_accuracy": 0.9301760378349974, "AUC": 0.9823548565627357, "CI_95.0": [0.9807506535207037, 0.9839590596047677]}