{"model": "logistic", "dataset": "h050_max_balanced_0_3_7", "congress": "050", "chamber": "Senate", "style": "max_balanced_0_3_7", "split": "train", "n": 9660, "TP": 4231, "FP": 731, "TN": 4099, "FN": 599, "precision": 0.8526803708182185, "recall": 0.8759834368530021, "accuracy": 0.8623188405797102, "f1": 0.8641748366013071, "negative_accuracy": 0.8486542443064182, "balanced_accuracy": 0.8623188405797102, "AUC": 0.9385214476464815, "CI_95.0": [0.9340675429923075, 0.9429753523006554]}