{"model": "logistic", "dataset": "h048_max_balanced_0", "congress": "048", "chamber": "House", "style": "max_balanced_0", "split": "train", "n": 8810, "TP": 3396, "FP": 889, "TN": 3516, "FN": 1009, "precision": 0.7925320886814469, "recall": 0.7709421112372304, "accuracy": 0.7845629965947787, "f1": 0.7815880322209435, "negative_accuracy": 0.7981838819523269, "balanced_accuracy": 0.7845629965947787, "AUC": 0.8712217181744509, "CI_95.0": [0.8640483163134707, 0.8783951200354312]}