{"model": "logistic", "dataset": "h083_max_balanced_0_3_7", "congress": "083", "chamber": "House", "style": "max_balanced_0_3_7", "split": "train", "n": 16748, "TP": 7522, "FP": 1070, "TN": 7304, "FN": 852, "precision": 0.875465549348231, "recall": 0.8982565082397899, "accuracy": 0.8852400286601385, "f1": 0.8867146056819523, "negative_accuracy": 0.8722235490804873, "balanced_accuracy": 0.8852400286601385, "AUC": 0.9565083866727503, "CI_95.0": [0.9537675923085848, 0.9592491810369158]}