{"model": "logistic", "dataset": "h095_max_balanced_0_10_50", "congress": "095", "chamber": "Senate", "style": "max_balanced_0_10_50", "split": "train", "n": 34300, "TP": 12023, "FP": 3781, "TN": 13369, "FN": 5127, "precision": 0.7607567704378638, "recall": 0.7010495626822157, "accuracy": 0.7402915451895044, "f1": 0.7296838016629239, "negative_accuracy": 0.779533527696793, "balanced_accuracy": 0.7402915451895044, "AUC": 0.8224399459408921, "CI_95.0": [0.8181195471482822, 0.826760344733502]}