{"model": "logistic", "dataset": "h045_max_balanced_0_10_50", "congress": "045", "chamber": "House", "style": "max_balanced_0_10_50", "split": "train", "n": 9090, "TP": 3416, "FP": 1148, "TN": 3397, "FN": 1129, "precision": 0.7484662576687117, "recall": 0.7515951595159516, "accuracy": 0.7495049504950495, "f1": 0.7500274453836864, "negative_accuracy": 0.7474147414741474, "balanced_accuracy": 0.7495049504950495, "AUC": 0.8273195680404124, "CI_95.0": [0.8190076254953641, 0.8356315105854607]}