{"model": "logistic", "dataset": "h109_max_balanced_0_3_7", "congress": "109", "chamber": "Senate", "style": "max_balanced_0_3_7", "split": "train", "n": 20046, "TP": 9229, "FP": 709, "TN": 9314, "FN": 794, "precision": 0.9286576776011269, "recall": 0.9207822009378429, "accuracy": 0.9250224483687519, "f1": 0.9247031711838084, "negative_accuracy": 0.9292626957996608, "balanced_accuracy": 0.9250224483687519, "AUC": 0.9776839966669895, "CI_95.0": [0.976012966200873, 0.979355027133106]}