{"model": "logistic", "dataset": "h087_max_balanced_0_3_7", "congress": "087", "chamber": "House", "style": "max_balanced_0_3_7", "split": "train", "n": 20188, "TP": 8890, "FP": 1369, "TN": 8725, "FN": 1204, "precision": 0.8665561945608734, "recall": 0.8807212205270458, "accuracy": 0.8725480483455518, "f1": 0.8735812902274849, "negative_accuracy": 0.8643748761640578, "balanced_accuracy": 0.8725480483455519, "AUC": 0.946933616947003, "CI_95.0": [0.9441164421993251, 0.9497507916946808]}