{"model": "logistic", "dataset": "h073_max_balanced_0_3_7", "congress": "073", "chamber": "Senate", "style": "max_balanced_0_3_7", "split": "train", "n": 11004, "TP": 4502, "FP": 1048, "TN": 4454, "FN": 1000, "precision": 0.8111711711711712, "recall": 0.8182479098509633, "accuracy": 0.8138858596873864, "f1": 0.814694173000362, "negative_accuracy": 0.8095238095238095, "balanced_accuracy": 0.8138858596873864, "AUC": 0.8949803422330415, "CI_95.0": [0.889218291037816, 0.9007423934282669]}