{"model": "logistic", "dataset": "h073_max_balanced_0_10_50", "congress": "073", "chamber": "House", "style": "max_balanced_0_10_50", "split": "train", "n": 9750, "TP": 3462, "FP": 1084, "TN": 3791, "FN": 1413, "precision": 0.7615486141663, "recall": 0.7101538461538461, "accuracy": 0.7438974358974358, "f1": 0.7349538265576904, "negative_accuracy": 0.7776410256410257, "balanced_accuracy": 0.743897435897436, "AUC": 0.8247903852728468, "CI_95.0": [0.8167494878502406, 0.8328312826954529]}