{"model": "logistic", "dataset": "h085_max_balanced_0_10_50", "congress": "085", "chamber": "House", "style": "max_balanced_0_10_50", "split": "train", "n": 19656, "TP": 6998, "FP": 1861, "TN": 7967, "FN": 2830, "precision": 0.7899311434699176, "recall": 0.712047212047212, "accuracy": 0.7613451363451363, "f1": 0.7489698721036013, "negative_accuracy": 0.8106430606430607, "balanced_accuracy": 0.7613451363451363, "AUC": 0.8455349336632404, "CI_95.0": [0.8402118895885741, 0.8508579777379067]}