{"model": "logistic", "dataset": "h047_max_balanced_0_3_7", "congress": "047", "chamber": "Senate", "style": "max_balanced_0_3_7", "split": "train", "n": 16426, "TP": 6830, "FP": 1015, "TN": 7198, "FN": 1383, "precision": 0.8706182281708095, "recall": 0.8316084256666261, "accuracy": 0.8540119323024473, "f1": 0.8506663345373023, "negative_accuracy": 0.8764154389382686, "balanced_accuracy": 0.8540119323024473, "AUC": 0.9335446388155942, "CI_95.0": [0.9299595219910358, 0.9371297556401527]}