{"model": "logistic", "dataset": "h097_bayram_3_7", "congress": "097", "chamber": "House", "bayram_3_7": "style", "split": "train", "n": 4000, "TP": 1879, "FP": 83, "TN": 1917, "FN": 121, "precision": 0.9576962283384302, "recall": 0.9395, "accuracy": 0.949, "f1": 0.9485108531044928, "negative_accuracy": 0.9585, "balanced_accuracy": 0.9490000000000001, "AUC": 0.9909482499999999, "CI_95.0": [0.9890861677775101, 0.9928103322224896]}