{"model": "logistic", "dataset": "h106_bayram_1_1", "congress": "106", "chamber": "House", "bayram_1_1": "style", "split": "train", "n": 4000, "TP": 1847, "FP": 160, "TN": 1840, "FN": 153, "precision": 0.9202790234180369, "recall": 0.9235, "accuracy": 0.92175, "f1": 0.9218866982780135, "negative_accuracy": 0.92, "balanced_accuracy": 0.9217500000000001, "AUC": 0.9778162500000002, "CI_95.0": [0.9742261963969288, 0.9814063036030716]}