{"model": "logistic", "dataset": "h052_max_balanced_0_3_7", "congress": "052", "chamber": "Senate", "style": "max_balanced_0_3_7", "split": "train", "n": 7886, "TP": 3509, "FP": 333, "TN": 3610, "FN": 434, "precision": 0.9133263925039042, "recall": 0.889931524220137, "accuracy": 0.9027390311945219, "f1": 0.9014771997430957, "negative_accuracy": 0.915546538168907, "balanced_accuracy": 0.902739031194522, "AUC": 0.9658104465941209, "CI_95.0": [0.9623810125965322, 0.9692398805917095]}