{"model": "logistic", "dataset": "h106_2gram_max_balanced_0", "congress": "106", "chamber": "House", "2gram_max_balanced_0": "style", "split": "train", "n": 27700, "TP": 12509, "FP": 1053, "TN": 12797, "FN": 1341, "precision": 0.9223565845745465, "recall": 0.9031768953068592, "accuracy": 0.9135740072202166, "f1": 0.9126659856996935, "negative_accuracy": 0.923971119133574, "balanced_accuracy": 0.9135740072202165, "AUC": 0.9731877256317689, "CI_95.0": [0.9716209452272994, 0.9747545060362385]}