{"model": "logistic", "dataset": "h062_max_balanced_0_3_7", "congress": "062", "chamber": "House", "style": "max_balanced_0_3_7", "split": "train", "n": 25152, "TP": 10117, "FP": 2611, "TN": 9965, "FN": 2459, "precision": 0.7948617221873036, "recall": 0.8044688295165394, "accuracy": 0.798425572519084, "f1": 0.7996364211191906, "negative_accuracy": 0.7923823155216285, "balanced_accuracy": 0.798425572519084, "AUC": 0.8853686665228085, "CI_95.0": [0.8813862092246849, 0.8893511238209322]}