{"model": "logistic", "dataset": "h077_max_balanced_0_10_50", "congress": "077", "chamber": "Senate", "style": "max_balanced_0_10_50", "split": "train", "n": 8380, "TP": 3445, "FP": 1031, "TN": 3159, "FN": 745, "precision": 0.7696604110813227, "recall": 0.8221957040572793, "accuracy": 0.7880668257756563, "f1": 0.7950611585506577, "negative_accuracy": 0.7539379474940334, "balanced_accuracy": 0.7880668257756563, "AUC": 0.8672999698110628, "CI_95.0": [0.8597584714475048, 0.8748414681746208]}