{"model": "logistic", "dataset": "h061_max_balanced_0", "congress": "061", "chamber": "House", "style": "max_balanced_0", "split": "train", "n": 15326, "TP": 5582, "FP": 1722, "TN": 5941, "FN": 2081, "precision": 0.7642387732749178, "recall": 0.7284353386402193, "accuracy": 0.7518595850189221, "f1": 0.7459076635264248, "negative_accuracy": 0.7752838313976249, "balanced_accuracy": 0.751859585018922, "AUC": 0.8323926681863695, "CI_95.0": [0.8261007729958999, 0.838684563376839]}