{"model": "logistic", "dataset": "h106_max_balanced_0_3_7", "congress": "106", "chamber": "House", "style": "max_balanced_0_3_7", "split": "train", "n": 27700, "TP": 11931, "FP": 2246, "TN": 11604, "FN": 1919, "precision": 0.8415743810397122, "recall": 0.8614440433212996, "accuracy": 0.8496389891696751, "f1": 0.8513932993185143, "negative_accuracy": 0.8378339350180506, "balanced_accuracy": 0.8496389891696752, "AUC": 0.9303362144691056, "CI_95.0": [0.9275264017447434, 0.9331460271934678]}