{"model": "logistic", "dataset": "h114_bayram_3_7", "congress": "114", "chamber": "House", "bayram_3_7": "style", "split": "train", "n": 4000, "TP": 1945, "FP": 32, "TN": 1968, "FN": 55, "precision": 0.9838138593829034, "recall": 0.9725, "accuracy": 0.97825, "f1": 0.9781242142318332, "negative_accuracy": 0.984, "balanced_accuracy": 0.9782500000000001, "AUC": 0.99695375, "CI_95.0": [0.9957352126322943, 0.9981722873677057]}