{"model": "logistic", "dataset": "h095_max_balanced_0_10_50", "congress": "095", "chamber": "House", "style": "max_balanced_0_10_50", "split": "train", "n": 30296, "TP": 11006, "FP": 3546, "TN": 11602, "FN": 4142, "precision": 0.7563221550302364, "recall": 0.726564562978611, "accuracy": 0.7462371270134671, "f1": 0.7411447811447811, "negative_accuracy": 0.7659096910483232, "balanced_accuracy": 0.7462371270134671, "AUC": 0.8255053309415579, "CI_95.0": [0.820941065476677, 0.8300695964064387]}