{"model": "logistic", "dataset": "h043_max_balanced_0_3_7", "congress": "043", "chamber": "House", "style": "max_balanced_0_3_7", "split": "train", "n": 6996, "TP": 2919, "FP": 705, "TN": 2793, "FN": 579, "precision": 0.8054635761589404, "recall": 0.8344768439108061, "accuracy": 0.8164665523156089, "f1": 0.8197135636057287, "negative_accuracy": 0.7984562607204116, "balanced_accuracy": 0.8164665523156089, "AUC": 0.8958306159429172, "CI_95.0": [0.8885757825323932, 0.9030854493534413]}