{"model": "logistic", "dataset": "h086_max_balanced_0", "congress": "086", "chamber": "Senate", "style": "max_balanced_0", "split": "train", "n": 22240, "TP": 8569, "FP": 2005, "TN": 9115, "FN": 2551, "precision": 0.8103839606582183, "recall": 0.7705935251798561, "accuracy": 0.7951438848920863, "f1": 0.7899880151193879, "negative_accuracy": 0.8196942446043165, "balanced_accuracy": 0.7951438848920863, "AUC": 0.8794132800773768, "CI_95.0": [0.8750500984624094, 0.8837764616923443]}