{"model": "logistic", "dataset": "h109_bayram_3_7", "congress": "109", "chamber": "House", "bayram_3_7": "style", "split": "train", "n": 4000, "TP": 1907, "FP": 71, "TN": 1929, "FN": 93, "precision": 0.9641051567239636, "recall": 0.9535, "accuracy": 0.959, "f1": 0.9587732528909, "negative_accuracy": 0.9645, "balanced_accuracy": 0.9590000000000001, "AUC": 0.99277575, "CI_95.0": [0.9909775326134159, 0.994573967386584]}