{"model": "logistic", "dataset": "h092_max_balanced_0_3_7", "congress": "092", "chamber": "House", "style": "max_balanced_0_3_7", "split": "train", "n": 21802, "TP": 8794, "FP": 2092, "TN": 8809, "FN": 2107, "precision": 0.8078265662318574, "recall": 0.8067149802770388, "accuracy": 0.8074029905513256, "f1": 0.807270390599899, "negative_accuracy": 0.8080910008256124, "balanced_accuracy": 0.8074029905513256, "AUC": 0.8919396542681365, "CI_95.0": [0.887789606858361, 0.896089701677912]}