{"model": "logistic", "dataset": "h100_max_balanced_0_3_7", "congress": "100", "chamber": "Senate", "style": "max_balanced_0_3_7", "split": "train", "n": 31208, "TP": 12702, "FP": 2260, "TN": 13344, "FN": 2902, "precision": 0.8489506750434433, "recall": 0.8140220456293258, "accuracy": 0.8345936939246347, "f1": 0.8311195445920303, "negative_accuracy": 0.8551653422199436, "balanced_accuracy": 0.8345936939246347, "AUC": 0.9190733109205461, "CI_95.0": [0.9161623790206848, 0.9219842428204075]}