{"model": "logistic", "dataset": "h050_max_balanced_0_10_50", "congress": "050", "chamber": "Senate", "style": "max_balanced_0_10_50", "split": "train", "n": 9660, "TP": 3864, "FP": 794, "TN": 4036, "FN": 966, "precision": 0.8295405753542293, "recall": 0.8, "accuracy": 0.8178053830227743, "f1": 0.8145025295109612, "negative_accuracy": 0.8356107660455486, "balanced_accuracy": 0.8178053830227743, "AUC": 0.8986095143791605, "CI_95.0": [0.8925912545670771, 0.9046277741912438]}