{"model": "logistic", "dataset": "h114_2gram_max_balanced_0", "congress": "114", "chamber": "House", "2gram_max_balanced_0": "style", "split": "train", "n": 18990, "TP": 8433, "FP": 603, "TN": 8892, "FN": 1062, "precision": 0.9332669322709163, "recall": 0.8881516587677725, "accuracy": 0.9123222748815166, "f1": 0.9101505585235552, "negative_accuracy": 0.9364928909952607, "balanced_accuracy": 0.9123222748815165, "AUC": 0.9744428000546834, "CI_95.0": [0.9726294032302553, 0.9762561968791116]}