{"model": "logistic", "dataset": "h053_max_balanced_0", "congress": "053", "chamber": "House", "style": "max_balanced_0", "split": "train", "n": 13966, "TP": 5516, "FP": 1801, "TN": 5182, "FN": 1467, "precision": 0.7538608719420528, "recall": 0.7899183731920378, "accuracy": 0.7660031505083775, "f1": 0.7714685314685314, "negative_accuracy": 0.7420879278247172, "balanced_accuracy": 0.7660031505083775, "AUC": 0.8484285366505252, "CI_95.0": [0.8421615541582138, 0.8546955191428366]}