{"model": "logistic", "dataset": "h098_max_balanced_0_3_7", "congress": "098", "chamber": "House", "style": "max_balanced_0_3_7", "split": "train", "n": 28392, "TP": 11602, "FP": 3038, "TN": 11158, "FN": 2594, "precision": 0.7924863387978142, "recall": 0.817272471118625, "accuracy": 0.8016342631727247, "f1": 0.804688583714801, "negative_accuracy": 0.7859960552268245, "balanced_accuracy": 0.8016342631727247, "AUC": 0.8850899477118672, "CI_95.0": [0.8813149865869939, 0.8888649088367405]}