{"model": "logistic", "dataset": "h061_max_balanced_0_3_7", "congress": "061", "chamber": "Senate", "style": "max_balanced_0_3_7", "split": "train", "n": 9654, "TP": 4312, "FP": 515, "TN": 4312, "FN": 515, "precision": 0.8933084731717423, "recall": 0.8933084731717423, "accuracy": 0.8933084731717423, "f1": 0.8933084731717423, "negative_accuracy": 0.8933084731717423, "balanced_accuracy": 0.8933084731717423, "AUC": 0.9584133925901662, "CI_95.0": [0.9549105386381536, 0.9619162465421789]}