{"model": "logistic", "dataset": "h067_max_balanced_0_10_50", "congress": "067", "chamber": "Senate", "style": "max_balanced_0_10_50", "split": "train", "n": 36262, "TP": 14111, "FP": 4217, "TN": 13914, "FN": 4020, "precision": 0.7699148843299869, "recall": 0.7782802934201092, "accuracy": 0.7728476090673432, "f1": 0.7740749883430702, "negative_accuracy": 0.7674149247145773, "balanced_accuracy": 0.7728476090673433, "AUC": 0.8580081749039004, "CI_95.0": [0.8542675745879483, 0.8617487752198524]}