{"model": "logistic", "dataset": "h109_3gram_max_balanced_0", "congress": "109", "chamber": "House", "3gram_max_balanced_0": "style", "split": "train", "n": 25802, "TP": 11698, "FP": 944, "TN": 11957, "FN": 1203, "precision": 0.925328270843221, "recall": 0.9067514146190218, "accuracy": 0.9167893961708394, "f1": 0.9159456602591708, "negative_accuracy": 0.9268273777226571, "balanced_accuracy": 0.9167893961708394, "AUC": 0.9751725291363247, "CI_95.0": [0.9736377276215736, 0.9767073306510757]}