{"model": "logistic", "dataset": "h096_max_balanced_0_3_7", "congress": "096", "chamber": "Senate", "style": "max_balanced_0_3_7", "split": "train", "n": 31334, "TP": 12364, "FP": 2466, "TN": 13201, "FN": 3303, "precision": 0.833715441672286, "recall": 0.7891746984106721, "accuracy": 0.8158868960234889, "f1": 0.810833852510083, "negative_accuracy": 0.8425990936363056, "balanced_accuracy": 0.8158868960234889, "AUC": 0.9005863435867437, "CI_95.0": [0.8972906917479267, 0.9038819954255607]}