{"model": "logistic", "dataset": "h075_max_balanced_0_3_7", "congress": "075", "chamber": "House", "style": "max_balanced_0_3_7", "split": "train", "n": 13742, "TP": 6237, "FP": 755, "TN": 6116, "FN": 634, "precision": 0.8920194508009154, "recall": 0.9077281327317712, "accuracy": 0.8989230097511279, "f1": 0.8998052369616967, "negative_accuracy": 0.8901178867704846, "balanced_accuracy": 0.8989230097511279, "AUC": 0.9649847266424534, "CI_95.0": [0.9623513781905914, 0.9676180750943154]}