{"model": "logistic", "dataset": "h065_max_balanced_0", "congress": "065", "chamber": "Senate", "style": "max_balanced_0", "split": "train", "n": 28092, "TP": 10578, "FP": 3654, "TN": 10392, "FN": 3468, "precision": 0.7432546374367622, "recall": 0.7530969671080735, "accuracy": 0.7464758650149509, "f1": 0.7481434330575005, "negative_accuracy": 0.7398547629218283, "balanced_accuracy": 0.7464758650149509, "AUC": 0.8283557727747496, "CI_95.0": [0.8236633059379529, 0.8330482396115463]}