{"model": "logistic", "dataset": "h051_max_balanced_0", "congress": "051", "chamber": "House", "style": "max_balanced_0", "split": "train", "n": 17474, "TP": 6878, "FP": 2374, "TN": 6363, "FN": 1859, "precision": 0.7434068309554691, "recall": 0.7872267368662013, "accuracy": 0.7577543779329289, "f1": 0.7646895324920784, "negative_accuracy": 0.7282820189996566, "balanced_accuracy": 0.757754377932929, "AUC": 0.8427882107656041, "CI_95.0": [0.837105717158713, 0.8484707043724952]}