{"model": "logistic", "dataset": "h072_max_balanced_0_3_7", "congress": "072", "chamber": "Senate", "style": "max_balanced_0_3_7", "split": "train", "n": 19180, "TP": 7883, "FP": 1528, "TN": 8062, "FN": 1707, "precision": 0.8376368079906492, "recall": 0.8220020855057352, "accuracy": 0.8313347236704901, "f1": 0.8297458028524815, "negative_accuracy": 0.840667361835245, "balanced_accuracy": 0.8313347236704901, "AUC": 0.9162289804834501, "CI_95.0": [0.912459362813157, 0.9199985981537433]}