{"model": "logistic", "dataset": "h095_max_balanced_0_3_7", "congress": "095", "chamber": "House", "style": "max_balanced_0_3_7", "split": "train", "n": 30296, "TP": 11881, "FP": 2973, "TN": 12175, "FN": 3267, "precision": 0.799851891746331, "recall": 0.7843279640876684, "accuracy": 0.7940322154739899, "f1": 0.7920138657422837, "negative_accuracy": 0.8037364668603116, "balanced_accuracy": 0.79403221547399, "AUC": 0.8751829475798301, "CI_95.0": [0.8713555223823118, 0.8790103727773483]}