{"model": "logistic", "dataset": "h079_max_balanced_0_10_50", "congress": "079", "chamber": "House", "style": "max_balanced_0_10_50", "split": "train", "n": 20586, "TP": 8013, "FP": 2326, "TN": 7967, "FN": 2280, "precision": 0.7750265983170519, "recall": 0.7784902360827747, "accuracy": 0.776255707762557, "f1": 0.7767545560294686, "negative_accuracy": 0.7740211794423395, "balanced_accuracy": 0.7762557077625571, "AUC": 0.8614347646598216, "CI_95.0": [0.8565545738602756, 0.8663149554593677]}