{"model": "logistic", "dataset": "h085_max_balanced_0_3_7", "congress": "085", "chamber": "House", "style": "max_balanced_0_3_7", "split": "train", "n": 19656, "TP": 8181, "FP": 1322, "TN": 8506, "FN": 1647, "precision": 0.8608860359886352, "recall": 0.8324175824175825, "accuracy": 0.848951973951974, "f1": 0.8464124980601109, "negative_accuracy": 0.8654863654863655, "balanced_accuracy": 0.848951973951974, "AUC": 0.9283657593969966, "CI_95.0": [0.9249267529328317, 0.9318047658611616]}