{"model": "logistic", "dataset": "h060_max_balanced_0", "congress": "060", "chamber": "Senate", "style": "max_balanced_0", "split": "train", "n": 6248, "TP": 2508, "FP": 533, "TN": 2591, "FN": 616, "precision": 0.8247287076619533, "recall": 0.8028169014084507, "accuracy": 0.816101152368758, "f1": 0.8136253041362531, "negative_accuracy": 0.8293854033290653, "balanced_accuracy": 0.816101152368758, "AUC": 0.899969936602504, "CI_95.0": [0.8925561284928114, 0.9073837447121966]}