{"model": "logistic", "dataset": "h093_max_balanced_0_10_50", "congress": "093", "chamber": "Senate", "style": "max_balanced_0_10_50", "split": "train", "n": 30812, "TP": 11780, "FP": 3431, "TN": 11975, "FN": 3626, "precision": 0.7744395503254224, "recall": 0.7646371543554459, "accuracy": 0.7709658574581332, "f1": 0.7695071365581213, "negative_accuracy": 0.7772945605608205, "balanced_accuracy": 0.7709658574581332, "AUC": 0.8552160789375675, "CI_95.0": [0.8511181923477504, 0.8593139655273845]}