{"model": "logistic", "dataset": "h071_max_balanced_0_10_50", "congress": "071", "chamber": "Senate", "style": "max_balanced_0_10_50", "split": "train", "n": 28792, "TP": 10254, "FP": 3005, "TN": 11391, "FN": 4142, "precision": 0.7733614903084697, "recall": 0.7122811892192276, "accuracy": 0.7517713253681578, "f1": 0.7415657204845417, "negative_accuracy": 0.7912614615170881, "balanced_accuracy": 0.7517713253681578, "AUC": 0.8366704091647823, "CI_95.0": [0.8321557126670606, 0.841185105662504]}