{"model": "logistic", "dataset": "h078_max_balanced_0", "congress": "078", "chamber": "Senate", "style": "max_balanced_0", "split": "train", "n": 12648, "TP": 4871, "FP": 1301, "TN": 5023, "FN": 1453, "precision": 0.7892093324692158, "recall": 0.7702403542061986, "accuracy": 0.782258064516129, "f1": 0.7796094750320103, "negative_accuracy": 0.7942757748260595, "balanced_accuracy": 0.782258064516129, "AUC": 0.8671284052479614, "CI_95.0": [0.8610366963041559, 0.8732201141917669]}