{"model": "logistic", "dataset": "h099_max_balanced_0_10_50", "congress": "099", "chamber": "Senate", "style": "max_balanced_0_10_50", "split": "train", "n": 32360, "TP": 13373, "FP": 3554, "TN": 12626, "FN": 2807, "precision": 0.7900395817333254, "recall": 0.8265142150803461, "accuracy": 0.8034301606922126, "f1": 0.8078654061074697, "negative_accuracy": 0.7803461063040791, "balanced_accuracy": 0.8034301606922125, "AUC": 0.8910308759918164, "CI_95.0": [0.8876411128128926, 0.8944206391707402]}