{"model": "logistic", "dataset": "h054_max_balanced_0_3_7", "congress": "054", "chamber": "Senate", "style": "max_balanced_0_3_7", "split": "train", "n": 7880, "TP": 3485, "FP": 422, "TN": 3518, "FN": 455, "precision": 0.8919887381622729, "recall": 0.8845177664974619, "accuracy": 0.8887055837563452, "f1": 0.8882375430100676, "negative_accuracy": 0.8928934010152284, "balanced_accuracy": 0.8887055837563451, "AUC": 0.9574907238011802, "CI_95.0": [0.9536143208009853, 0.961367126801375]}