{"model": "logistic", "dataset": "h103_bayram_1_1", "congress": "103", "chamber": "House", "bayram_1_1": "style", "split": "train", "n": 4000, "TP": 1999, "FP": 3, "TN": 1997, "FN": 1, "precision": 0.9985014985014985, "recall": 0.9995, "accuracy": 0.999, "f1": 0.9990004997501248, "negative_accuracy": 0.9985, "balanced_accuracy": 0.9990000000000001, "AUC": 0.99999275, "CI_95.0": [0.9999829826015479, 1.0]}