{"model": "logistic", "dataset": "h102_max_balanced_0_3_7", "congress": "102", "chamber": "Senate", "style": "max_balanced_0_3_7", "split": "train", "n": 24108, "TP": 10402, "FP": 1536, "TN": 10518, "FN": 1652, "precision": 0.8713352320321662, "recall": 0.8629500580720093, "accuracy": 0.8677617388418782, "f1": 0.8671223741247082, "negative_accuracy": 0.8725734196117472, "balanced_accuracy": 0.8677617388418782, "AUC": 0.9435379648668543, "CI_95.0": [0.9408670854004487, 0.9462088443332598]}