{"model": "logistic", "dataset": "h046_max_balanced_0_10_50", "congress": "046", "chamber": "Senate", "style": "max_balanced_0_10_50", "split": "train", "n": 12772, "TP": 4991, "FP": 1298, "TN": 5088, "FN": 1395, "precision": 0.7936078867864526, "recall": 0.7815533980582524, "accuracy": 0.7891481365487003, "f1": 0.787534516765286, "negative_accuracy": 0.7967428750391481, "balanced_accuracy": 0.7891481365487003, "AUC": 0.8760782473287312, "CI_95.0": [0.8702316185432782, 0.8819248761141841]}