{"model": "logistic", "dataset": "h112_max_balanced_0_3_7", "congress": "112", "chamber": "Senate", "style": "max_balanced_0_3_7", "split": "train", "n": 9772, "TP": 4645, "FP": 216, "TN": 4670, "FN": 241, "precision": 0.9555646986216828, "recall": 0.9506753990994679, "accuracy": 0.9532337290216947, "f1": 0.9531137785985432, "negative_accuracy": 0.9557920589439214, "balanced_accuracy": 0.9532337290216946, "AUC": 0.9905695749289279, "CI_95.0": [0.9892354516671004, 0.9919036981907555]}