{"model": "logistic", "dataset": "h061_max_balanced_0_3_7", "congress": "061", "chamber": "House", "style": "max_balanced_0_3_7", "split": "train", "n": 15326, "TP": 6350, "FP": 1084, "TN": 6579, "FN": 1313, "precision": 0.8541834813021254, "recall": 0.8286571838705468, "accuracy": 0.8435991126190787, "f1": 0.8412267337881698, "negative_accuracy": 0.8585410413676106, "balanced_accuracy": 0.8435991126190787, "AUC": 0.9239807948592108, "CI_95.0": [0.9199749646923956, 0.927986625026026]}