{"model": "cnn2_128_7_e128_s1_d4_10", "dataset": "h112_max_balanced_0_1_1", "congress": "112", "chamber": "House", "style": "max_balanced_0_1_1", "split": "train", "n": 26090, "TP": 11720, "FP": 1084, "TN": 11961, "FN": 1325, "precision": 0.91533895657607, "recall": 0.8984285166730548, "accuracy": 0.9076657723265619, "f1": 0.9068049054122017, "negative_accuracy": 0.916903027980069, "balanced_accuracy": 0.9076657723265619, "AUC": 0.9693928041345221, "CI_95.0": [0.9676221023594264, 0.9711635059096179]}