{"model": "cnn2_128_7_e128_s1_d4_10", "dataset": "h109_max_balanced_0_1_1", "congress": "109", "chamber": "House", "style": "max_balanced_0_1_1", "split": "train", "n": 25802, "TP": 11557, "FP": 921, "TN": 11980, "FN": 1344, "precision": 0.926190094566437, "recall": 0.8958220293000543, "accuracy": 0.9122161072785056, "f1": 0.9107529847511723, "negative_accuracy": 0.9286101852569568, "balanced_accuracy": 0.9122161072785056, "AUC": 0.9719825303691723, "CI_95.0": [0.9702951488660366, 0.9736699118723079]}