{"model": "cnn2_128_7_e128_s1_d4_10", "dataset": "h103_max_balanced_0_1_1", "congress": "103", "chamber": "House", "style": "max_balanced_0_1_1", "split": "train", "n": 28186, "TP": 12736, "FP": 1819, "TN": 12274, "FN": 1357, "precision": 0.8750257643421505, "recall": 0.9037110622294756, "accuracy": 0.8873199460725183, "f1": 0.8891371125383971, "negative_accuracy": 0.8709288299155609, "balanced_accuracy": 0.8873199460725183, "AUC": 0.9558144053554214, "CI_95.0": [0.9536438961137864, 0.9579849145970564]}