{"model": "cnn2_128_7_e128_s1_d4_10", "dataset": "h106_max_balanced_0_1_1", "congress": "106", "chamber": "House", "style": "max_balanced_0_1_1", "split": "train", "n": 27700, "TP": 13795, "FP": 129, "TN": 13721, "FN": 55, "precision": 0.9907354208560758, "recall": 0.996028880866426, "accuracy": 0.9933574007220216, "f1": 0.9933750990134659, "negative_accuracy": 0.9906859205776173, "balanced_accuracy": 0.9933574007220216, "AUC": 0.9997475999947869, "CI_95.0": [0.9996689789353349, 0.9998262210542389]}