{"model": "cnn2_128_7_e128_s1_d4_10", "dataset": "h097_max_balanced_0_1_1", "congress": "097", "chamber": "House", "style": "max_balanced_0_1_1", "split": "train", "n": 23038, "TP": 8884, "FP": 1296, "TN": 10223, "FN": 2635, "precision": 0.8726915520628684, "recall": 0.7712475041236219, "accuracy": 0.8293688688254188, "f1": 0.818839577860731, "negative_accuracy": 0.8874902335272159, "balanced_accuracy": 0.8293688688254188, "AUC": 0.90795629359152, "CI_95.0": [0.9041951905607434, 0.9117173966222966]}