{"model": "cnn2_128_7_e128_s1_d4_10", "dataset": "h100_max_balanced_0_1_1", "congress": "100", "chamber": "House", "style": "max_balanced_0_1_1", "split": "train", "n": 26218, "TP": 13085, "FP": 4, "TN": 13105, "FN": 24, "precision": 0.99969439987776, "recall": 0.9981691967350675, "accuracy": 0.9989320314287894, "f1": 0.9989312161233682, "negative_accuracy": 0.9996948661225112, "balanced_accuracy": 0.9989320314287894, "AUC": 0.9999916058505937, "CI_95.0": [0.9999809419177372, 1.0]}