{"model": "cnn2_128_7_e128_s1_d4_10", "dataset": "h114_max_balanced_0_1_1", "congress": "114", "chamber": "House", "style": "max_balanced_0_1_1", "split": "train", "n": 18990, "TP": 8986, "FP": 337, "TN": 9158, "FN": 509, "precision": 0.9638528370696128, "recall": 0.9463928383359663, "accuracy": 0.9554502369668246, "f1": 0.9550430438941439, "negative_accuracy": 0.964507635597683, "balanced_accuracy": 0.9554502369668247, "AUC": 0.9918976951090634, "CI_95.0": [0.990993286815641, 0.9928021034024859]}