{"model": "models.sk_logistic", "dataset": "h100", "split": "train", "n": 4000, "TP": 1475, "FP": 522, "TN": 1478, "FN": 525, "precision": 0.7386079118678017, "recall": 0.7375, "accuracy": 0.73825, "f1": 0.7380535401551164, "negative_accuracy": 0.739, "balanced_accuracy": 0.7382500000000001, "AUC": 0.73825, "CI_95.0": [0.7246239136425608, 0.7518760863574391]}