{"model": "models.sk_logistic", "dataset": "h109", "split": "train", "n": 4000, "TP": 1747, "FP": 195, "TN": 1805, "FN": 253, "precision": 0.8995880535530381, "recall": 0.8735, "accuracy": 0.888, "f1": 0.8863521055301877, "negative_accuracy": 0.9025, "balanced_accuracy": 0.888, "AUC": 0.888, "CI_95.0": [0.8782347659866164, 0.8977652340133836]}