{"model": "models.sk_logistic", "dataset": "h106", "split": "train", "n": 4000, "TP": 1614, "FP": 364, "TN": 1636, "FN": 386, "precision": 0.8159757330637007, "recall": 0.807, "accuracy": 0.8125, "f1": 0.8114630467571645, "negative_accuracy": 0.818, "balanced_accuracy": 0.8125, "AUC": 0.8125000000000001, "CI_95.0": [0.800402492638414, 0.8245975073615862]}