{"model": "cnn3_avg_drop_128_7_l128_s1_d4_10_e300_glove840_trainable", "dataset": "h114_max_balanced_0_1_1", "congress": "114", "chamber": "House", "style": "max_balanced_0_1_1", "split": "train", "n": 18990, "TP": 8947, "FP": 409, "TN": 9086, "FN": 548, "precision": 0.9562847370671227, "recall": 0.9422854133754608, "accuracy": 0.9496050552922591, "f1": 0.9492334624157869, "negative_accuracy": 0.9569246972090574, "balanced_accuracy": 0.949605055292259, "AUC": 0.9927825709104956, "CI_95.0": [0.992085857864109, 0.9934792839568822]}