{"model": "cnn3_avg_drop_128_7_l128_s1_d4_10_e300_glove840_trainable", "dataset": "h106_max_balanced_0_1_1", "congress": "106", "chamber": "House", "style": "max_balanced_0_1_1", "split": "train", "n": 27700, "TP": 12357, "FP": 1353, "TN": 12497, "FN": 1493, "precision": 0.9013129102844639, "recall": 0.8922021660649819, "accuracy": 0.8972563176895307, "f1": 0.896734397677794, "negative_accuracy": 0.9023104693140794, "balanced_accuracy": 0.8972563176895307, "AUC": 0.9666286123890575, "CI_95.0": [0.9648873588918001, 0.9683698658863149]}