{"model": "cnn3_avg_drop_128_7_l128_s1_d4_10_e300_glove840_trainable", "dataset": "h109_max_balanced_0_1_1", "congress": "109", "chamber": "House", "style": "max_balanced_0_1_1", "split": "train", "n": 25802, "TP": 11812, "FP": 1043, "TN": 11858, "FN": 1089, "precision": 0.9188642551536367, "recall": 0.9155879389194637, "accuracy": 0.9173707464537633, "f1": 0.9172231712998912, "negative_accuracy": 0.919153553988063, "balanced_accuracy": 0.9173707464537633, "AUC": 0.9773433841917221, "CI_95.0": [0.9759111402170175, 0.9787756281664266]}