{"model": "cnn3_avg_drop_128_7_l128_s1_d4_10_e300_glove840_trainable", "dataset": "h103_max_balanced_0_1_1", "congress": "103", "chamber": "House", "style": "max_balanced_0_1_1", "split": "train", "n": 28186, "TP": 12733, "FP": 3818, "TN": 10275, "FN": 1360, "precision": 0.7693190743761706, "recall": 0.9034981905910736, "accuracy": 0.8162917760590364, "f1": 0.8310272810338076, "negative_accuracy": 0.7290853615269992, "balanced_accuracy": 0.8162917760590365, "AUC": 0.9108531753181539, "CI_95.0": [0.9076184506957282, 0.9140878999405796]}