{"model": "cnn3_avg_drop_128_7_l128_s1_d4_10_e300_glove840_trainable", "dataset": "h112_max_balanced_0_1_1", "congress": "112", "chamber": "House", "style": "max_balanced_0_1_1", "split": "train", "n": 26090, "TP": 12299, "FP": 1055, "TN": 11990, "FN": 746, "precision": 0.9209974539463831, "recall": 0.9428133384438482, "accuracy": 0.9309697201993101, "f1": 0.9317777188529869, "negative_accuracy": 0.919126101954772, "balanced_accuracy": 0.9309697201993101, "AUC": 0.9853945617677173, "CI_95.0": [0.9843749378765926, 0.9864141856588421]}