{"model": "cnn3_avg_drop_128_7_l128_s1_d4_10_e300_glove840_trainable", "dataset": "h097_max_balanced_0_1_1", "congress": "097", "chamber": "House", "style": "max_balanced_0_1_1", "split": "train", "n": 23038, "TP": 8955, "FP": 1915, "TN": 9604, "FN": 2564, "precision": 0.8238270469181233, "recall": 0.777411233614029, "accuracy": 0.8055820817779321, "f1": 0.7999464022511055, "negative_accuracy": 0.8337529299418353, "balanced_accuracy": 0.8055820817779321, "AUC": 0.8930359162090804, "CI_95.0": [0.8890546011035428, 0.897017231314618]}