{"model": "cnn3_avg_drop_128_7_l128_s1_d4_10_e300_glove840_trainable", "dataset": "h100_max_balanced_0_1_1", "congress": "100", "chamber": "House", "style": "max_balanced_0_1_1", "split": "train", "n": 26218, "TP": 10318, "FP": 979, "TN": 12130, "FN": 2791, "precision": 0.9133398247322297, "recall": 0.787092836982226, "accuracy": 0.8562056602334274, "f1": 0.8455297877571089, "negative_accuracy": 0.9253184834846289, "balanced_accuracy": 0.8562056602334274, "AUC": 0.9451762768756732, "CI_95.0": [0.9427026805206705, 0.9476498732306758]}