{"model": "boost", "dataset": "h114_max_balanced_0", "split": "train", "n": 18990, "TP": 6218, "FP": 2644, "TN": 6851, "FN": 3277, "precision": 0.701647483638005, "recall": 0.6548709847288047, "accuracy": 0.688204318062138, "f1": 0.6774527428229014, "negative_accuracy": 0.7215376513954713, "balanced_accuracy": 0.688204318062138, "AUC": 0.688204318062138, "CI_95.0": [0.6816326609686554, 0.6947759751556206]}