{"model": "boost", "dataset": "h097_max_balanced_0", "split": "train", "n": 23038, "TP": 6455, "FP": 3645, "TN": 7874, "FN": 5064, "precision": 0.6391089108910891, "recall": 0.5603785050785659, "accuracy": 0.6219723934369303, "f1": 0.5971599056385587, "negative_accuracy": 0.6835662817952948, "balanced_accuracy": 0.6219723934369303, "AUC": 0.6219723934369303, "CI_95.0": [0.6157614220447805, 0.6281833648290802]}