{"model": "lstm2_drop_128_05", "dataset": "h100_bayram_1_1", "congress": "100", "chamber": "House", "bayram_1_1": "style", "split": "train", "n": 4000, "TP": 1757, "FP": 88, "TN": 1912, "FN": 243, "precision": 0.9523035230352304, "recall": 0.8785, "accuracy": 0.91725, "f1": 0.9139141742522757, "negative_accuracy": 0.956, "balanced_accuracy": 0.9172499999999999, "AUC": 0.97478425, "CI_95.0": [0.9706217178346692, 0.9789467821653308]}