{"model": "lstm2_drop_128_05", "dataset": "h106_bayram_1_1", "congress": "106", "chamber": "House", "bayram_1_1": "style", "split": "train", "n": 4000, "TP": 1998, "FP": 0, "TN": 2000, "FN": 2, "precision": 1.0, "recall": 0.999, "accuracy": 0.9995, "f1": 0.9994997498749374, "negative_accuracy": 1.0, "balanced_accuracy": 0.9995, "AUC": 0.9999960000000002, "CI_95.0": [0.9999879206451623, 1.0]}