{"model": "lstm2_drop_128_05", "dataset": "h103_bayram_1_1", "congress": "103", "chamber": "House", "bayram_1_1": "style", "split": "train", "n": 4000, "TP": 1809, "FP": 177, "TN": 1823, "FN": 191, "precision": 0.9108761329305136, "recall": 0.9045, "accuracy": 0.908, "f1": 0.9076768690416458, "negative_accuracy": 0.9115, "balanced_accuracy": 0.9079999999999999, "AUC": 0.9677380000000001, "CI_95.0": [0.9628528122853716, 0.9726231877146286]}