{"model": "lstm2_drop_128_05", "dataset": "h097_bayram_1_1", "congress": "097", "chamber": "House", "bayram_1_1": "style", "split": "train", "n": 4000, "TP": 2000, "FP": 2000, "TN": 0, "FN": 0, "precision": 0.5, "recall": 1.0, "accuracy": 0.5, "f1": 0.6666666666666666, "negative_accuracy": 0.0, "balanced_accuracy": 0.5, "AUC": 0.6344226249999999, "CI_95.0": [0.6173559315858597, 0.6514893184141402]}