{"model": "lstm2_drop_128_05", "dataset": "h109_bayram_1_1", "congress": "109", "chamber": "House", "bayram_1_1": "style", "split": "train", "n": 4000, "TP": 1733, "FP": 83, "TN": 1917, "FN": 267, "precision": 0.954295154185022, "recall": 0.8665, "accuracy": 0.9125, "f1": 0.9082809224318658, "negative_accuracy": 0.9585, "balanced_accuracy": 0.9125000000000001, "AUC": 0.97648075, "CI_95.0": [0.9726300510850056, 0.9803314489149945]}