{"model": "lstm2_drop_128_05", "dataset": "h114_bayram_1_1", "congress": "114", "chamber": "House", "bayram_1_1": "style", "split": "train", "n": 4000, "TP": 1689, "FP": 132, "TN": 1868, "FN": 311, "precision": 0.9275123558484349, "recall": 0.8445, "accuracy": 0.88925, "f1": 0.8840617639361426, "negative_accuracy": 0.934, "balanced_accuracy": 0.8892500000000001, "AUC": 0.95511, "CI_95.0": [0.9493371065408067, 0.9608828934591933]}