{"model": "lstm2_drop_128_05", "dataset": "h112_bayram_1_1", "congress": "112", "chamber": "House", "bayram_1_1": "style", "split": "train", "n": 4000, "TP": 1915, "FP": 29, "TN": 1971, "FN": 85, "precision": 0.9850823045267489, "recall": 0.9575, "accuracy": 0.9715, "f1": 0.9710953346855984, "negative_accuracy": 0.9855, "balanced_accuracy": 0.9715, "AUC": 0.9946240000000001, "CI_95.0": [0.9926924674528204, 0.9965555325471798]}