{"model": "cnn2_avg_drop_128_7_l64_s1_d3_30_e300_glove840_trainable", "dataset": "h097_max_balanced_0_1_1", "congress": "097", "chamber": "House", "style": "max_balanced_0_1_1", "split": "train", "n": 23038, "TP": 8275, "FP": 1821, "TN": 9698, "FN": 3244, "precision": 0.8196315372424723, "recall": 0.7183783314523831, "accuracy": 0.7801458459935758, "f1": 0.7656719870460328, "negative_accuracy": 0.8419133605347686, "balanced_accuracy": 0.7801458459935758, "AUC": 0.8703376842350494, "CI_95.0": [0.8658891344253428, 0.8747862340447561]}