{"model": "cnn2_avg_drop_128_7_l64_s1_d3_30_e300_glove840_trainable", "dataset": "h106_max_balanced_0_1_1", "congress": "106", "chamber": "House", "style": "max_balanced_0_1_1", "split": "train", "n": 27700, "TP": 12181, "FP": 1942, "TN": 11908, "FN": 1669, "precision": 0.862493804432486, "recall": 0.8794945848375452, "accuracy": 0.8696389891696751, "f1": 0.8709112358345548, "negative_accuracy": 0.8597833935018051, "balanced_accuracy": 0.8696389891696752, "AUC": 0.9482015509129533, "CI_95.0": [0.9458900005296795, 0.9505131012962271]}