{"model": "cnn2_avg_drop_128_7_l64_s1_d3_30_e300_glove840_trainable", "dataset": "h103_max_balanced_0_1_1", "congress": "103", "chamber": "House", "style": "max_balanced_0_1_1", "split": "train", "n": 28186, "TP": 13259, "FP": 1395, "TN": 12698, "FN": 834, "precision": 0.9048041490378054, "recall": 0.9408216845242319, "accuracy": 0.9209181863336409, "f1": 0.9224614742407903, "negative_accuracy": 0.9010146881430497, "balanced_accuracy": 0.9209181863336409, "AUC": 0.9798849493216317, "CI_95.0": [0.9786284738403507, 0.9811414248029128]}