{"model": "cnn2_avg_drop_128_7_l64_s1_d3_30_e300_glove840_trainable", "dataset": "h109_max_balanced_0_1_1", "congress": "109", "chamber": "House", "style": "max_balanced_0_1_1", "split": "train", "n": 25802, "TP": 11437, "FP": 1167, "TN": 11734, "FN": 1464, "precision": 0.9074103459219296, "recall": 0.8865204247732734, "accuracy": 0.8980311603751647, "f1": 0.8968437561262498, "negative_accuracy": 0.909541895977056, "balanced_accuracy": 0.8980311603751647, "AUC": 0.9664849842012058, "CI_95.0": [0.9646405321841681, 0.9683294362182434]}