{"model": "cnn2_avg_drop_128_7_l64_s1_d3_30_e300_glove840_trainable", "dataset": "h112_max_balanced_0_1_1", "congress": "112", "chamber": "House", "style": "max_balanced_0_1_1", "split": "train", "n": 26090, "TP": 11877, "FP": 930, "TN": 12115, "FN": 1168, "precision": 0.9273834621691263, "recall": 0.9104637792257569, "accuracy": 0.9195860482943656, "f1": 0.9188457372737119, "negative_accuracy": 0.9287083173629743, "balanced_accuracy": 0.9195860482943656, "AUC": 0.979102731485977, "CI_95.0": [0.9777855165336771, 0.980419946438277]}