{"model": "cnn2_avg_drop_128_7_l64_s1_d3_30_e300_glove840_trainable", "dataset": "h114_max_balanced_0_1_1", "congress": "114", "chamber": "House", "style": "max_balanced_0_1_1", "split": "train", "n": 18990, "TP": 8773, "FP": 439, "TN": 9056, "FN": 722, "precision": 0.9523447676943118, "recall": 0.9239599789362822, "accuracy": 0.9388625592417061, "f1": 0.9379376703907628, "negative_accuracy": 0.95376513954713, "balanced_accuracy": 0.9388625592417061, "AUC": 0.9886588795244635, "CI_95.0": [0.9876662341652327, 0.9896515248836943]}