{"model": "cnn2_avg_drop_128_7_l64_s1_d3_30_e300_glove840_trainable", "dataset": "h100_max_balanced_0_1_1", "congress": "100", "chamber": "House", "style": "max_balanced_0_1_1", "split": "train", "n": 26218, "TP": 10415, "FP": 1281, "TN": 11828, "FN": 2694, "precision": 0.8904753761969905, "recall": 0.7944923335113281, "accuracy": 0.8483866046227783, "f1": 0.8397500503930659, "negative_accuracy": 0.9022808757342284, "balanced_accuracy": 0.8483866046227783, "AUC": 0.9310604890203916, "CI_95.0": [0.9281762052216678, 0.9339447728191155]}