{"model": "cnn", "dataset": "h114_bayram_1_1", "congress": "114", "chamber": "House", "bayram_1_1": "style", "split": "train", "n": 4000, "TP": 1434, "FP": 713, "TN": 1287, "FN": 566, "precision": 0.6679087098276665, "recall": 0.717, "accuracy": 0.68025, "f1": 0.6915842777911743, "negative_accuracy": 0.6435, "balanced_accuracy": 0.68025, "AUC": 0.7407901250000001, "CI_95.0": [0.7255799676306206, 0.7560002823693796]}