{"model": "cnn", "dataset": "h100_bayram", "congress": "100", "chamber": "House", "bayram": "style", "split": "train", "n": 4000, "TP": 1774, "FP": 1186, "TN": 814, "FN": 226, "precision": 0.5993243243243244, "recall": 0.887, "accuracy": 0.647, "f1": 0.7153225806451613, "negative_accuracy": 0.407, "balanced_accuracy": 0.647, "AUC": 0.7653072500000001, "CI_95.0": [0.7507207772410504, 0.7798937227589499]}