{"model": "cnn", "dataset": "h103_bayram", "congress": "103", "chamber": "House", "bayram": "style", "split": "train", "n": 4000, "TP": 1447, "FP": 849, "TN": 1151, "FN": 553, "precision": 0.6302264808362369, "recall": 0.7235, "accuracy": 0.6495, "f1": 0.6736499068901303, "negative_accuracy": 0.5755, "balanced_accuracy": 0.6495, "AUC": 0.7167612500000001, "CI_95.0": [0.7011275939400896, 0.7323949060599106]}