{"model": "cnn", "dataset": "h097_bayram", "congress": "097", "chamber": "House", "bayram": "style", "split": "train", "n": 4000, "TP": 1563, "FP": 393, "TN": 1607, "FN": 437, "precision": 0.799079754601227, "recall": 0.7815, "accuracy": 0.7925, "f1": 0.7901921132457027, "negative_accuracy": 0.8035, "balanced_accuracy": 0.7925, "AUC": 0.868672, "CI_95.0": [0.8578311146017241, 0.8795128853982759]}