{"model": "nn1000hd_glc", "dataset": "h097_3gram_max_balanced_0_10_50", "congress": "097", "chamber": "House", "style": "3gram_max_balanced_0_10_50", "split": "train", "n": 23038, "TP": 10158, "FP": 1253, "TN": 10266, "FN": 1361, "precision": 0.8901936727718868, "recall": 0.8818473825852938, "accuracy": 0.8865352895216598, "f1": 0.8860008722197994, "negative_accuracy": 0.8912231964580258, "balanced_accuracy": 0.8865352895216598, "AUC": 0.9519770424856062, "CI_95.0": [0.9494186059470497, 0.9545354790241627]}