{"model": "cnn2_256_7_nd_e64", "dataset": "h097_bayram_1_1", "congress": "097", "chamber": "House", "style": "bayram_1_1", "split": "train", "n": 4000, "TP": 678, "FP": 340, "TN": 1660, "FN": 1322, "precision": 0.6660117878192534, "recall": 0.339, "accuracy": 0.5845, "f1": 0.44930417495029823, "negative_accuracy": 0.83, "balanced_accuracy": 0.5845, "AUC": 0.6293976250000001, "CI_95.0": [0.612234769132255, 0.6465604808677451]}