{"model": "models.knn", "dataset": "h112", "split": "train", "n": 4000, "TP": 1689, "FP": 276, "TN": 1724, "FN": 311, "precision": 0.8595419847328244, "recall": 0.8445, "accuracy": 0.85325, "f1": 0.8519546027742749, "negative_accuracy": 0.862, "balanced_accuracy": 0.8532500000000001, "AUC": 0.85325, "CI_95.0": [0.8422846857095128, 0.8642153142904871]}