{"model": "models.knn", "dataset": "h100", "split": "train", "n": 4000, "TP": 1013, "FP": 326, "TN": 1674, "FN": 987, "precision": 0.7565347274085138, "recall": 0.5065, "accuracy": 0.67175, "f1": 0.6067684935609464, "negative_accuracy": 0.837, "balanced_accuracy": 0.67175, "AUC": 0.67175, "CI_95.0": [0.658125394540574, 0.685374605459426]}