{"model": "models.knn", "dataset": "h114", "split": "train", "n": 4000, "TP": 1455, "FP": 393, "TN": 1607, "FN": 545, "precision": 0.7873376623376623, "recall": 0.7275, "accuracy": 0.7655, "f1": 0.7562370062370062, "negative_accuracy": 0.8035, "balanced_accuracy": 0.7655000000000001, "AUC": 0.7655, "CI_95.0": [0.7524197244560977, 0.7785802755439022]}