{"model": "boost_fullgrid_6-6", "dataset": "h100_bayram", "congress": "100", "chamber": "House", "style": "bayram", "split": "train", "n": 4000, "TP": 1890, "FP": 139, "TN": 1861, "FN": 110, "precision": 0.9314933464760966, "recall": 0.945, "accuracy": 0.93775, "f1": 0.9381980640357408, "negative_accuracy": 0.9305, "balanced_accuracy": 0.93775, "AUC": 0.93775, "CI_95.0": [0.9302640952546253, 0.9452359047453747]}