{"model": "boost_fullgrid_6-6", "dataset": "h097_bayram_3_7", "congress": "097", "chamber": "House", "style": "bayram_3_7", "split": "train", "n": 4000, "TP": 1790, "FP": 267, "TN": 1733, "FN": 210, "precision": 0.8701993193971803, "recall": 0.895, "accuracy": 0.88075, "f1": 0.8824254375154055, "negative_accuracy": 0.8665, "balanced_accuracy": 0.88075, "AUC": 0.88075, "CI_95.0": [0.870713969326615, 0.890786030673385]}