{"model": "boost_fullgrid_6-6", "dataset": "h100_bayram_3_7", "congress": "100", "chamber": "House", "style": "bayram_3_7", "split": "train", "n": 4000, "TP": 1792, "FP": 212, "TN": 1788, "FN": 208, "precision": 0.8942115768463074, "recall": 0.896, "accuracy": 0.895, "f1": 0.8951048951048951, "negative_accuracy": 0.894, "balanced_accuracy": 0.895, "AUC": 0.8950000000000001, "CI_95.0": [0.8854976602863299, 0.9045023397136703]}