{"model": "boost_fullgrid_6-6", "dataset": "h103_bayram", "congress": "103", "chamber": "House", "style": "bayram", "split": "train", "n": 4000, "TP": 1588, "FP": 453, "TN": 1547, "FN": 412, "precision": 0.7780499755022048, "recall": 0.794, "accuracy": 0.78375, "f1": 0.7859440732491958, "negative_accuracy": 0.7735, "balanced_accuracy": 0.78375, "AUC": 0.7837500000000001, "CI_95.0": [0.7709926966612984, 0.7965073033387017]}