{"model": "boost_fullgrid_6-6", "dataset": "h106_bayram", "congress": "106", "chamber": "House", "style": "bayram", "split": "train", "n": 4000, "TP": 1550, "FP": 381, "TN": 1619, "FN": 450, "precision": 0.8026929052304506, "recall": 0.775, "accuracy": 0.79225, "f1": 0.7886034088018317, "negative_accuracy": 0.8095, "balanced_accuracy": 0.79225, "AUC": 0.79225, "CI_95.0": [0.779685783826949, 0.804814216173051]}