{"model": "boost_fullgrid_6-6", "dataset": "h097_bayram", "congress": "097", "chamber": "House", "style": "bayram", "split": "train", "n": 4000, "TP": 1287, "FP": 658, "TN": 1342, "FN": 713, "precision": 0.6616966580976864, "recall": 0.6435, "accuracy": 0.65725, "f1": 0.6524714828897338, "negative_accuracy": 0.671, "balanced_accuracy": 0.65725, "AUC": 0.65725, "CI_95.0": [0.6425438698427003, 0.6719561301572997]}