{"model": "boost_fullgrid_6-6", "dataset": "h103_bayram_3_7", "congress": "103", "chamber": "House", "style": "bayram_3_7", "split": "train", "n": 4000, "TP": 1611, "FP": 436, "TN": 1564, "FN": 389, "precision": 0.7870053737176356, "recall": 0.8055, "accuracy": 0.79375, "f1": 0.7961452928094885, "negative_accuracy": 0.782, "balanced_accuracy": 0.79375, "AUC": 0.7937500000000001, "CI_95.0": [0.7812133258009252, 0.806286674199075]}