{"model": "cnn2_avg_drop_128_7_l128_s1_d3_10_e300_glove_part", "dataset": "h112_max_balanced_0_1_1", "congress": "112", "chamber": "House", "style": "max_balanced_0_1_1", "split": "train", "n": 26090, "TP": 12384, "FP": 594, "TN": 12451, "FN": 661, "precision": 0.9542302357836339, "recall": 0.9493292449214258, "accuracy": 0.9518972786508241, "f1": 0.9517734311954809, "negative_accuracy": 0.9544653123802223, "balanced_accuracy": 0.951897278650824, "AUC": 0.9925232922391327, "CI_95.0": [0.9918785971687007, 0.9931679873095647]}