{"model": "cnn2_avg_drop_128_7_l128_s1_d3_10_e300_glove_part", "dataset": "h114_max_balanced_0_1_1", "congress": "114", "chamber": "House", "style": "max_balanced_0_1_1", "split": "train", "n": 18990, "TP": 8808, "FP": 280, "TN": 9215, "FN": 687, "precision": 0.9691901408450704, "recall": 0.9276461295418641, "accuracy": 0.9490784623486045, "f1": 0.9479631921648819, "negative_accuracy": 0.9705107951553449, "balanced_accuracy": 0.9490784623486045, "AUC": 0.9913869360027352, "CI_95.0": [0.9905299120004623, 0.9922439600050081]}