{"model": "cnn2_avg_drop_128_7_l128_s1_d3_10_e300_glove_part", "dataset": "h103_max_balanced_0_1_1", "congress": "103", "chamber": "House", "style": "max_balanced_0_1_1", "split": "train", "n": 28186, "TP": 12756, "FP": 2187, "TN": 11906, "FN": 1337, "precision": 0.8536438466171451, "recall": 0.9051302064854893, "accuracy": 0.8749733910451998, "f1": 0.8786334205813473, "negative_accuracy": 0.8448165756049102, "balanced_accuracy": 0.8749733910451998, "AUC": 0.9512293524668713, "CI_95.0": [0.9489491307314039, 0.9535095742023388]}