{"model": "cnn2_avg_drop_128_7_l128_s1_d3_10_e300_glove_part", "dataset": "h106_max_balanced_0_1_1", "congress": "106", "chamber": "House", "style": "max_balanced_0_1_1", "split": "train", "n": 27700, "TP": 12398, "FP": 1056, "TN": 12794, "FN": 1452, "precision": 0.9215103314999257, "recall": 0.8951624548736462, "accuracy": 0.9094584837545127, "f1": 0.9081453266920598, "negative_accuracy": 0.9237545126353791, "balanced_accuracy": 0.9094584837545127, "AUC": 0.974000724628237, "CI_95.0": [0.9725236074094246, 0.9754778418470493]}