{"model": "cnn2_avg_drop_128_7_l128_s1_d3_10_e300_glove_part", "dataset": "h106_max_balanced_0_1_1", "congress": "106", "chamber": "House", "style": "max_balanced_0_1_1", "split": "train", "n": 27700, "TP": 12554, "FP": 1848, "TN": 12002, "FN": 1296, "precision": 0.8716844882655187, "recall": 0.9064259927797834, "accuracy": 0.8864981949458484, "f1": 0.8887158431261504, "negative_accuracy": 0.8665703971119133, "balanced_accuracy": 0.8864981949458484, "AUC": 0.9610315187217349, "CI_95.0": [0.959099928063926, 0.9629631093795438]}