{"model": "cnn2_avg_drop_128_7_l128_s1_d3_10_e300_glove_part", "dataset": "h100_max_balanced_0_1_1", "congress": "100", "chamber": "House", "style": "max_balanced_0_1_1", "split": "train", "n": 26218, "TP": 9778, "FP": 2465, "TN": 10644, "FN": 3331, "precision": 0.7986604590378176, "recall": 0.745899763521245, "accuracy": 0.7789305057594019, "f1": 0.7713789839065953, "negative_accuracy": 0.811961247997559, "balanced_accuracy": 0.778930505759402, "AUC": 0.8642380348936035, "CI_95.0": [0.8599496089047837, 0.8685264608824234]}