{"model": "cnn2_avg_drop_128_7_l128_s1_d3_10_e300_glove_part", "dataset": "h109_max_balanced_0_1_1", "congress": "109", "chamber": "House", "style": "max_balanced_0_1_1", "split": "train", "n": 25802, "TP": 11364, "FP": 736, "TN": 12165, "FN": 1537, "precision": 0.9391735537190082, "recall": 0.8808619486861483, "accuracy": 0.9119060537942795, "f1": 0.9090836366545337, "negative_accuracy": 0.9429501589024106, "balanced_accuracy": 0.9119060537942795, "AUC": 0.9750910562806134, "CI_95.0": [0.9735692523881504, 0.9766128601730765]}