{"model": "cnn2_avg_drop_128_7_l128_s1_d3_10_e300_glove_part", "dataset": "h097_max_balanced_0_1_1", "congress": "097", "chamber": "House", "style": "max_balanced_0_1_1", "split": "train", "n": 23038, "TP": 9769, "FP": 823, "TN": 10696, "FN": 1750, "precision": 0.9222998489425982, "recall": 0.8480770900251758, "accuracy": 0.8883149578956506, "f1": 0.8836325810682467, "negative_accuracy": 0.9285528257661255, "balanced_accuracy": 0.8883149578956506, "AUC": 0.961111642728353, "CI_95.0": [0.9589599525556874, 0.9632633329010186]}