{"model": "cnn2_avg_drop_128_7_l128_s1_d3_10_e300_glove_part", "dataset": "h112_max_balanced_0_1_1", "congress": "112", "chamber": "House", "style": "max_balanced_0_1_1", "split": "train", "n": 26090, "TP": 12240, "FP": 970, "TN": 12075, "FN": 805, "precision": 0.9265707797123391, "recall": 0.9382905327711767, "accuracy": 0.9319662706017632, "f1": 0.9323938297467149, "negative_accuracy": 0.9256420084323496, "balanced_accuracy": 0.9319662706017631, "AUC": 0.984751439021778, "CI_95.0": [0.9836785391760748, 0.9858243388674811]}