{"model": "cnn2_avg_drop_128_7_l128_s1_d3_10_e300_glove_part", "dataset": "h097_max_balanced_0_1_1", "congress": "097", "chamber": "House", "style": "max_balanced_0_1_1", "split": "train", "n": 23038, "TP": 8361, "FP": 1399, "TN": 10120, "FN": 3158, "precision": 0.8566598360655737, "recall": 0.7258442573140029, "accuracy": 0.8021963712127789, "f1": 0.7858451994924573, "negative_accuracy": 0.8785484851115548, "balanced_accuracy": 0.8021963712127789, "AUC": 0.8980236143214877, "CI_95.0": [0.8941586063279079, 0.9018886223150675]}