{"model": "cnn2_avg_drop_128_7_l128_s1_d3_10_e300_glove_part", "dataset": "h114_max_balanced_0_1_1", "congress": "114", "chamber": "House", "style": "max_balanced_0_1_1", "split": "train", "n": 18990, "TP": 8042, "FP": 679, "TN": 8816, "FN": 1453, "precision": 0.9221419561976838, "recall": 0.8469720905739863, "accuracy": 0.8877303844128489, "f1": 0.8829600351339482, "negative_accuracy": 0.9284886782517114, "balanced_accuracy": 0.8877303844128488, "AUC": 0.9642239409284175, "CI_95.0": [0.9620365766608007, 0.9664113051960342]}