{"model": "cnn2_avg_drop_128_7_l128_s1_d3_10_e300_glove_part", "dataset": "h103_max_balanced_0_1_1", "congress": "103", "chamber": "House", "style": "max_balanced_0_1_1", "split": "train", "n": 28186, "TP": 12974, "FP": 1817, "TN": 12276, "FN": 1119, "precision": 0.877155026705429, "recall": 0.9205988788760378, "accuracy": 0.8958348116086, "f1": 0.8983520288048746, "negative_accuracy": 0.8710707443411623, "balanced_accuracy": 0.8958348116086, "AUC": 0.9648973615975485, "CI_95.0": [0.9630690199628767, 0.9667257032322202]}