{"model": "cnn2_avg_drop_128_7_l128_s1_d3_10_e300_glove_part", "dataset": "h100_max_balanced_0_1_1", "congress": "100", "chamber": "House", "style": "max_balanced_0_1_1", "split": "train", "n": 26218, "TP": 12278, "FP": 1092, "TN": 12017, "FN": 831, "precision": 0.9183246073298429, "recall": 0.9366084369517126, "accuracy": 0.9266534441986422, "f1": 0.9273764114959024, "negative_accuracy": 0.9166984514455717, "balanced_accuracy": 0.9266534441986422, "AUC": 0.9820705682203695, "CI_95.0": [0.9808464956932346, 0.9832946407475045]}