{"model": "cnn2_avg_drop_128_7_l128_s1_d3_10_e300_glove_part", "dataset": "h109_max_balanced_0_1_1", "congress": "109", "chamber": "House", "style": "max_balanced_0_1_1", "split": "train", "n": 25802, "TP": 12098, "FP": 420, "TN": 12481, "FN": 803, "precision": 0.9664483144272248, "recall": 0.9377567630416247, "accuracy": 0.9526005735989458, "f1": 0.9518863842007946, "negative_accuracy": 0.967444384156267, "balanced_accuracy": 0.9526005735989458, "AUC": 0.9926410514285926, "CI_95.0": [0.9919453133466254, 0.9933367895105598]}