{"model": "transformer_e64_2_d3_10_l32", "dataset": "h112_max_balanced_0_1_1", "congress": "112", "chamber": "House", "style": "max_balanced_0_1_1", "split": "train", "n": 26090, "TP": 12010, "FP": 1456, "TN": 11589, "FN": 1035, "precision": 0.8918758354373979, "recall": 0.9206592564200843, "accuracy": 0.9045228056726715, "f1": 0.9060390026781336, "negative_accuracy": 0.8883863549252587, "balanced_accuracy": 0.9045228056726715, "AUC": 0.9718221105966154, "CI_95.0": [0.9701823149421601, 0.9734619062510707]}