{"model": "transformer_e64_2_d3_10_l32", "dataset": "h100_max_balanced_0_1_1", "congress": "100", "chamber": "House", "style": "max_balanced_0_1_1", "split": "train", "n": 26218, "TP": 9713, "FP": 858, "TN": 12251, "FN": 3396, "precision": 0.918834547346514, "recall": 0.7409413380120528, "accuracy": 0.8377450606453581, "f1": 0.8203547297297297, "negative_accuracy": 0.9345487832786635, "balanced_accuracy": 0.8377450606453581, "AUC": 0.9370980675411126, "CI_95.0": [0.9344164261854794, 0.9397797088967458]}