{"model": "transformer_e64_2_d3_10_l32", "dataset": "h114_max_balanced_0_1_1", "congress": "114", "chamber": "House", "style": "max_balanced_0_1_1", "split": "train", "n": 18990, "TP": 7857, "FP": 926, "TN": 8569, "FN": 1638, "precision": 0.8945690538540362, "recall": 0.8274881516587678, "accuracy": 0.8649815692469721, "f1": 0.859722070248386, "negative_accuracy": 0.9024749868351765, "balanced_accuracy": 0.8649815692469721, "AUC": 0.947357482292307, "CI_95.0": [0.944527246045429, 0.9501877185391849]}