{"model": "transformer_e64_2_d3_10_l32", "dataset": "h109_max_balanced_0_1_1", "congress": "109", "chamber": "House", "style": "max_balanced_0_1_1", "split": "train", "n": 25802, "TP": 11187, "FP": 672, "TN": 12229, "FN": 1714, "precision": 0.9433341765747534, "recall": 0.8671420820091466, "accuracy": 0.9075265483295869, "f1": 0.9036348949919224, "negative_accuracy": 0.9479110146500271, "balanced_accuracy": 0.9075265483295869, "AUC": 0.9722429881537327, "CI_95.0": [0.9705554719346172, 0.9739305043728481]}