{"model": "transformer_e64_2_d3_10_l32", "dataset": "h103_max_balanced_0_1_1", "congress": "103", "chamber": "House", "style": "max_balanced_0_1_1", "split": "train", "n": 28186, "TP": 12307, "FP": 1372, "TN": 12721, "FN": 1786, "precision": 0.8997002704876087, "recall": 0.8732704179379834, "accuracy": 0.8879585609877244, "f1": 0.8862883479763791, "negative_accuracy": 0.9026467040374654, "balanced_accuracy": 0.8879585609877244, "AUC": 0.9629449028697059, "CI_95.0": [0.9610616374074221, 0.9648281683319897]}