{"model": "transformer_e64_2_d3_10_l32", "dataset": "h097_max_balanced_0_1_1", "congress": "097", "chamber": "House", "style": "max_balanced_0_1_1", "split": "train", "n": 23038, "TP": 8893, "FP": 2405, "TN": 9114, "FN": 2626, "precision": 0.7871304655691272, "recall": 0.7720288219463495, "accuracy": 0.7816216685476169, "f1": 0.779506508305211, "negative_accuracy": 0.7912145151488844, "balanced_accuracy": 0.7816216685476169, "AUC": 0.8762040606113193, "CI_95.0": [0.871920396742107, 0.8804877244805316]}