{"model": "transformer_e64_2_d3_10_l32", "dataset": "h106_max_balanced_0_1_1", "congress": "106", "chamber": "House", "style": "max_balanced_0_1_1", "split": "train", "n": 27700, "TP": 12201, "FP": 2151, "TN": 11699, "FN": 1649, "precision": 0.8501254180602007, "recall": 0.8809386281588447, "accuracy": 0.8628158844765343, "f1": 0.8652577831359478, "negative_accuracy": 0.8446931407942239, "balanced_accuracy": 0.8628158844765343, "AUC": 0.9463722191088115, "CI_95.0": [0.9440068358445637, 0.9487376023730594]}