{"model": "transformer_e100_2_d3_10_l128", "dataset": "h112_max_balanced_0_1_1", "congress": "112", "chamber": "House", "style": "max_balanced_0_1_1", "split": "train", "n": 26090, "TP": 10968, "FP": 1519, "TN": 11526, "FN": 2077, "precision": 0.8783534876271322, "recall": 0.8407819087773093, "accuracy": 0.862169413568417, "f1": 0.8591571361428796, "negative_accuracy": 0.8835569183595248, "balanced_accuracy": 0.862169413568417, "AUC": 0.9426277174523838, "CI_95.0": [0.9400620578226195, 0.9451933770821481]}