{"model": "transformer_e100_2_d3_10_l128", "dataset": "h114_max_balanced_0_1_1", "congress": "114", "chamber": "House", "style": "max_balanced_0_1_1", "split": "train", "n": 18990, "TP": 8723, "FP": 1108, "TN": 8387, "FN": 772, "precision": 0.8872952904078933, "recall": 0.9186940494997367, "accuracy": 0.9010005265929436, "f1": 0.9027217220324951, "negative_accuracy": 0.8833070036861506, "balanced_accuracy": 0.9010005265929436, "AUC": 0.9713083047783526, "CI_95.0": [0.9693718381491911, 0.9732447714075141]}