{"model": "transformer_e100_2_d3_10_l128", "dataset": "h097_max_balanced_0_1_1", "congress": "097", "chamber": "House", "style": "max_balanced_0_1_1", "split": "train", "n": 23038, "TP": 8429, "FP": 1412, "TN": 10107, "FN": 3090, "precision": 0.8565186464790163, "recall": 0.7317475475301676, "accuracy": 0.8045837312266689, "f1": 0.7892322097378277, "negative_accuracy": 0.8774199149231704, "balanced_accuracy": 0.804583731226669, "AUC": 0.8966530504740389, "CI_95.0": [0.8927440462965501, 0.9005620546515276]}