{"model": "transformer_e100_2_d3_10_l128", "dataset": "h106_max_balanced_0_1_1", "congress": "106", "chamber": "House", "style": "max_balanced_0_1_1", "split": "train", "n": 27700, "TP": 13219, "FP": 1395, "TN": 12455, "FN": 631, "precision": 0.904543588339948, "recall": 0.9544404332129964, "accuracy": 0.9268592057761733, "f1": 0.9288223721191682, "negative_accuracy": 0.8992779783393502, "balanced_accuracy": 0.9268592057761733, "AUC": 0.9834886131710303, "CI_95.0": [0.9823775688530836, 0.984599657488977]}