{"model": "transformer_e100_2_d3_10_l128", "dataset": "h100_max_balanced_0_1_1", "congress": "100", "chamber": "House", "style": "max_balanced_0_1_1", "split": "train", "n": 26218, "TP": 10462, "FP": 997, "TN": 12112, "FN": 2647, "precision": 0.9129941530674579, "recall": 0.7980776565718208, "accuracy": 0.8610115188038752, "f1": 0.8516769781830021, "negative_accuracy": 0.9239453810359295, "balanced_accuracy": 0.8610115188038752, "AUC": 0.9464466360994711, "CI_95.0": [0.9439939410906443, 0.9488993311082979]}