{"model": "transformer_e100_2_d3_10_l128", "dataset": "h109_max_balanced_0_1_1", "congress": "109", "chamber": "House", "style": "max_balanced_0_1_1", "split": "train", "n": 25802, "TP": 11354, "FP": 1709, "TN": 11192, "FN": 1547, "precision": 0.8691724718671056, "recall": 0.8800868149755833, "accuracy": 0.8738082319200062, "f1": 0.874595593899245, "negative_accuracy": 0.8675296488644291, "balanced_accuracy": 0.8738082319200062, "AUC": 0.951621448320485, "CI_95.0": [0.9492838254406596, 0.9539590712003104]}