{"model": "transformer_e100_2_d3_10_l128", "dataset": "h103_max_balanced_0_1_1", "congress": "103", "chamber": "House", "style": "max_balanced_0_1_1", "split": "train", "n": 28186, "TP": 12781, "FP": 565, "TN": 13528, "FN": 1312, "precision": 0.9576652180428593, "recall": 0.9069041368055063, "accuracy": 0.9334066557865607, "f1": 0.9315937169721928, "negative_accuracy": 0.9599091747676152, "balanced_accuracy": 0.9334066557865608, "AUC": 0.9865047442169708, "CI_95.0": [0.9855142259809285, 0.987495262453013]}