{"model": "cnn2_128_7_e128_s1_d95", "dataset": "h112_bayram_1_1", "congress": "112", "chamber": "House", "style": "bayram_1_1", "split": "train", "n": 4000, "TP": 1995, "FP": 38, "TN": 1962, "FN": 5, "precision": 0.9813084112149533, "recall": 0.9975, "accuracy": 0.98925, "f1": 0.989337961815026, "negative_accuracy": 0.981, "balanced_accuracy": 0.98925, "AUC": 0.9991030000000002, "CI_95.0": [0.9983056245445935, 0.9999003754554069]}