{"model": "cnn2_128_7_e128_s1_d95", "dataset": "h114_bayram_1_1", "congress": "114", "chamber": "House", "style": "bayram_1_1", "split": "train", "n": 4000, "TP": 1965, "FP": 50, "TN": 1950, "FN": 35, "precision": 0.9751861042183623, "recall": 0.9825, "accuracy": 0.97875, "f1": 0.978829389788294, "negative_accuracy": 0.975, "balanced_accuracy": 0.97875, "AUC": 0.9976379999999999, "CI_95.0": [0.9965410922500233, 0.9987349077499765]}