{"model": "lstm_drop_glove_32_50", "dataset": "h103_bayram_1_1", "congress": "103", "chamber": "House", "style": "bayram_1_1", "split": "train", "n": 4000, "TP": 800, "FP": 449, "TN": 1551, "FN": 1200, "precision": 0.6405124099279423, "recall": 0.4, "accuracy": 0.58775, "f1": 0.49245921822099104, "negative_accuracy": 0.7755, "balanced_accuracy": 0.58775, "AUC": 0.645326, "CI_95.0": [0.6283591886024846, 0.6622928113975153]}