{"model": "lstm_drop_glove_32_50", "dataset": "h112_bayram_1_1", "congress": "112", "chamber": "House", "style": "bayram_1_1", "split": "train", "n": 4000, "TP": 1360, "FP": 886, "TN": 1114, "FN": 640, "precision": 0.6055209260908282, "recall": 0.68, "accuracy": 0.6185, "f1": 0.6406029203956666, "negative_accuracy": 0.557, "balanced_accuracy": 0.6185, "AUC": 0.6942446250000002, "CI_95.0": [0.6781394038214887, 0.7103498461785116]}