{"model": "lstm_drop_glove_32_50", "dataset": "h100_bayram_1_1", "congress": "100", "chamber": "House", "style": "bayram_1_1", "split": "train", "n": 4000, "TP": 1455, "FP": 1337, "TN": 663, "FN": 545, "precision": 0.5211318051575932, "recall": 0.7275, "accuracy": 0.5295, "f1": 0.6072621035058431, "negative_accuracy": 0.3315, "balanced_accuracy": 0.5295000000000001, "AUC": 0.5523985000000001, "CI_95.0": [0.5346258149674857, 0.5701711850325145]}