{"model": "lstm_drop_glove_32_50", "dataset": "h106_bayram_1_1", "congress": "106", "chamber": "House", "style": "bayram_1_1", "split": "train", "n": 4000, "TP": 1276, "FP": 1056, "TN": 944, "FN": 724, "precision": 0.5471698113207547, "recall": 0.638, "accuracy": 0.555, "f1": 0.5891043397968606, "negative_accuracy": 0.472, "balanced_accuracy": 0.5549999999999999, "AUC": 0.5744946250000001, "CI_95.0": [0.5568379360866067, 0.5921513139133936]}