{"model": "lstm_drop_glove_32_50", "dataset": "h114_bayram_1_1", "congress": "114", "chamber": "House", "style": "bayram_1_1", "split": "train", "n": 4000, "TP": 1350, "FP": 1152, "TN": 848, "FN": 650, "precision": 0.539568345323741, "recall": 0.675, "accuracy": 0.5495, "f1": 0.5997334517992003, "negative_accuracy": 0.424, "balanced_accuracy": 0.5495, "AUC": 0.5652628749999998, "CI_95.0": [0.5475403554939985, 0.5829853945060012]}