{"model": "lstm_drop_glove_32_50", "dataset": "h109_bayram_1_1", "congress": "109", "chamber": "House", "style": "bayram_1_1", "split": "train", "n": 4000, "TP": 1658, "FP": 1527, "TN": 473, "FN": 342, "precision": 0.5205651491365777, "recall": 0.829, "accuracy": 0.53275, "f1": 0.6395371263259402, "negative_accuracy": 0.2365, "balanced_accuracy": 0.53275, "AUC": 0.563135375, "CI_95.0": [0.5454028069200557, 0.5808679430799443]}