{"model": "lstm_drop_glove_32_50", "dataset": "h097_bayram_1_1", "congress": "097", "chamber": "House", "style": "bayram_1_1", "split": "train", "n": 4000, "TP": 1164, "FP": 918, "TN": 1082, "FN": 836, "precision": 0.5590778097982709, "recall": 0.582, "accuracy": 0.5615, "f1": 0.5703086722195002, "negative_accuracy": 0.541, "balanced_accuracy": 0.5615, "AUC": 0.588188125, "CI_95.0": [0.5706421276285799, 0.60573412237142]}