{"model": "cnn_32_5", "dataset": "h097_bayram_1_1", "congress": "097", "chamber": "House", "style": "bayram_1_1", "split": "train", "n": 4000, "TP": 1717, "FP": 1677, "TN": 323, "FN": 283, "precision": 0.5058927519151444, "recall": 0.8585, "accuracy": 0.51, "f1": 0.6366332962550982, "negative_accuracy": 0.1615, "balanced_accuracy": 0.51, "AUC": 0.5194197500000001, "CI_95.0": [0.5015409634367916, 0.5372985365632086]}