{"model": "transformer_e32_2_d3_10", "dataset": "h103_max_balanced_0_1_1", "congress": "103", "chamber": "House", "style": "max_balanced_0_1_1", "split": "train", "n": 28186, "TP": 12463, "FP": 975, "TN": 13118, "FN": 1630, "precision": 0.9274445602024111, "recall": 0.8843397431348896, "accuracy": 0.9075782303271127, "f1": 0.9053793905052486, "negative_accuracy": 0.9308167175193358, "balanced_accuracy": 0.9075782303271127, "AUC": 0.9732554445714079, "CI_95.0": [0.9717152817170406, 0.9747956074257752]}