{"model": "transformer_e32_2_d3_10", "dataset": "h106_max_balanced_0_1_1", "congress": "106", "chamber": "House", "style": "max_balanced_0_1_1", "split": "train", "n": 27700, "TP": 11823, "FP": 571, "TN": 13279, "FN": 2027, "precision": 0.9539293206390189, "recall": 0.8536462093862816, "accuracy": 0.9062093862815884, "f1": 0.9010059442158207, "negative_accuracy": 0.9587725631768953, "balanced_accuracy": 0.9062093862815884, "AUC": 0.9771013202309424, "CI_95.0": [0.9757077856137962, 0.9784948548480886]}