{"model": "transformer_e32_2_d3_10", "dataset": "h109_max_balanced_0_1_1", "congress": "109", "chamber": "House", "style": "max_balanced_0_1_1", "split": "train", "n": 25802, "TP": 10419, "FP": 1288, "TN": 11613, "FN": 2482, "precision": 0.8899803536345776, "recall": 0.807611813037749, "accuracy": 0.8538872955584839, "f1": 0.846797789336801, "negative_accuracy": 0.9001627780792186, "balanced_accuracy": 0.8538872955584837, "AUC": 0.9364400030736177, "CI_95.0": [0.9336792347941476, 0.9392007713530879]}