{"model": "transformer_e32_2_d3_10", "dataset": "h097_max_balanced_0_1_1", "congress": "097", "chamber": "House", "style": "max_balanced_0_1_1", "split": "train", "n": 23038, "TP": 10874, "FP": 1086, "TN": 10433, "FN": 645, "precision": 0.9091973244147157, "recall": 0.9440055560378505, "accuracy": 0.9248632693810227, "f1": 0.9262745432088249, "negative_accuracy": 0.9057209827241948, "balanced_accuracy": 0.9248632693810226, "AUC": 0.9836388636895115, "CI_95.0": [0.9824298483951074, 0.9848478789839156]}