{"model": "transformer_e32_2_d3_10", "dataset": "h100_max_balanced_0_1_1", "congress": "100", "chamber": "House", "style": "max_balanced_0_1_1", "split": "train", "n": 26218, "TP": 10480, "FP": 1701, "TN": 11408, "FN": 2629, "precision": 0.8603562925868156, "recall": 0.7994507590205202, "accuracy": 0.8348462888092151, "f1": 0.8287860814551206, "negative_accuracy": 0.8702418185979098, "balanced_accuracy": 0.834846288809215, "AUC": 0.9204293177093957, "CI_95.0": [0.9172884585128497, 0.9235701769059418]}