{"model": "transformer_e32_2_d3_10", "dataset": "h112_max_balanced_0_1_1", "congress": "112", "chamber": "House", "style": "max_balanced_0_1_1", "split": "train", "n": 26090, "TP": 11772, "FP": 1779, "TN": 11266, "FN": 1273, "precision": 0.8687181757803852, "recall": 0.902414718282867, "accuracy": 0.8830203142966654, "f1": 0.8852459016393442, "negative_accuracy": 0.8636259103104638, "balanced_accuracy": 0.8830203142966654, "AUC": 0.958579234747897, "CI_95.0": [0.9564821050578577, 0.9606763644379362]}