{"model": "transformer_e32_2_d3_10", "dataset": "h114_max_balanced_0_1_1", "congress": "114", "chamber": "House", "style": "max_balanced_0_1_1", "split": "train", "n": 18990, "TP": 8504, "FP": 1338, "TN": 8157, "FN": 991, "precision": 0.8640520219467588, "recall": 0.8956292785676672, "accuracy": 0.8773565034228541, "f1": 0.8795573253348503, "negative_accuracy": 0.859083728278041, "balanced_accuracy": 0.8773565034228541, "AUC": 0.955554285520968, "CI_95.0": [0.9530124803286361, 0.9580960907132999]}